state_ansi	county_ansi	state_alpha	county_name	commodity	value
12	101	FL	PASCO	HAY	16,696
17	099	IL	LA SALLE	HAY	(D)
29	063	MO	DE KALB	HAY	(D)
22	045	LA	IBERIA	HAY	1,899
18	025	IN	CRAWFORD	HAY	18
39	007	OH	ASHTABULA	HAY	12,333
47	091	TN	JOHNSON	HAY	249
40	137	OK	STEPHENS	HAY	24,121
13	163	GA	JEFFERSON	HAY	146
48	487	TX	WILBARGER	HAY	3,131
40	025	OK	CIMARRON	HAY	15,258
16	077	ID	POWER	SOD	(D)
37	013	NC	BEAUFORT	HAY	249
21	059	KY	DAVIESS	HAY	6
19	073	IA	GREENE	HAY	4,228
20	183	KS	SMITH	HAY	4,837
55	133	WI	WAUKESHA	HAY	5,838
21	067	KY	FAYETTE	HAY	15,981
20	159	KS	RICE	HAY	17,911
31	151	NE	SALINE	HAY	3,802
01	029	AL	CLEBURNE	HAY	(D)
01	095	AL	MARSHALL	HAY	125
20	105	KS	LINCOLN	HAY	7,700
48	067	TX	CASS	HAY	(D)
22	005	LA	ASCENSION	HAY	2,194
55	081	WI	MONROE	HAY	9
48	233	TX	HUTCHINSON	HAY	4,223
18	157	IN	TIPPECANOE	HAY	(D)
41	019	OR	DOUGLAS	HAY	289
38	075	ND	RENVILLE	HAY	5,570
17	061	IL	GREENE	HAY	3,059
48	381	TX	RANDALL	HAY	7,864
35	043	NM	SANDOVAL	HAY	(D)
08	051	CO	GUNNISON	HAY	32,264
19	131	IA	MITCHELL	HAY	3,757
48	277	TX	LAMAR	HAY	1,233
20	197	KS	WABAUNSEE	HAY	(D)
06	089	CA	SHASTA	HAY	9,497
01	033	AL	COLBERT	HAY	90
20	021	KS	CHEROKEE	HAY	926
56	029	WY	PARK	HAY	(D)
55	055	WI	JEFFERSON	HAY	1,507
08	001	CO	ADAMS	HAY	5,773
20	009	KS	BARTON	HAY	39,343
20	119	KS	MEADE	HAY	6,450
47	023	TN	CHESTER	HAY	5,746
17	167	IL	SANGAMON	HAY	(D)
40	153	OK	WOODWARD	HAY	1,467
21	109	KY	JACKSON	HAY	22
47	175	TN	VAN BUREN	HAY	6,553
20	153	KS	RAWLINS	HAY	1,750
39	097	OH	MADISON	HAY	82
05	097	AR	MONTGOMERY	HAY	50
47	097	TN	LAUDERDALE	HAY	(D)
13	157	GA	JACKSON	HAY	814
20	001	KS	ALLEN	HAY	1,107
18	127	IN	PORTER	HAY	660
35	033	NM	MORA	GRASSES & LEGUMES TOTALS	(D)
01	051	AL	ELMORE	HAY	4,581
20	185	KS	STAFFORD	HAY	5,254
53	025	WA	GRANT	HAY	115,997
38	059	ND	MORTON	HAY	2,114
46	067	SD	HUTCHINSON	HAY	5,432
47	181	TN	WAYNE	HAY	(D)
39	001	OH	ADAMS	HAY	(D)
49	011	UT	DAVIS	HAY	1,728
06	073	CA	SAN DIEGO	HAY	1,123
53	037	WA	KITTITAS	HAY	23,969
47	147	TN	ROBERTSON	HAY	(D)
01	125	AL	TUSCALOOSA	HAY	5,465
41	057	OR	TILLAMOOK	HAY	1,282
38	105	ND	WILLIAMS	HAY	12,632
19	151	IA	POCAHONTAS	HAY	1,411
48	147	TX	FANNIN	HAY	1,031
05	039	AR	DALLAS	HAY	2,171
40	011	OK	BLAINE	HAY	137
26	139	MI	OTTAWA	HAY	(D)
46	019	SD	BUTTE	HAY	27,124
38	003	ND	BARNES	HAY	17,286
38	019	ND	CAVALIER	HAY	945
26	025	MI	CALHOUN	HAY	1,568
19	101	IA	JEFFERSON	HAY	9,045
13	209	GA	MONTGOMERY	HAY	36
55	051	WI	IRON	HAY	1,640
10	005	DE	SUSSEX	HAY	101
40	077	OK	LATIMER	HAY	19,973
31	077	NE	GREELEY	HAY	(D)
31	067	NE	GAGE	SOD	(D)
47	155	TN	SEVIER	HAY	10,143
40	063	OK	HUGHES	HAY	1,181
55	107	WI	RUSK	HAY	9,692
56	045	WY	WESTON	HAY	1,359
36	113	NY	WARREN	HAY	(D)
47	041	TN	DE KALB	HAY	125
13	137	GA	HABERSHAM	HAY	4,076
48	165	TX	GAINES	HAY	29,374
46	105	SD	PERKINS	HAY	164,695
56	003	WY	BIG HORN	GRASSES & LEGUMES TOTALS	1,120
45	011	SC	BARNWELL	HAY	3,247
48	185	TX	GRIMES	HAY	36,388
08	077	CO	MESA	HAY	23,207
05	117	AR	PRAIRIE	HAY	(D)
48	077	TX	CLAY	HAY	496
13	147	GA	HART	HAY	7,718
05	107	AR	PHILLIPS	HAY	2,625
30	081	MT	RAVALLI	HAY	13,125
31	025	NE	CASS	GRASSES & LEGUMES TOTALS	(D)
28	003	MS	ALCORN	HAY	8,297
01	109	AL	PIKE	HAY	299
45	053	SC	JASPER	SOD	(D)
08	107	CO	ROUTT	HAY	41,929
29	203	MO	SHANNON	HAY	14,054
31	083	NE	HARLAN	HAY	3,280
48	311	TX	MCMULLEN	HAY	1,320
13	279	GA	TOOMBS	HAY	(D)
40	095	OK	MARSHALL	HAY	11,254
56	015	WY	GOSHEN	SOD	(D)
48	129	TX	DONLEY	HAY	7,800
01	115	AL	SAINT CLAIR	HAY	12,320
47	077	TN	HENDERSON	HAY	12,361
53	015	WA	COWLITZ	HAY	4,151
19	121	IA	MADISON	HAY	20,275
24	043	MD	WASHINGTON	HAY	3
06	047	CA	MERCED	SOD	(D)
13	233	GA	POLK	HAY	7,701
47	079	TN	HENRY	HAY	85
39	089	OH	LICKING	HAY	11,496
28	049	MS	HINDS	HAY	10,830
39	041	OH	DELAWARE	HAY	2,879
26	033	MI	CHIPPEWA	SOD	(D)
48	299	TX	LLANO	HAY	3,769
40	131	OK	ROGERS	HAY	642
47	111	TN	MACON	HAY	20,599
12	127	FL	VOLUSIA	HAY	79
29	047	MO	CLAY	HAY	111
08	105	CO	RIO GRANDE	HAY	38,979
27	005	MN	BECKER	HAY	30,629
47	131	TN	OBION	HAY	(D)
49	027	UT	MILLARD	GRASSES & LEGUMES TOTALS	265
21	199	KY	PULASKI	HAY	3,347
31	053	NE	DODGE	HAY	5,121
38	095	ND	TOWNER	HAY	2,044
48	323	TX	MAVERICK	HAY	4,799
46	049	SD	FAULK	HAY	40,197
51	163	VA	ROCKBRIDGE	HAY	19,611
20	169	KS	SALINE	HAY	22,615
20	035	KS	COWLEY	HAY	25,012
49	041	UT	SEVIER	GRASSES & LEGUMES TOTALS	(D)
26	011	MI	ARENAC	HAY	4,405
30	089	MT	SANDERS	HAY	8,103
40	139	OK	TEXAS	HAY	20,253
17	181	IL	UNION	HAY	11,407
13	225	GA	PEACH	HAY	833
12	123	FL	TAYLOR	HAY	1,016
13	273	GA	TERRELL	HAY	(D)
44	001	RI	BRISTOL	HAY	(D)
29	015	MO	BENTON	HAY	78
23	005	ME	CUMBERLAND	HAY	127
48	431	TX	STERLING	HAY	1,236
18	027	IN	DAVIESS	HAY	2,358
20	157	KS	REPUBLIC	HAY	2,395
30	009	MT	CARBON	GRASSES & LEGUMES TOTALS	221
29	195	MO	SALINE	HAY	13,702
05	105	AR	PERRY	HAY	448
05	101	AR	NEWTON	HAY	9,270
48	245	TX	JEFFERSON	HAY	555
54	035	WV	JACKSON	HAY	962
17	147	IL	PIATT	HAY	923
48	217	TX	HILL	HAY	40,512
20	115	KS	MARION	HAY	(D)
45	031	SC	DARLINGTON	HAY	56
01	057	AL	FAYETTE	HAY	254
06	025	CA	IMPERIAL	HAY	422,668
01	041	AL	CRENSHAW	HAY	11,927
29	009	MO	BARRY	GRASSES & LEGUMES TOTALS	1,253
20	101	KS	LANE	GRASSES & LEGUMES TOTALS	1,890
51	019	VA	BEDFORD	HAY	2,889
31	179	NE	WAYNE	HAY	465
27	079	MN	LE SUEUR	HAY	(D)
45	091	SC	YORK	HAY	(D)
48	021	TX	BASTROP	HAY	573
06	105	CA	TRINITY	HAY	615
24	013	MD	CARROLL	HAY	469
21	005	KY	ANDERSON	HAY	27
55	115	WI	SHAWANO	HAY	2,741
17	191	IL	WAYNE	HAY	6,125
21	031	KY	BUTLER	HAY	382
29	157	MO	PERRY	HAY	1,873
37	131	NC	NORTHAMPTON	HAY	(D)
20	031	KS	COFFEY	HAY	3,988
32	033	NV	WHITE PINE	HAY	3,547
56	043	WY	WASHAKIE	HAY	4,032
47	067	TN	HANCOCK	HAY	9,011
48	071	TX	CHAMBERS	HAY	81
39	059	OH	GUERNSEY	HAY	5,251
48	205	TX	HARTLEY	HAY	25,371
18	005	IN	BARTHOLOMEW	HAY	(D)
29	053	MO	COOPER	GRASSES & LEGUMES TOTALS	540
26	073	MI	ISABELLA	HAY	21,788
27	163	MN	WASHINGTON	HAY	3,578
12	047	FL	HAMILTON	HAY	5,179
48	135	TX	ECTOR	HAY	(D)
24	033	MD	PRINCE GEORGES	HAY	(D)
48	337	TX	MONTAGUE	HAY	756
35	045	NM	SAN JUAN	GRASSES & LEGUMES TOTALS	91
01	039	AL	COVINGTON	HAY	11,615
29	071	MO	FRANKLIN	HAY	38,405
37	007	NC	ANSON	HAY	208
40	133	OK	SEMINOLE	HAY	24,340
36	123	NY	YATES	GRASSES & LEGUMES TOTALS	426
29	031	MO	CAPE GIRARDEAU	HAY	248
37	081	NC	GUILFORD	HAY	11,103
20	165	KS	RUSH	HAY	4,757
29	171	MO	PUTNAM	HAY	4,070
30	103	MT	TREASURE	HAY	4,812
29	057	MO	DADE	HAY	41,360
33	017	NH	STRAFFORD	HAY	3,481
42	013	PA	BLAIR	HAY	(D)
16	081	ID	TETON	HAY	16,033
17	037	IL	DE KALB	HAY	3,850
12	035	FL	FLAGLER	SOD	3,172
26	059	MI	HILLSDALE	HAY	16,648
01	085	AL	LOWNDES	HAY	90
19	115	IA	LOUISA	HAY	(D)
13	321	GA	WORTH	SOD	178
29	103	MO	KNOX	HAY	16,883
49	029	UT	MORGAN	HAY	5,293
17	005	IL	BOND	HAY	1,069
55	135	WI	WAUPACA	GRASSES & LEGUMES TOTALS	(D)
39	125	OH	PAULDING	HAY	54
26	039	MI	CRAWFORD	HAY	(D)
37	181	NC	VANCE	HAY	2,402
13	131	GA	GRADY	HAY	1,352
47	031	TN	COFFEE	HAY	(D)
13	103	GA	EFFINGHAM	HAY	(D)
20	039	KS	DECATUR	HAY	12,379
13	129	GA	GORDON	HAY	140
26	021	MI	BERRIEN	HAY	(D)
10	005	DE	SUSSEX	HAY	(D)
39	013	OH	BELMONT	HAY	25,424
47	049	TN	FENTRESS	HAY	74
17	165	IL	SALINE	HAY	524
31	055	NE	DOUGLAS	HAY	2,108
46	049	SD	FAULK	HAY	23,484
55	047	WI	GREEN LAKE	HAY	1,301
40	045	OK	ELLIS	HAY	16,446
13	249	GA	SCHLEY	HAY	(D)
16	087	ID	WASHINGTON	HAY	4,348
40	101	OK	MUSKOGEE	HAY	1,455
05	115	AR	POPE	HAY	36,369
37	097	NC	IREDELL	HAY	17,993
29	209	MO	STONE	HAY	12,605
54	063	WV	MONROE	HAY	15
40	047	OK	GARFIELD	HAY	(D)
47	089	TN	JEFFERSON	HAY	21,975
48	165	TX	GAINES	HAY	16,705
20	037	KS	CRAWFORD	HAY	24,015
18	035	IN	DELAWARE	HAY	1,869
01	025	AL	CLARKE	HAY	450
54	061	WV	MONONGALIA	HAY	(D)
29	025	MO	CALDWELL	HAY	18
35	013	NM	DONA ANA	HAY	6,971
47	151	TN	SCOTT	HAY	4,652
09	003	CT	HARTFORD	HAY	4,005
48	217	TX	HILL	HAY	642
48	423	TX	SMITH	HAY	966
29	153	MO	OZARK	HAY	(D)
49	013	UT	DUCHESNE	SOD	54
27	047	MN	FREEBORN	SOD	(D)
46	097	SD	MINER	HAY	9,901
19	053	IA	DECATUR	HAY	26,475
29	093	MO	IRON	HAY	1,500
37	163	NC	SAMPSON	SOD	(D)
40	131	OK	ROGERS	HAY	(D)
17	059	IL	GALLATIN	HAY	1,066
31	037	NE	COLFAX	HAY	7,388
21	137	KY	LINCOLN	HAY	35
08	123	CO	WELD	HAY	27,810
29	053	MO	COOPER	HAY	25,064
31	163	NE	SHERMAN	HAY	10,622
48	279	TX	LAMB	HAY	16,558
40	031	OK	COMANCHE	SOD	(D)
18	127	IN	PORTER	HAY	4
48	045	TX	BRISCOE	HAY	(D)
48	447	TX	THROCKMORTON	HAY	(D)
27	013	MN	BLUE EARTH	HAY	1,559
47	055	TN	GILES	HAY	37,488
20	191	KS	SUMNER	HAY	(D)
53	069	WA	WAHKIAKUM	HAY	1,347
28	143	MS	TUNICA	HAY	1,600
39	001	OH	ADAMS	HAY	2,583
41	049	OR	MORROW	SOD	(D)
37	089	NC	HENDERSON	HAY	3,410
49	011	UT	DAVIS	HAY	1,992
01	123	AL	TALLAPOOSA	HAY	72
18	087	IN	LAGRANGE	HAY	1,815
26	125	MI	OAKLAND	HAY	4,671
39	093	OH	LORAIN	HAY	3,034
05	067	AR	JACKSON	HAY	3,253
48	477	TX	WASHINGTON	HAY	514
48	371	TX	PECOS	HAY	(D)
48	143	TX	ERATH	HAY	198
01	083	AL	LIMESTONE	HAY	71
48	089	TX	COLORADO	HAY	661
46	102	SD	OGLALA LAKOTA	HAY	10,787
08	045	CO	GARFIELD	HAY	25,060
40	137	OK	STEPHENS	HAY	247
18	103	IN	MIAMI	HAY	(D)
12	095	FL	ORANGE	HAY	2,116
20	135	KS	NESS	HAY	2,175
27	069	MN	KITTSON	HAY	36
42	073	PA	LAWRENCE	HAY	(D)
21	031	KY	BUTLER	HAY	12,366
47	029	TN	COCKE	HAY	11,887
29	115	MO	LINN	HAY	2,129
40	055	OK	GREER	HAY	9,244
21	143	KY	LYON	HAY	(D)
46	121	SD	TODD	HAY	4,217
39	083	OH	KNOX	HAY	(D)
20	189	KS	STEVENS	HAY	3,303
48	003	TX	ANDREWS	HAY	1,538
12	005	FL	BAY	SOD	(D)
54	009	WV	BROOKE	HAY	1,669
40	027	OK	CLEVELAND	HAY	21,143
46	041	SD	DEWEY	HAY	(D)
06	099	CA	STANISLAUS	HAY	17,403
47	123	TN	MONROE	HAY	30
24	003	MD	ANNE ARUNDEL	HAY	5,451
01	063	AL	GREENE	HAY	4,723
32	027	NV	PERSHING	HAY	(D)
55	021	WI	COLUMBIA	HAY	(D)
19	121	IA	MADISON	SOD	(D)
42	073	PA	LAWRENCE	HAY	(D)
37	045	NC	CLEVELAND	HAY	17,868
48	297	TX	LIVE OAK	HAY	1,290
32	019	NV	LYON	HAY	36,176
47	143	TN	RHEA	HAY	13,328
18	173	IN	WARRICK	HAY	3,935
23	025	ME	SOMERSET	HAY	500
33	017	NH	STRAFFORD	HAY	2,317
17	047	IL	EDWARDS	HAY	1,799
39	109	OH	MIAMI	HAY	2,991
37	053	NC	CURRITUCK	HAY	85
39	007	OH	ASHTABULA	HAY	51
38	091	ND	STEELE	HAY	6,731
21	071	KY	FLOYD	HAY	205
54	021	WV	GILMER	HAY	5,725
36	107	NY	TIOGA	HAY	13,678
30	065	MT	MUSSELSHELL	HAY	2,085
31	129	NE	NUCKOLLS	HAY	2,819
48	383	TX	REAGAN	HAY	(D)
42	043	PA	DAUPHIN	HAY	(D)
13	003	GA	ATKINSON	HAY	378
42	003	PA	ALLEGHENY	HAY	5,473
34	041	NJ	WARREN	HAY	2,529
48	095	TX	CONCHO	HAY	2,392
20	075	KS	HAMILTON	HAY	7,901
26	101	MI	MANISTEE	HAY	1,164
39	105	OH	MEIGS	HAY	10,071
05	035	AR	CRITTENDEN	SOD	(D)
48	149	TX	FAYETTE	HAY	39,392
55	121	WI	TREMPEALEAU	HAY	(D)
45	007	SC	ANDERSON	HAY	32,600
41	027	OR	HOOD RIVER	HAY	793
20	043	KS	DONIPHAN	HAY	577
20	137	KS	NORTON	HAY	721
04	025	AZ	YAVAPAI	HAY	596
15	007	HI	KAUAI	SOD	6
46	021	SD	CAMPBELL	HAY	333
12	069	FL	LAKE	HAY	906
31	009	NE	BLAINE	HAY	3,400
56	031	WY	PLATTE	HAY	18,195
27	105	MN	NOBLES	HAY	5,244
28	123	MS	SCOTT	HAY	191
35	027	NM	LINCOLN	HAY	(D)
37	119	NC	MECKLENBURG	HAY	1,159
13	099	GA	EARLY	HAY	(D)
35	045	NM	SAN JUAN	HAY	3,011
05	143	AR	WASHINGTON	HAY	69,276
01	109	AL	PIKE	HAY	11,583
26	077	MI	KALAMAZOO	HAY	1,477
47	043	TN	DICKSON	HAY	40
37	079	NC	GREENE	HAY	1,330
21	217	KY	TAYLOR	HAY	13,491
40	143	OK	TULSA	HAY	110
13	059	GA	CLARKE	HAY	483
51	029	VA	BUCKINGHAM	HAY	11,529
27	027	MN	CLAY	HAY	11,282
47	055	TN	GILES	HAY	84
22	095	LA	ST. JOHN THE BAPTIST	HAY	(D)
39	111	OH	MONROE	HAY	86
05	091	AR	MILLER	HAY	16,995
36	073	NY	ORLEANS	HAY	9
46	083	SD	LINCOLN	HAY	(D)
46	035	SD	DAVISON	HAY	14,644
28	101	MS	NEWTON	HAY	452
28	095	MS	MONROE	HAY	7,379
28	153	MS	WAYNE	HAY	8,815
12	111	FL	ST. LUCIE	SOD	(D)
22	055	LA	LAFAYETTE	SOD	214
31	055	NE	DOUGLAS	SOD	(D)
29	105	MO	LACLEDE	GRASSES & LEGUMES TOTALS	400
49	007	UT	CARBON	HAY	(D)
40	109	OK	OKLAHOMA	HAY	(D)
19	009	IA	AUDUBON	HAY	2,842
18	029	IN	DEARBORN	HAY	(D)
13	301	GA	WARREN	HAY	(D)
19	131	IA	MITCHELL	HAY	(D)
29	027	MO	CALLAWAY	HAY	31,336
28	065	MS	JEFFERSON DAVIS	HAY	5,417
28	071	MS	LAFAYETTE	SOD	(D)
39	151	OH	STARK	SOD	(D)
40	029	OK	COAL	GRASSES & LEGUMES TOTALS	(D)
01	089	AL	MADISON	HAY	342
41	005	OR	CLACKAMAS	HAY	273
46	039	SD	DEUEL	HAY	10,291
47	023	TN	CHESTER	HAY	(D)
38	037	ND	GRANT	HAY	1,105
28	115	MS	PONTOTOC	HAY	(D)
18	035	IN	DELAWARE	HAY	678
48	463	TX	UVALDE	HAY	2,595
36	123	NY	YATES	HAY	9,913
27	069	MN	KITTSON	HAY	12,822
12	121	FL	SUWANNEE	HAY	7,313
17	027	IL	CLINTON	HAY	3,507
48	245	TX	JEFFERSON	HAY	12,319
42	041	PA	CUMBERLAND	HAY	8,039
21	015	KY	BOONE	HAY	14,942
48	107	TX	CROSBY	HAY	(D)
48	191	TX	HALL	HAY	(D)
42	009	PA	BEDFORD	HAY	(D)
19	169	IA	STORY	HAY	(D)
49	003	UT	BOX ELDER	GRASSES & LEGUMES TOTALS	164
45	067	SC	MARION	HAY	1,323
30	029	MT	FLATHEAD	HAY	1,668
19	123	IA	MAHASKA	HAY	(D)
55	087	WI	OUTAGAMIE	HAY	1,740
08	065	CO	LAKE	HAY	(D)
20	179	KS	SHERIDAN	HAY	1,119
42	099	PA	PERRY	HAY	(D)
40	119	OK	PAYNE	HAY	968
08	029	CO	DELTA	HAY	22,159
51	093	VA	ISLE OF WIGHT	HAY	124
31	073	NE	GOSPER	HAY	3,800
45	017	SC	CALHOUN	HAY	(D)
28	103	MS	NOXUBEE	HAY	164
54	041	WV	LEWIS	HAY	68
24	037	MD	ST MARYS	HAY	3,080
20	179	KS	SHERIDAN	HAY	822
48	321	TX	MATAGORDA	HAY	20,113
47	123	TN	MONROE	HAY	30
13	169	GA	JONES	HAY	3,506
20	127	KS	MORRIS	HAY	(D)
38	055	ND	MCLEAN	HAY	19,304
27	085	MN	MCLEOD	SOD	(D)
41	071	OR	YAMHILL	HAY	7,961
48	237	TX	JACK	HAY	109
27	161	MN	WASECA	HAY	314
38	001	ND	ADAMS	HAY	33,517
45	001	SC	ABBEVILLE	HAY	11,541
17	111	IL	MCHENRY	HAY	5,312
05	045	AR	FAULKNER	HAY	36,613
45	063	SC	LEXINGTON	HAY	(D)
47	009	TN	BLOUNT	HAY	91
55	097	WI	PORTAGE	HAY	2,158
29	041	MO	CHARITON	HAY	2,604
23	007	ME	FRANKLIN	HAY	146
16	023	ID	BUTTE	HAY	39,156
28	077	MS	LAWRENCE	HAY	6,883
24	035	MD	QUEEN ANNES	HAY	1,009
20	083	KS	HODGEMAN	HAY	1,302
40	059	OK	HARPER	HAY	34,802
31	129	NE	NUCKOLLS	HAY	7,179
13	197	GA	MARION	HAY	111
31	179	NE	WAYNE	HAY	8,394
54	057	WV	MINERAL	HAY	780
51	083	VA	HALIFAX	HAY	17,780
27	011	MN	BIG STONE	HAY	4,067
46	011	SD	BROOKINGS	HAY	11,787
40	099	OK	MURRAY	HAY	82
55	105	WI	ROCK	GRASSES & LEGUMES TOTALS	(D)
31	097	NE	JOHNSON	HAY	448
47	111	TN	MACON	HAY	400
22	097	LA	SAINT LANDRY	SOD	(D)
30	045	MT	JUDITH BASIN	HAY	61,574
06	099	CA	STANISLAUS	GRASSES & LEGUMES TOTALS	400
41	047	OR	MARION	HAY	11,212
21	087	KY	GREEN	HAY	996
31	175	NE	VALLEY	HAY	1,001
34	019	NJ	HUNTERDON	HAY	2,554
19	129	IA	MILLS	HAY	3,837
42	089	PA	MONROE	HAY	2,671
28	079	MS	LEAKE	HAY	10,295
38	023	ND	DIVIDE	HAY	39,384
32	009	NV	ESMERALDA	HAY	9,981
54	085	WV	RITCHIE	HAY	11,348
29	123	MO	MADISON	HAY	17,271
51	125	VA	NELSON	HAY	12,531
22	091	LA	SAINT HELENA	HAY	(D)
25	017	MA	MIDDLESEX	HAY	(D)
26	005	MI	ALLEGAN	HAY	15,851
48	277	TX	LAMAR	HAY	52,450
05	111	AR	POINSETT	HAY	1,423
47	159	TN	SMITH	HAY	56
26	107	MI	MECOSTA	HAY	17,773
46	027	SD	CLAY	HAY	(D)
12	067	FL	LAFAYETTE	GRASSES & LEGUMES TOTALS	(D)
40	145	OK	WAGONER	HAY	470
47	101	TN	LEWIS	HAY	6,651
27	163	MN	WASHINGTON	HAY	(D)
47	121	TN	MEIGS	HAY	(D)
21	017	KY	BOURBON	SOD	(D)
18	063	IN	HENDRICKS	HAY	3,419
48	163	TX	FRIO	SOD	(D)
21	205	KY	ROWAN	HAY	5,750
51	003	VA	ALBEMARLE	HAY	22,983
08	113	CO	SAN MIGUEL	HAY	(D)
29	195	MO	SALINE	HAY	659
08	013	CO	BOULDER	HAY	13,953
48	125	TX	DICKENS	HAY	5,182
04	013	AZ	MARICOPA	HAY	105,571
10	001	DE	KENT	HAY	147
22	013	LA	BIENVILLE	HAY	2,479
27	151	MN	SWIFT	HAY	4,867
46	087	SD	MCCOOK	HAY	(D)
48	419	TX	SHELBY	HAY	516
28	003	MS	ALCORN	SOD	(D)
26	103	MI	MARQUETTE	HAY	4,277
29	227	MO	WORTH	HAY	(D)
05	065	AR	IZARD	HAY	23,595
40	113	OK	OSAGE	HAY	53,122
26	079	MI	KALKASKA	HAY	78
17	133	IL	MONROE	HAY	2,249
31	177	NE	WASHINGTON	HAY	12,890
16	047	ID	GOODING	HAY	28,754
21	209	KY	SCOTT	SOD	(D)
48	035	TX	BOSQUE	HAY	20,982
48	143	TX	ERATH	HAY	18
40	015	OK	CADDO	HAY	3,983
55	129	WI	WASHBURN	HAY	(D)
48	335	TX	MITCHELL	HAY	8,105
21	217	KY	TAYLOR	HAY	12,175
17	017	IL	CASS	HAY	1,218
40	089	OK	MCCURTAIN	HAY	38,716
40	073	OK	KINGFISHER	HAY	37,485
21	087	KY	GREEN	HAY	(D)
34	033	NJ	SALEM	SOD	(D)
12	051	FL	HENDRY	HAY	1,742
20	137	KS	NORTON	HAY	5,803
31	149	NE	ROCK	HAY	4,304
28	059	MS	JACKSON	HAY	29
42	027	PA	CENTRE	HAY	16,927
24	023	MD	GARRETT	HAY	(D)
18	103	IN	MIAMI	HAY	4,662
05	073	AR	LAFAYETTE	HAY	150
29	027	MO	CALLAWAY	HAY	(D)
08	035	CO	DOUGLAS	GRASSES & LEGUMES TOTALS	(D)
13	209	GA	MONTGOMERY	HAY	258
13	061	GA	CLAY	HAY	685
48	211	TX	HEMPHILL	HAY	7,024
37	185	NC	WARREN	HAY	(D)
13	023	GA	BLECKLEY	HAY	(D)
37	097	NC	IREDELL	HAY	122
06	063	CA	PLUMAS	HAY	(D)
13	287	GA	TURNER	HAY	310
20	001	KS	ALLEN	HAY	22,056
27	039	MN	DODGE	HAY	(D)
29	081	MO	HARRISON	HAY	5,587
29	225	MO	WEBSTER	GRASSES & LEGUMES TOTALS	(D)
53	061	WA	SNOHOMISH	HAY	4,570
05	131	AR	SEBASTIAN	HAY	23,024
36	033	NY	FRANKLIN	HAY	140
17	121	IL	MARION	HAY	(D)
01	055	AL	ETOWAH	HAY	52
08	033	CO	DOLORES	HAY	(D)
48	123	TX	DE WITT	HAY	256
53	063	WA	SPOKANE	HAY	57,373
45	089	SC	WILLIAMSBURG	HAY	22
32	015	NV	LANDER	HAY	34,167
47	173	TN	UNION	HAY	9,245
31	049	NE	DEUEL	HAY	917
20	145	KS	PAWNEE	HAY	15,358
29	021	MO	BUCHANAN	HAY	414
30	101	MT	TOOLE	HAY	2,204
36	109	NY	TOMPKINS	HAY	3,380
06	037	CA	LOS ANGELES	HAY	8,063
21	055	KY	CRITTENDEN	HAY	12,242
08	083	CO	MONTEZUMA	HAY	21,341
17	171	IL	SCOTT	HAY	(D)
28	129	MS	SMITH	HAY	12,654
48	215	TX	HIDALGO	HAY	7,388
17	155	IL	PUTNAM	HAY	(D)
28	129	MS	SMITH	HAY	(D)
08	123	CO	WELD	HAY	99,262
27	083	MN	LYON	HAY	6,275
48	307	TX	MCCULLOCH	HAY	(D)
13	065	GA	CLINCH	HAY	(D)
20	175	KS	SEWARD	HAY	3,691
28	003	MS	ALCORN	GRASSES & LEGUMES TOTALS	15
54	073	WV	PLEASANTS	HAY	376
55	043	WI	GRANT	HAY	52,744
20	057	KS	FORD	HAY	14,683
08	063	CO	KIT CARSON	HAY	8,307
28	117	MS	PRENTISS	HAY	5,795
48	257	TX	KAUFMAN	HAY	51,019
20	059	KS	FRANKLIN	HAY	25
49	051	UT	WASATCH	GRASSES & LEGUMES TOTALS	(D)
42	083	PA	MCKEAN	HAY	4,122
53	043	WA	LINCOLN	GRASSES & LEGUMES TOTALS	1,746
45	025	SC	CHESTERFIELD	HAY	141
27	125	MN	RED LAKE	HAY	5,088
21	169	KY	METCALFE	HAY	22,941
48	165	TX	GAINES	HAY	3,262
27	165	MN	WATONWAN	HAY	316
33	015	NH	ROCKINGHAM	HAY	(D)
47	005	TN	BENTON	HAY	(D)
04	025	AZ	YAVAPAI	HAY	1,447
21	235	KY	WHITLEY	GRASSES & LEGUMES TOTALS	(D)
21	057	KY	CUMBERLAND	HAY	653
18	115	IN	OHIO	HAY	2,852
34	037	NJ	SUSSEX	HAY	14,268
41	019	OR	DOUGLAS	HAY	6,521
17	035	IL	CUMBERLAND	HAY	905
45	057	SC	LANCASTER	HAY	9,067
13	241	GA	RABUN	HAY	(D)
29	159	MO	PETTIS	HAY	1,249
54	035	WV	JACKSON	HAY	21,956
01	099	AL	MONROE	HAY	7,042
06	035	CA	LASSEN	GRASSES & LEGUMES TOTALS	267
42	121	PA	VENANGO	HAY	(D)
13	319	GA	WILKINSON	HAY	(D)
16	073	ID	OWYHEE	GRASSES & LEGUMES TOTALS	1,822
21	225	KY	UNION	HAY	5,482
47	157	TN	SHELBY	HAY	(D)
42	111	PA	SOMERSET	HAY	(D)
49	011	UT	DAVIS	HAY	557
31	065	NE	FURNAS	HAY	53
05	049	AR	FULTON	HAY	70
08	045	CO	GARFIELD	SOD	(D)
22	023	LA	CAMERON	HAY	171
17	117	IL	MACOUPIN	HAY	110
53	067	WA	THURSTON	HAY	(D)
37	027	NC	CALDWELL	HAY	66
48	319	TX	MASON	HAY	15,052
38	065	ND	OLIVER	HAY	386
47	129	TN	MORGAN	HAY	11,128
44	005	RI	NEWPORT	HAY	668
56	013	WY	FREMONT	HAY	71,312
17	197	IL	WILL	HAY	1,132
51	011	VA	APPOMATTOX	HAY	13,426
18	025	IN	CRAWFORD	HAY	18
31	009	NE	BLAINE	HAY	15,573
46	031	SD	CORSON	HAY	124,156
17	149	IL	PIKE	HAY	3,444
24	001	MD	ALLEGANY	HAY	6,469
20	015	KS	BUTLER	HAY	61,333
35	019	NM	GUADALUPE	HAY	268
26	045	MI	EATON	HAY	5
46	123	SD	TRIPP	HAY	1,552
49	051	UT	WASATCH	HAY	6,954
13	075	GA	COOK	HAY	104
28	071	MS	LAFAYETTE	HAY	5,347
08	123	CO	WELD	HAY	17,758
16	051	ID	JEFFERSON	HAY	67,257
45	061	SC	LEE	HAY	29
21	001	KY	ADAIR	HAY	(D)
30	027	MT	FERGUS	HAY	16,092
47	151	TN	SCOTT	HAY	4,771
45	045	SC	GREENVILLE	HAY	8,118
53	037	WA	KITTITAS	HAY	35,627
19	059	IA	DICKINSON	HAY	1,860
39	113	OH	MONTGOMERY	HAY	(D)
51	071	VA	GILES	HAY	955
46	029	SD	CODINGTON	GRASSES & LEGUMES TOTALS	(D)
12	073	FL	LEON	HAY	3,600
36	071	NY	ORANGE	SOD	(D)
38	067	ND	PEMBINA	HAY	3,670
18	029	IN	DEARBORN	HAY	(D)
26	159	MI	VAN BUREN	HAY	493
29	083	MO	HENRY	HAY	(D)
40	029	OK	COAL	HAY	(D)
35	051	NM	SIERRA	HAY	507
45	039	SC	FAIRFIELD	HAY	(D)
27	065	MN	KANABEC	HAY	18,463
27	009	MN	BENTON	HAY	(D)
19	059	IA	DICKINSON	HAY	1,419
42	005	PA	ARMSTRONG	HAY	35
47	071	TN	HARDIN	HAY	30
55	009	WI	BROWN	HAY	5,257
13	199	GA	MERIWETHER	HAY	665
21	085	KY	GRAYSON	HAY	35,241
37	063	NC	DURHAM	HAY	(D)
29	129	MO	MERCER	HAY	2,467
56	011	WY	CROOK	HAY	7,475
27	009	MN	BENTON	HAY	631
27	039	MN	DODGE	HAY	4,795
26	007	MI	ALPENA	HAY	1,544
29	007	MO	AUDRAIN	HAY	52
29	151	MO	OSAGE	GRASSES & LEGUMES TOTALS	(D)
50	011	VT	FRANKLIN	HAY	3,025
41	007	OR	CLATSOP	HAY	1,988
08	089	CO	OTERO	HAY	25,162
42	001	PA	ADAMS	SOD	(Z)
28	017	MS	CHICKASAW	HAY	1,162
17	071	IL	HENDERSON	HAY	4,011
18	037	IN	DUBOIS	HAY	35
56	001	WY	ALBANY	HAY	11,112
45	081	SC	SALUDA	HAY	(D)
47	069	TN	HARDEMAN	HAY	8,327
31	143	NE	POLK	HAY	2,564
53	041	WA	LEWIS	HAY	16,152
50	003	VT	BENNINGTON	HAY	464
42	061	PA	HUNTINGDON	HAY	30
47	005	TN	BENTON	HAY	5,204
29	045	MO	CLARK	HAY	(D)
47	109	TN	MCNAIRY	HAY	(D)
32	009	NV	ESMERALDA	HAY	695
01	051	AL	ELMORE	HAY	(D)
16	023	ID	BUTTE	HAY	2,572
31	161	NE	SHERIDAN	HAY	49,501
51	147	VA	PRINCE EDWARD	HAY	10,167
48	491	TX	WILLIAMSON	HAY	26,966
06	039	CA	MADERA	HAY	13,527
26	053	MI	GOGEBIC	HAY	916
06	089	CA	SHASTA	HAY	11,491
13	101	GA	ECHOLS	HAY	1,131
40	027	OK	CLEVELAND	HAY	(D)
16	005	ID	BANNOCK	HAY	13,936
37	149	NC	POLK	HAY	5,194
55	127	WI	WALWORTH	HAY	9,550
49	023	UT	JUAB	HAY	2,154
13	241	GA	RABUN	HAY	(D)
18	001	IN	ADAMS	HAY	(D)
35	033	NM	MORA	HAY	3,120
08	091	CO	OURAY	HAY	319
36	087	NY	ROCKLAND	HAY	(D)
20	007	KS	BARBER	HAY	(D)
29	225	MO	WEBSTER	HAY	48,355
47	123	TN	MONROE	HAY	199
04	023	AZ	SANTA CRUZ	HAY	(D)
39	133	OH	PORTAGE	HAY	10,683
19	023	IA	BUTLER	HAY	3,515
48	191	TX	HALL	HAY	2,853
31	099	NE	KEARNEY	HAY	1,199
20	145	KS	PAWNEE	HAY	12,876
29	135	MO	MONITEAU	HAY	1,122
48	417	TX	SHACKELFORD	HAY	4,834
42	105	PA	POTTER	HAY	10,392
13	071	GA	COLQUITT	SOD	350
26	143	MI	ROSCOMMON	HAY	(D)
21	057	KY	CUMBERLAND	HAY	14,123
16	071	ID	ONEIDA	GRASSES & LEGUMES TOTALS	(D)
39	131	OH	PIKE	HAY	5,849
55	067	WI	LANGLADE	HAY	(D)
21	135	KY	LEWIS	HAY	12,624
19	007	IA	APPANOOSE	HAY	16,151
27	027	MN	CLAY	HAY	14,686
04	005	AZ	COCONINO	HAY	(D)
23	011	ME	KENNEBEC	HAY	(D)
29	017	MO	BOLLINGER	HAY	(D)
48	449	TX	TITUS	HAY	18,976
26	077	MI	KALAMAZOO	HAY	1,070
17	065	IL	HAMILTON	HAY	119
19	123	IA	MAHASKA	HAY	5,262
39	029	OH	COLUMBIANA	HAY	8,785
41	001	OR	BAKER	HAY	28,125
55	137	WI	WAUSHARA	HAY	(D)
22	063	LA	LIVINGSTON	HAY	2,286
30	019	MT	DANIELS	HAY	30,397
27	155	MN	TRAVERSE	HAY	4,221
51	103	VA	LANCASTER	HAY	200
19	055	IA	DELAWARE	HAY	(D)
46	109	SD	ROBERTS	HAY	9,942
51	017	VA	BATH	HAY	4,739
21	161	KY	MASON	HAY	22,954
12	043	FL	GLADES	HAY	131
47	101	TN	LEWIS	HAY	6,689
13	227	GA	PICKENS	HAY	655
41	045	OR	MALHEUR	HAY	22,269
51	035	VA	CARROLL	HAY	1,598
40	025	OK	CIMARRON	HAY	(D)
21	181	KY	NICHOLAS	HAY	15,676
06	083	CA	SANTA BARBARA	HAY	828
28	147	MS	WALTHALL	HAY	37
54	053	WV	MASON	HAY	124
40	099	OK	MURRAY	HAY	12,486
56	025	WY	NATRONA	HAY	26,280
26	061	MI	HOUGHTON	HAY	2,564
31	155	NE	SAUNDERS	HAY	721
48	159	TX	FRANKLIN	HAY	280
49	043	UT	SUMMIT	HAY	7,731
48	151	TX	FISHER	HAY	5,330
24	031	MD	MONTGOMERY	HAY	18
18	163	IN	VANDERBURGH	HAY	113
48	105	TX	CROCKETT	HAY	(D)
51	109	VA	LOUISA	HAY	13,236
05	125	AR	SALINE	SOD	(D)
31	003	NE	ANTELOPE	HAY	7,236
48	423	TX	SMITH	HAY	36,605
13	171	GA	LAMAR	GRASSES & LEGUMES TOTALS	1,134
20	185	KS	STAFFORD	HAY	2,992
46	035	SD	DAVISON	HAY	2,726
13	175	GA	LAURENS	HAY	(D)
48	141	TX	EL PASO	HAY	995
12	077	FL	LIBERTY	HAY	307
46	027	SD	CLAY	HAY	841
01	041	AL	CRENSHAW	HAY	424
46	007	SD	BENNETT	HAY	70,016
40	063	OK	HUGHES	HAY	693
36	109	NY	TOMPKINS	HAY	13,835
47	137	TN	PICKETT	HAY	8,545
48	313	TX	MADISON	HAY	15,881
41	009	OR	COLUMBIA	HAY	5,281
35	031	NM	MCKINLEY	HAY	(D)
20	089	KS	JEWELL	HAY	17,155
25	021	MA	NORFOLK	HAY	(D)
13	185	GA	LOWNDES	HAY	(D)
37	025	NC	CABARRUS	HAY	150
12	051	FL	HENDRY	HAY	(D)
26	137	MI	OTSEGO	HAY	368
04	001	AZ	APACHE	HAY	3,475
42	063	PA	INDIANA	HAY	22,621
19	069	IA	FRANKLIN	HAY	11
39	145	OH	SCIOTO	HAY	8,315
26	135	MI	OSCODA	HAY	845
16	013	ID	BLAINE	GRASSES & LEGUMES TOTALS	2,790
39	123	OH	OTTAWA	HAY	(D)
46	057	SD	HAMLIN	HAY	83
54	107	WV	WOOD	HAY	82
21	197	KY	POWELL	HAY	168
55	083	WI	OCONTO	HAY	50
41	065	OR	WASCO	GRASSES & LEGUMES TOTALS	(D)
56	005	WY	CAMPBELL	HAY	4,015
39	067	OH	HARRISON	HAY	16,197
19	161	IA	SAC	HAY	3,867
37	003	NC	ALEXANDER	HAY	(D)
27	145	MN	STEARNS	HAY	156
39	041	OH	DELAWARE	HAY	1,491
01	035	AL	CONECUH	HAY	8,522
19	045	IA	CLINTON	HAY	(D)
45	003	SC	AIKEN	SOD	(D)
42	089	PA	MONROE	HAY	2,111
55	035	WI	EAU CLAIRE	HAY	15,556
13	303	GA	WASHINGTON	HAY	(D)
31	173	NE	THURSTON	HAY	521
47	043	TN	DICKSON	SOD	(D)
30	061	MT	MINERAL	HAY	371
48	483	TX	WHEELER	HAY	365
47	061	TN	GRUNDY	HAY	4,470
18	029	IN	DEARBORN	HAY	6,424
31	061	NE	FRANKLIN	HAY	2,762
46	089	SD	MCPHERSON	HAY	872
13	319	GA	WILKINSON	HAY	(D)
53	009	WA	CLALLAM	HAY	1,448
47	165	TN	SUMNER	HAY	28,961
30	041	MT	HILL	HAY	2,352
39	119	OH	MUSKINGUM	HAY	(D)
18	171	IN	WARREN	HAY	(D)
17	169	IL	SCHUYLER	HAY	5,545
18	081	IN	JOHNSON	HAY	(D)
45	061	SC	LEE	HAY	(D)
18	069	IN	HUNTINGTON	HAY	2,320
13	087	GA	DECATUR	SOD	(D)
40	063	OK	HUGHES	SOD	(D)
17	073	IL	HENRY	SOD	(D)
37	067	NC	FORSYTH	HAY	(D)
40	039	OK	CUSTER	HAY	37,871
46	035	SD	DAVISON	HAY	443
08	077	CO	MESA	HAY	30,393
08	005	CO	ARAPAHOE	HAY	132
08	017	CO	CHEYENNE	HAY	2,138
55	049	WI	IOWA	HAY	165
17	099	IL	LA SALLE	HAY	3,676
21	175	KY	MORGAN	HAY	13,793
18	087	IN	LAGRANGE	HAY	379
47	171	TN	UNICOI	HAY	(D)
35	043	NM	SANDOVAL	HAY	2,902
01	093	AL	MARION	HAY	10,964
17	111	IL	MCHENRY	HAY	78
42	121	PA	VENANGO	HAY	5,251
38	051	ND	MCINTOSH	HAY	29,291
18	085	IN	KOSCIUSKO	HAY	69
42	005	PA	ARMSTRONG	HAY	35
21	061	KY	EDMONSON	HAY	9,306
06	019	CA	FRESNO	HAY	31,371
51	036	VA	CHARLES CITY	HAY	1,194
17	203	IL	WOODFORD	HAY	3,522
13	095	GA	DOUGHERTY	HAY	451
54	057	WV	MINERAL	HAY	(D)
18	165	IN	VERMILLION	HAY	1,198
35	059	NM	UNION	HAY	808
29	063	MO	DE KALB	HAY	(D)
51	153	VA	PRINCE WILLIAM	HAY	3,555
06	089	CA	SHASTA	HAY	9,525
40	001	OK	ADAIR	HAY	24,569
16	075	ID	PAYETTE	HAY	2,281
46	019	SD	BUTTE	HAY	67,147
21	001	KY	ADAIR	HAY	25,700
20	195	KS	TREGO	HAY	796
51	181	VA	SURRY	HAY	(D)
20	009	KS	BARTON	HAY	53,746
17	199	IL	WILLIAMSON	HAY	492
30	029	MT	FLATHEAD	HAY	9,652
36	019	NY	CLINTON	HAY	129
46	051	SD	GRANT	HAY	19,338
26	105	MI	MASON	HAY	2,367
48	161	TX	FREESTONE	HAY	583
37	159	NC	ROWAN	HAY	478
13	099	GA	EARLY	HAY	3,846
06	005	CA	AMADOR	HAY	(D)
40	111	OK	OKMULGEE	HAY	54,845
48	411	TX	SAN SABA	HAY	120
13	245	GA	RICHMOND	HAY	1,618
27	071	MN	KOOCHICHING	HAY	4,364
29	045	MO	CLARK	HAY	1,912
36	111	NY	ULSTER	HAY	630
05	069	AR	JEFFERSON	GRASSES & LEGUMES TOTALS	(D)
12	019	FL	CLAY	HAY	422
13	277	GA	TIFT	SOD	(D)
21	021	KY	BOYLE	HAY	(D)
05	117	AR	PRAIRIE	HAY	6,168
39	053	OH	GALLIA	HAY	50
54	025	WV	GREENBRIER	HAY	(D)
46	093	SD	MEADE	HAY	52,357
55	003	WI	ASHLAND	HAY	9,479
39	039	OH	DEFIANCE	HAY	2,824
05	137	AR	STONE	HAY	(D)
29	013	MO	BATES	HAY	115
48	117	TX	DEAF SMITH	HAY	(D)
42	059	PA	GREENE	HAY	4,232
17	183	IL	VERMILION	HAY	1,553
29	215	MO	TEXAS	HAY	52,428
35	005	NM	CHAVES	HAY	(D)
46	031	SD	CORSON	HAY	91,342
39	167	OH	WASHINGTON	HAY	15,417
12	033	FL	ESCAMBIA	HAY	(D)
53	019	WA	FERRY	HAY	346
40	097	OK	MAYES	HAY	45,719
16	015	ID	BOISE	HAY	176
08	039	CO	ELBERT	HAY	8,495
05	089	AR	MARION	HAY	15,941
38	033	ND	GOLDEN VALLEY	HAY	59,415
40	109	OK	OKLAHOMA	SOD	(D)
21	067	KY	FAYETTE	SOD	(D)
49	049	UT	UTAH	GRASSES & LEGUMES TOTALS	(D)
47	065	TN	HAMILTON	HAY	(D)
30	005	MT	BLAINE	HAY	12,176
18	075	IN	JAY	HAY	2,506
12	039	FL	GADSDEN	HAY	220
30	081	MT	RAVALLI	HAY	29,131
48	389	TX	REEVES	HAY	15,485
37	101	NC	JOHNSTON	HAY	508
40	003	OK	ALFALFA	HAY	15,651
26	091	MI	LENAWEE	HAY	8,861
27	057	MN	HUBBARD	HAY	797
20	099	KS	LABETTE	HAY	34,725
19	027	IA	CARROLL	HAY	3,186
40	129	OK	ROGER MILLS	HAY	3,003
55	115	WI	SHAWANO	HAY	(D)
24	003	MD	ANNE ARUNDEL	HAY	5,188
48	009	TX	ARCHER	HAY	305
42	081	PA	LYCOMING	HAY	(D)
53	021	WA	FRANKLIN	HAY	11,136
48	107	TX	CROSBY	HAY	(D)
47	031	TN	COFFEE	HAY	17,201
21	083	KY	GRAVES	HAY	37
38	081	ND	SARGENT	HAY	14,248
48	147	TX	FANNIN	HAY	54,542
47	189	TN	WILSON	HAY	(D)
20	081	KS	HASKELL	HAY	2,057
55	091	WI	PEPIN	HAY	4,285
39	149	OH	SHELBY	HAY	(D)
18	027	IN	DAVIESS	HAY	8,108
45	081	SC	SALUDA	HAY	12,799
19	141	IA	O BRIEN	HAY	1,148
13	269	GA	TAYLOR	HAY	932
31	129	NE	NUCKOLLS	HAY	4,360
18	031	IN	DECATUR	HAY	1,713
42	115	PA	SUSQUEHANNA	HAY	4,131
21	023	KY	BRACKEN	HAY	42
12	133	FL	WASHINGTON	HAY	131
30	061	MT	MINERAL	HAY	(D)
28	005	MS	AMITE	HAY	8,261
53	037	WA	KITTITAS	GRASSES & LEGUMES TOTALS	(D)
19	131	IA	MITCHELL	HAY	2,854
13	065	GA	CLINCH	HAY	(D)
06	091	CA	SIERRA	HAY	2,651
13	149	GA	HEARD	HAY	3,609
05	095	AR	MONROE	HAY	297
54	027	WV	HAMPSHIRE	HAY	(D)
13	103	GA	EFFINGHAM	SOD	270
27	017	MN	CARLTON	HAY	24,468
48	221	TX	HOOD	HAY	756
45	017	SC	CALHOUN	HAY	45
48	325	TX	MEDINA	HAY	18,962
27	029	MN	CLEARWATER	HAY	28,106
35	027	NM	LINCOLN	HAY	(D)
13	175	GA	LAURENS	HAY	1,181
47	065	TN	HAMILTON	HAY	10,039
41	033	OR	JOSEPHINE	HAY	2,780
48	459	TX	UPSHUR	HAY	23,882
36	057	NY	MONTGOMERY	GRASSES & LEGUMES TOTALS	(D)
20	093	KS	KEARNY	HAY	21,169
48	389	TX	REEVES	HAY	(D)
18	069	IN	HUNTINGTON	HAY	3,144
21	011	KY	BATH	HAY	(D)
28	157	MS	WILKINSON	HAY	(D)
20	011	KS	BOURBON	HAY	44,428
40	121	OK	PITTSBURG	HAY	1,220
31	045	NE	DAWES	HAY	76,984
45	075	SC	ORANGEBURG	SOD	(D)
06	037	CA	LOS ANGELES	HAY	9,564
47	117	TN	MARSHALL	HAY	42
32	009	NV	ESMERALDA	HAY	9,286
13	297	GA	WALTON	HAY	9,431
39	169	OH	WAYNE	HAY	(D)
13	291	GA	UNION	HAY	(D)
48	211	TX	HEMPHILL	HAY	220
26	115	MI	MONROE	HAY	5,500
21	059	KY	DAVIESS	HAY	9,984
24	023	MD	GARRETT	HAY	18,523
06	097	CA	SONOMA	HAY	2,882
17	161	IL	ROCK ISLAND	HAY	4,036
05	091	AR	MILLER	HAY	16,995
48	361	TX	ORANGE	HAY	1,535
50	017	VT	ORANGE	HAY	8,210
46	023	SD	CHARLES MIX	HAY	(D)
17	111	IL	MCHENRY	SOD	(D)
18	113	IN	NOBLE	HAY	9,612
45	081	SC	SALUDA	HAY	(D)
54	025	WV	GREENBRIER	HAY	21,909
48	361	TX	ORANGE	HAY	(D)
36	055	NY	MONROE	HAY	6,802
16	083	ID	TWIN FALLS	HAY	70,155
48	471	TX	WALKER	HAY	195
39	109	OH	MIAMI	HAY	1,972
46	051	SD	GRANT	HAY	5,141
28	067	MS	JONES	HAY	(D)
19	041	IA	CLAY	HAY	(D)
55	083	WI	OCONTO	HAY	2,894
29	033	MO	CARROLL	HAY	23,002
23	017	ME	OXFORD	HAY	5,285
36	001	NY	ALBANY	HAY	17,709
40	141	OK	TILLMAN	HAY	15,960
21	067	KY	FAYETTE	HAY	20
53	073	WA	WHATCOM	HAY	7,659
08	059	CO	JEFFERSON	HAY	1,257
18	017	IN	CASS	HAY	6
21	047	KY	CHRISTIAN	HAY	(D)
35	061	NM	VALENCIA	HAY	1,742
26	045	MI	EATON	HAY	4,006
31	151	NE	SALINE	SOD	(D)
29	187	MO	ST FRANCOIS	HAY	14,949
06	071	CA	SAN BERNARDINO	HAY	1,388
42	009	PA	BEDFORD	HAY	(D)
48	101	TX	COTTLE	HAY	(D)
17	157	IL	RANDOLPH	HAY	5,874
31	021	NE	BURT	SOD	(D)
54	025	WV	GREENBRIER	HAY	(D)
01	111	AL	RANDOLPH	HAY	(D)
31	153	NE	SARPY	HAY	(D)
41	005	OR	CLACKAMAS	HAY	13,054
19	031	IA	CEDAR	HAY	3,135
12	009	FL	BREVARD	HAY	(D)
01	077	AL	LAUDERDALE	SOD	760
39	075	OH	HOLMES	HAY	14,542
04	015	AZ	MOHAVE	HAY	15,810
13	297	GA	WALTON	SOD	(D)
34	033	NJ	SALEM	HAY	75
51	075	VA	GOOCHLAND	HAY	4,699
31	005	NE	ARTHUR	HAY	3,125
19	103	IA	JOHNSON	HAY	10,197
22	127	LA	WINN	HAY	(D)
12	079	FL	MADISON	HAY	4,461
55	031	WI	DOUGLAS	HAY	12,292
13	093	GA	DOOLY	HAY	(D)
02		AK	ANCHORAGE	GRASSES & LEGUMES TOTALS	(D)
31	033	NE	CHEYENNE	HAY	4,035
55	097	WI	PORTAGE	SOD	(D)
28	121	MS	RANKIN	HAY	10,869
41	065	OR	WASCO	GRASSES & LEGUMES TOTALS	(D)
21	169	KY	METCALFE	HAY	1,752
40	017	OK	CANADIAN	SOD	960
18	051	IN	GIBSON	HAY	1,836
48	291	TX	LIBERTY	HAY	1,191
37	015	NC	BERTIE	HAY	915
45	073	SC	OCONEE	HAY	7,817
41	043	OR	LINN	HAY	1,445
19	101	IA	JEFFERSON	HAY	(D)
20	003	KS	ANDERSON	HAY	25,322
39	059	OH	GUERNSEY	HAY	26,943
26	051	MI	GLADWIN	HAY	267
28	035	MS	FORREST	HAY	(D)
30	087	MT	ROSEBUD	HAY	18,194
21	011	KY	BATH	HAY	20,149
41	011	OR	COOS	HAY	4,270
47	015	TN	CANNON	HAY	11,423
49	021	UT	IRON	HAY	(D)
42	067	PA	JUNIATA	HAY	5,300
19	079	IA	HAMILTON	HAY	1,349
30	039	MT	GRANITE	HAY	8,924
21	143	KY	LYON	HAY	32
04	012	AZ	LAPAZ	HAY	4,404
29	065	MO	DENT	HAY	352
39	111	OH	MONROE	HAY	14,317
34	009	NJ	CAPE MAY	SOD	(D)
13	037	GA	CALHOUN	HAY	162
55	129	WI	WASHBURN	HAY	5,441
51	171	VA	SHENANDOAH	HAY	1,504
49	005	UT	CACHE	GRASSES & LEGUMES TOTALS	294
08	014	CO	BROOMFIELD	HAY	(D)
17	193	IL	WHITE	HAY	143
53	051	WA	PEND OREILLE	HAY	534
48	285	TX	LAVACA	HAY	2,522
17	009	IL	BROWN	HAY	2,346
17	057	IL	FULTON	HAY	11,894
39	061	OH	HAMILTON	HAY	6
17	157	IL	RANDOLPH	HAY	(D)
33	017	NH	STRAFFORD	GRASSES & LEGUMES TOTALS	3
13	033	GA	BURKE	GRASSES & LEGUMES TOTALS	(D)
30	003	MT	BIG HORN	HAY	71,621
08	093	CO	PARK	HAY	3,041
13	283	GA	TREUTLEN	HAY	120
27	015	MN	BROWN	HAY	2,054
17	161	IL	ROCK ISLAND	HAY	42
01	033	AL	COLBERT	HAY	(D)
44	009	RI	WASHINGTON	SOD	2,588
21	235	KY	WHITLEY	HAY	1,336
31	047	NE	DAWSON	HAY	29,837
21	017	KY	BOURBON	HAY	30,633
12	115	FL	SARASOTA	SOD	32
27	085	MN	MCLEOD	HAY	28
19	069	IA	FRANKLIN	HAY	11
29	103	MO	KNOX	HAY	124
37	191	NC	WAYNE	GRASSES & LEGUMES TOTALS	(D)
36	001	NY	ALBANY	HAY	14,682
36	019	NY	CLINTON	HAY	3,351
27	115	MN	PINE	HAY	(D)
20	113	KS	MCPHERSON	HAY	387
21	161	KY	MASON	HAY	5,271
30	065	MT	MUSSELSHELL	HAY	33,290
56	007	WY	CARBON	HAY	8,282
48	285	TX	LAVACA	HAY	654
17	035	IL	CUMBERLAND	HAY	1,488
55	041	WI	FOREST	HAY	2,797
06	081	CA	SAN MATEO	HAY	(D)
30	011	MT	CARTER	HAY	30,302
45	017	SC	CALHOUN	HAY	45
38	063	ND	NELSON	HAY	(D)
51	027	VA	BUCHANAN	HAY	518
56	021	WY	LARAMIE	HAY	8,298
01	013	AL	BUTLER	HAY	7,921
21	103	KY	HENRY	HAY	26,276
48	001	TX	ANDERSON	HAY	44,501
16	087	ID	WASHINGTON	GRASSES & LEGUMES TOTALS	(D)
13	109	GA	EVANS	HAY	4,263
53	043	WA	LINCOLN	GRASSES & LEGUMES TOTALS	3,199
45	019	SC	CHARLESTON	HAY	580
31	011	NE	BOONE	HAY	4,778
47	175	TN	VAN BUREN	HAY	367
27	137	MN	ST. LOUIS	HAY	119
45	033	SC	DILLON	HAY	987
56	015	WY	GOSHEN	HAY	8,134
29	173	MO	RALLS	HAY	(D)
37	065	NC	EDGECOMBE	GRASSES & LEGUMES TOTALS	(D)
17	079	IL	JASPER	HAY	924
29	093	MO	IRON	HAY	9,497
48	273	TX	KLEBERG	HAY	2,040
21	097	KY	HARRISON	HAY	4,952
54	051	WV	MARSHALL	HAY	11,377
48	209	TX	HAYS	HAY	66
48	305	TX	LYNN	HAY	(D)
51	049	VA	CUMBERLAND	HAY	56
55	049	WI	IOWA	HAY	4,759
27	005	MN	BECKER	HAY	6,720
21	047	KY	CHRISTIAN	HAY	1,514
22	077	LA	POINTE COUPEE	HAY	5,913
31	109	NE	LANCASTER	HAY	1,438
51	185	VA	TAZEWELL	HAY	980
01	085	AL	LOWNDES	HAY	438
29	186	MO	STE GENEVIEVE	HAY	852
48	473	TX	WALLER	HAY	1,073
30	003	MT	BIG HORN	HAY	54,178
48	177	TX	GONZALES	HAY	25,489
21	141	KY	LOGAN	HAY	18,004
01	045	AL	DALE	HAY	100
29	199	MO	SCOTLAND	HAY	3,170
55	141	WI	WOOD	HAY	29,923
46	095	SD	MELLETTE	HAY	58,228
30	039	MT	GRANITE	HAY	17,272
33	009	NH	GRAFTON	HAY	7,282
01	041	AL	CRENSHAW	HAY	30
55	101	WI	RACINE	SOD	1,227
48	115	TX	DAWSON	HAY	(D)
27	095	MN	MILLE LACS	HAY	16,437
21	147	KY	MCCREARY	HAY	522
13	169	GA	JONES	HAY	250
13	055	GA	CHATTOOGA	HAY	(D)
40	051	OK	GRADY	HAY	6,194
13	033	GA	BURKE	HAY	1,420
17	105	IL	LIVINGSTON	HAY	2,298
48	229	TX	HUDSPETH	HAY	9,733
01	073	AL	JEFFERSON	HAY	4,851
48	201	TX	HARRIS	SOD	7,041
48	411	TX	SAN SABA	HAY	11,465
13	051	GA	CHATHAM	HAY	(D)
30	005	MT	BLAINE	HAY	49,946
50	025	VT	WINDHAM	HAY	2,680
55	135	WI	WAUPACA	HAY	248
55	039	WI	FOND DU LAC	HAY	193
26	105	MI	MASON	HAY	8,923
21	163	KY	MEADE	HAY	12,174
32	013	NV	HUMBOLDT	HAY	58,386
21	141	KY	LOGAN	HAY	(D)
47	015	TN	CANNON	HAY	195
28	009	MS	BENTON	HAY	(D)
16	009	ID	BENEWAH	HAY	9,735
48	023	TX	BAYLOR	HAY	1,011
48	459	TX	UPSHUR	HAY	24,266
48	427	TX	STARR	HAY	2,255
54	095	WV	TYLER	HAY	(D)
13	157	GA	JACKSON	HAY	85
06	027	CA	INYO	HAY	390
35	035	NM	OTERO	HAY	964
39	101	OH	MARION	HAY	1,122
42	099	PA	PERRY	HAY	4,142
13	107	GA	EMANUEL	HAY	2,577
26	113	MI	MISSAUKEE	HAY	14,525
12	133	FL	WASHINGTON	HAY	(D)
05	113	AR	POLK	HAY	425
24	047	MD	WORCESTER	HAY	607
31	059	NE	FILLMORE	HAY	688
41	005	OR	CLACKAMAS	GRASSES & LEGUMES TOTALS	1,822
47	047	TN	FAYETTE	HAY	639
24	043	MD	WASHINGTON	HAY	25
34	039	NJ	UNION	HAY	(D)
12	049	FL	HARDEE	HAY	(D)
20	147	KS	PHILLIPS	HAY	799
20	155	KS	RENO	GRASSES & LEGUMES TOTALS	(D)
54	107	WV	WOOD	HAY	11,853
29	031	MO	CAPE GIRARDEAU	HAY	(D)
35	003	NM	CATRON	HAY	783
29	085	MO	HICKORY	GRASSES & LEGUMES TOTALS	459
40	011	OK	BLAINE	HAY	37,844
47	179	TN	WASHINGTON	HAY	277
41	045	OR	MALHEUR	HAY	50,599
39	057	OH	GREENE	SOD	(D)
30	055	MT	MCCONE	HAY	5,156
16	081	ID	TETON	HAY	11,160
41	055	OR	SHERMAN	GRASSES & LEGUMES TOTALS	(D)
46	041	SD	DEWEY	HAY	(D)
01	005	AL	BARBOUR	HAY	623
26	157	MI	TUSCOLA	HAY	12,238
13	137	GA	HABERSHAM	HAY	4,936
26	065	MI	INGHAM	HAY	(D)
29	121	MO	MACON	HAY	184
16	019	ID	BONNEVILLE	SOD	(D)
27	151	MN	SWIFT	HAY	(D)
29	201	MO	SCOTT	HAY	94
47	105	TN	LOUDON	SOD	(D)
06	011	CA	COLUSA	HAY	4,260
17	113	IL	MCLEAN	HAY	864
20	043	KS	DONIPHAN	HAY	3,333
24	031	MD	MONTGOMERY	SOD	1,830
29	051	MO	COLE	HAY	(D)
12	027	FL	DE SOTO	SOD	3,806
24	039	MD	SOMERSET	HAY	(D)
30	011	MT	CARTER	HAY	1,430
48	375	TX	POTTER	HAY	4,261
26	009	MI	ANTRIM	HAY	(D)
34	025	NJ	MONMOUTH	HAY	(D)
48	405	TX	SAN AUGUSTINE	HAY	490
40	149	OK	WASHITA	HAY	1,539
38	037	ND	GRANT	HAY	64,151
26	027	MI	CASS	HAY	83
06	077	CA	SAN JOAQUIN	GRASSES & LEGUMES TOTALS	196
37	065	NC	EDGECOMBE	HAY	(D)
37	035	NC	CATAWBA	SOD	(D)
39	069	OH	HENRY	HAY	2,894
30	023	MT	DEER LODGE	HAY	4,584
16	055	ID	KOOTENAI	HAY	4,781
17	133	IL	MONROE	HAY	4,330
19	037	IA	CHICKASAW	HAY	(D)
39	045	OH	FAIRFIELD	HAY	(D)
13	007	GA	BAKER	HAY	(D)
48	331	TX	MILAM	HAY	445
36	083	NY	RENSSELAER	HAY	43
48	129	TX	DONLEY	HAY	5,613
36	003	NY	ALLEGANY	HAY	164
41	009	OR	COLUMBIA	HAY	394
47	037	TN	DAVIDSON	HAY	6,114
19	117	IA	LUCAS	HAY	18,993
37	015	NC	BERTIE	HAY	(D)
08	043	CO	FREMONT	HAY	2,854
48	393	TX	ROBERTS	HAY	2,192
17	159	IL	RICHLAND	HAY	(D)
21	155	KY	MARION	HAY	1,542
20	141	KS	OSBORNE	HAY	1,888
40	103	OK	NOBLE	HAY	34,636
28	061	MS	JASPER	HAY	4,765
39	137	OH	PUTNAM	HAY	18
35	047	NM	SAN MIGUEL	HAY	(D)
13	213	GA	MURRAY	HAY	(D)
01	067	AL	HENRY	SOD	(D)
47	043	TN	DICKSON	HAY	317
40	023	OK	CHOCTAW	HAY	488
46	117	SD	STANLEY	HAY	(D)
28	097	MS	MONTGOMERY	HAY	7,646
20	079	KS	HARVEY	HAY	3,485
56	029	WY	PARK	HAY	43,141
29	011	MO	BARTON	HAY	1,018
54	103	WV	WETZEL	HAY	599
54	003	WV	BERKELEY	HAY	(D)
18	003	IN	ALLEN	HAY	7,474
46	077	SD	KINGSBURY	HAY	14,261
04	021	AZ	PINAL	GRASSES & LEGUMES TOTALS	(D)
42	047	PA	ELK	HAY	1,316
37	005	NC	ALLEGHANY	HAY	10,106
37	089	NC	HENDERSON	HAY	34
27	061	MN	ITASCA	HAY	15,564
06	039	CA	MADERA	HAY	5,263
26	133	MI	OSCEOLA	HAY	4,880
16	067	ID	MINIDOKA	HAY	35,409
16	011	ID	BINGHAM	HAY	(D)
20	187	KS	STANTON	HAY	(D)
20	085	KS	JACKSON	HAY	2,601
05	145	AR	WHITE	HAY	1,359
29	139	MO	MONTGOMERY	HAY	(D)
31	001	NE	ADAMS	HAY	2,374
31	107	NE	KNOX	HAY	44,660
48	261	TX	KENEDY	HAY	(D)
01	033	AL	COLBERT	HAY	(D)
17	103	IL	LEE	HAY	2,413
48	377	TX	PRESIDIO	HAY	51
48	005	TX	ANGELINA	HAY	7,037
37	069	NC	FRANKLIN	HAY	9,508
29	003	MO	ANDREW	HAY	11,067
34	003	NJ	BERGEN	HAY	(D)
37	125	NC	MOORE	HAY	(D)
30	041	MT	HILL	HAY	10,729
48	315	TX	MARION	HAY	(D)
08	011	CO	BENT	HAY	6,178
12	111	FL	ST. LUCIE	HAY	514
30	007	MT	BROADWATER	HAY	29,457
48	101	TX	COTTLE	HAY	(D)
34	035	NJ	SOMERSET	HAY	99
16	017	ID	BONNER	HAY	8,695
53	047	WA	OKANOGAN	HAY	15,967
21	141	KY	LOGAN	HAY	16,371
17	019	IL	CHAMPAIGN	HAY	(D)
31	133	NE	PAWNEE	HAY	69
55	127	WI	WALWORTH	SOD	(D)
19	141	IA	O BRIEN	HAY	2,665
41	033	OR	JOSEPHINE	HAY	405
26	125	MI	OAKLAND	HAY	34
13	217	GA	NEWTON	HAY	24
20	187	KS	STANTON	HAY	(D)
42	099	PA	PERRY	HAY	16,799
40	143	OK	TULSA	SOD	(D)
53	037	WA	KITTITAS	HAY	35,627
32	013	NV	HUMBOLDT	HAY	58,386
49	021	UT	IRON	GRASSES & LEGUMES TOTALS	120
08	077	CO	MESA	GRASSES & LEGUMES TOTALS	(D)
40	057	OK	HARMON	HAY	24,387
48	091	TX	COMAL	HAY	2,117
21	003	KY	ALLEN	HAY	1,507
41	049	OR	MORROW	HAY	2,852
41	071	OR	YAMHILL	GRASSES & LEGUMES TOTALS	6,601
20	127	KS	MORRIS	HAY	(D)
46	102	SD	OGLALA LAKOTA	HAY	(D)
40	105	OK	NOWATA	HAY	1,062
37	013	NC	BEAUFORT	HAY	(D)
32	011	NV	EUREKA	HAY	4,799
46	007	SD	BENNETT	HAY	2,417
17	097	IL	LAKE	HAY	2,386
01	011	AL	BULLOCK	HAY	9,460
49	039	UT	SANPETE	HAY	9,798
27	101	MN	MURRAY	HAY	8,907
56	019	WY	JOHNSON	HAY	8,739
51	157	VA	RAPPAHANNOCK	HAY	14,268
13	027	GA	BROOKS	HAY	1,970
08	045	CO	GARFIELD	HAY	33,068
05	103	AR	OUACHITA	HAY	3,690
36	049	NY	LEWIS	HAY	9,093
54	049	WV	MARION	HAY	6,918
32	005	NV	DOUGLAS	HAY	10,746
53	019	WA	FERRY	HAY	1,961
08	069	CO	LARIMER	HAY	15,980
45	087	SC	UNION	HAY	(D)
25	015	MA	HAMPSHIRE	HAY	(D)
36	051	NY	LIVINGSTON	HAY	8,348
29	161	MO	PHELPS	HAY	(D)
05	045	AR	FAULKNER	HAY	36,613
18	091	IN	LA PORTE	HAY	56
13	211	GA	MORGAN	HAY	12,519
36	117	NY	WAYNE	HAY	4,182
38	097	ND	TRAILL	HAY	2,098
20	095	KS	KINGMAN	HAY	2,504
17	129	IL	MENARD	HAY	1,081
48	243	TX	JEFF DAVIS	HAY	(D)
28	115	MS	PONTOTOC	GRASSES & LEGUMES TOTALS	(D)
29	201	MO	SCOTT	HAY	2,425
04	015	AZ	MOHAVE	HAY	3,764
47	061	TN	GRUNDY	HAY	(D)
08	055	CO	HUERFANO	HAY	3,605
38	087	ND	SLOPE	HAY	27,211
27	099	MN	MOWER	HAY	45
29	079	MO	GRUNDY	HAY	(D)
39	053	OH	GALLIA	HAY	50
54	053	WV	MASON	HAY	1,712
32	007	NV	ELKO	HAY	18,417
42	015	PA	BRADFORD	HAY	(D)
13	141	GA	HANCOCK	HAY	413
37	013	NC	BEAUFORT	HAY	(D)
12	019	FL	CLAY	HAY	(D)
49	005	UT	CACHE	HAY	33,589
32	019	NV	LYON	HAY	31,760
49	009	UT	DAGGETT	HAY	2,911
20	081	KS	HASKELL	HAY	4,120
21	103	KY	HENRY	HAY	31,022
08	109	CO	SAGUACHE	GRASSES & LEGUMES TOTALS	(D)
20	105	KS	LINCOLN	HAY	28
01	027	AL	CLAY	HAY	(D)
12	035	FL	FLAGLER	HAY	(D)
20	147	KS	PHILLIPS	HAY	9,219
45	037	SC	EDGEFIELD	HAY	4,097
41	057	OR	TILLAMOOK	HAY	827
47	147	TN	ROBERTSON	HAY	763
29	135	MO	MONITEAU	HAY	(D)
51	121	VA	MONTGOMERY	HAY	1,608
46	093	SD	MEADE	HAY	2,577
31	085	NE	HAYES	HAY	1,466
55	081	WI	MONROE	HAY	2,627
18	045	IN	FOUNTAIN	HAY	(D)
18	071	IN	JACKSON	HAY	842
48	457	TX	TYLER	HAY	541
18	067	IN	HOWARD	HAY	1,553
48	423	TX	SMITH	HAY	35,639
28	011	MS	BOLIVAR	HAY	1,080
05	123	AR	SAINT FRANCIS	HAY	1,672
31	105	NE	KIMBALL	HAY	6,475
55	051	WI	IRON	HAY	270
01	017	AL	CHAMBERS	HAY	13,325
34	025	NJ	MONMOUTH	GRASSES & LEGUMES TOTALS	58
39	053	OH	GALLIA	HAY	15,274
04	021	AZ	PINAL	HAY	12,316
35	053	NM	SOCORRO	HAY	7,747
26	101	MI	MANISTEE	HAY	2,954
20	121	KS	MIAMI	HAY	32,560
19	101	IA	JEFFERSON	HAY	5,019
17	007	IL	BOONE	HAY	2,809
13	115	GA	FLOYD	HAY	528
27	167	MN	WILKIN	HAY	(D)
47	131	TN	OBION	HAY	(D)
23	023	ME	SAGADAHOC	HAY	455
24	015	MD	CECIL	HAY	1,430
51	033	VA	CAROLINE	HAY	194
36	023	NY	CORTLAND	HAY	13,347
27	025	MN	CHISAGO	HAY	(D)
12	083	FL	MARION	GRASSES & LEGUMES TOTALS	467
51	099	VA	KING GEORGE	HAY	510
29	219	MO	WARREN	HAY	271
45	047	SC	GREENWOOD	HAY	189
21	189	KY	OWSLEY	HAY	1,741
37	125	NC	MOORE	HAY	(D)
13	231	GA	PIKE	HAY	4,950
31	097	NE	JOHNSON	HAY	3,304
54	075	WV	POCAHONTAS	HAY	1,104
51	097	VA	KING AND QUEEN	HAY	738
40	103	OK	NOBLE	GRASSES & LEGUMES TOTALS	(D)
41	003	OR	BENTON	HAY	1,124
01	051	AL	ELMORE	HAY	167
36	027	NY	DUTCHESS	HAY	197
17	085	IL	JO DAVIESS	HAY	3,121
35	051	NM	SIERRA	GRASSES & LEGUMES TOTALS	(D)
30	051	MT	LIBERTY	HAY	(D)
47	085	TN	HUMPHREYS	HAY	227
40	087	OK	MCCLAIN	HAY	25,945
39	021	OH	CHAMPAIGN	HAY	5,545
30	101	MT	TOOLE	HAY	8,677
26	049	MI	GENESEE	HAY	8,092
20	195	KS	TREGO	HAY	1,704
49	017	UT	GARFIELD	GRASSES & LEGUMES TOTALS	(D)
18	069	IN	HUNTINGTON	HAY	824
21	023	KY	BRACKEN	HAY	(D)
30	025	MT	FALLON	HAY	82,081
24	001	MD	ALLEGANY	HAY	(D)
19	133	IA	MONONA	HAY	(D)
26	159	MI	VAN BUREN	HAY	184
21	167	KY	MERCER	HAY	(D)
08	061	CO	KIOWA	HAY	764
27	113	MN	PENNINGTON	HAY	2,867
27	149	MN	STEVENS	HAY	(D)
27	099	MN	MOWER	HAY	956
22	081	LA	RED RIVER	HAY	7,799
27	025	MN	CHISAGO	HAY	(D)
37	165	NC	SCOTLAND	HAY	(D)
48	179	TX	GRAY	HAY	2,683
46	011	SD	BROOKINGS	HAY	(D)
46	117	SD	STANLEY	HAY	36,480
48	141	TX	EL PASO	HAY	1,786
37	051	NC	CUMBERLAND	HAY	183
18	017	IN	CASS	HAY	2,257
45	049	SC	HAMPTON	HAY	373
51	075	VA	GOOCHLAND	HAY	203
12	115	FL	SARASOTA	HAY	(D)
22	015	LA	BOSSIER	HAY	650
08	113	CO	SAN MIGUEL	HAY	(D)
18	013	IN	BROWN	HAY	(D)
31	061	NE	FRANKLIN	HAY	3,284
29	081	MO	HARRISON	HAY	34,260
53	001	WA	ADAMS	HAY	12,737
48	199	TX	HARDIN	HAY	60
08	115	CO	SEDGWICK	HAY	683
26	049	MI	GENESEE	HAY	6,306
55	137	WI	WAUSHARA	HAY	(D)
12	133	FL	WASHINGTON	HAY	4,154
26	011	MI	ARENAC	HAY	696
42	033	PA	CLEARFIELD	HAY	607
47	051	TN	FRANKLIN	HAY	12,670
29	223	MO	WAYNE	HAY	(D)
48	507	TX	ZAVALA	HAY	6,447
27	167	MN	WILKIN	HAY	(D)
06	023	CA	HUMBOLDT	HAY	446
27	115	MN	PINE	HAY	20,784
48	079	TX	COCHRAN	HAY	(D)
05	143	AR	WASHINGTON	HAY	332
48	193	TX	HAMILTON	HAY	(D)
28	115	MS	PONTOTOC	HAY	10,061
47	157	TN	SHELBY	HAY	50
04	019	AZ	PIMA	GRASSES & LEGUMES TOTALS	(D)
12	009	FL	BREVARD	HAY	(D)
54	089	WV	SUMMERS	HAY	7,720
17	023	IL	CLARK	HAY	27
18	015	IN	CARROLL	HAY	1,557
01	031	AL	COFFEE	SOD	(D)
48	021	TX	BASTROP	HAY	451
08	083	CO	MONTEZUMA	GRASSES & LEGUMES TOTALS	(D)
27	053	MN	HENNEPIN	HAY	43
05	027	AR	COLUMBIA	HAY	7,087
40	101	OK	MUSKOGEE	HAY	88,108
18	143	IN	SCOTT	HAY	1,197
27	019	MN	CARVER	HAY	1,952
28	019	MS	CHOCTAW	HAY	4,037
54	007	WV	BRAXTON	HAY	28
18	073	IN	JASPER	HAY	2,355
41	043	OR	LINN	GRASSES & LEGUMES TOTALS	149,091
55	033	WI	DUNN	HAY	3,441
37	023	NC	BURKE	GRASSES & LEGUMES TOTALS	4
42	077	PA	LEHIGH	HAY	(D)
53	077	WA	YAKIMA	HAY	32,493
12	101	FL	PASCO	HAY	719
20	025	KS	CLARK	HAY	8,682
16	017	ID	BONNER	HAY	478
40	069	OK	JOHNSTON	HAY	(D)
48	029	TX	BEXAR	HAY	1,601
51	036	VA	CHARLES CITY	HAY	1,225
21	237	KY	WOLFE	HAY	5,401
32	007	NV	ELKO	HAY	88,225
54	071	WV	PENDLETON	HAY	37
39	163	OH	VINTON	HAY	438
48	349	TX	NAVARRO	HAY	41,792
13	237	GA	PUTNAM	HAY	5,487
50	017	VT	ORANGE	HAY	(D)
46	125	SD	TURNER	HAY	3,311
37	189	NC	WATAUGA	HAY	335
05	047	AR	FRANKLIN	HAY	37
48	397	TX	ROCKWALL	HAY	2,468
01	071	AL	JACKSON	HAY	542
27	007	MN	BELTRAMI	GRASSES & LEGUMES TOTALS	1,045
06	065	CA	RIVERSIDE	HAY	59,933
08	035	CO	DOUGLAS	HAY	2,288
19	149	IA	PLYMOUTH	HAY	(D)
27	159	MN	WADENA	HAY	412
20	187	KS	STANTON	HAY	(D)
51	083	VA	HALIFAX	HAY	485
35	001	NM	BERNALILLO	HAY	2,995
06	045	CA	MENDOCINO	HAY	6,170
48	451	TX	TOM GREEN	HAY	7,424
01	019	AL	CHEROKEE	HAY	8,843
48	443	TX	TERRELL	HAY	4,650
21	191	KY	PENDLETON	HAY	(D)
30	025	MT	FALLON	HAY	(D)
40	009	OK	BECKHAM	HAY	7,829
37	023	NC	BURKE	HAY	(D)
05	011	AR	BRADLEY	SOD	(D)
50	021	VT	RUTLAND	HAY	9,836
12	131	FL	WALTON	HAY	8,158
05	137	AR	STONE	HAY	(D)
51	081	VA	GREENSVILLE	HAY	456
37	169	NC	STOKES	HAY	(D)
25	023	MA	PLYMOUTH	HAY	1,338
26	063	MI	HURON	HAY	(D)
35	051	NM	SIERRA	HAY	930
05	085	AR	LONOKE	HAY	1,095
47	055	TN	GILES	HAY	84
13	237	GA	PUTNAM	HAY	(D)
25	013	MA	HAMPDEN	HAY	3,506
31	037	NE	COLFAX	HAY	175
48	431	TX	STERLING	HAY	(D)
01	083	AL	LIMESTONE	HAY	260
06	049	CA	MODOC	GRASSES & LEGUMES TOTALS	(D)
38	057	ND	MERCER	HAY	776
22	115	LA	VERNON	HAY	5,705
31	029	NE	CHASE	HAY	6,461
27	001	MN	AITKIN	HAY	92
41	025	OR	HARNEY	HAY	37,929
31	077	NE	GREELEY	HAY	6,131
26	057	MI	GRATIOT	HAY	10,141
01	067	AL	HENRY	HAY	(D)
19	113	IA	LINN	HAY	10,857
05	023	AR	CLEBURNE	HAY	30,575
48	411	TX	SAN SABA	HAY	1,456
08	029	CO	DELTA	HAY	5,406
40	117	OK	PAWNEE	HAY	662
31	119	NE	MADISON	HAY	2,517
47	183	TN	WEAKLEY	HAY	(D)
20	021	KS	CHEROKEE	HAY	(D)
53	025	WA	GRANT	SOD	(D)
21	171	KY	MONROE	GRASSES & LEGUMES TOTALS	600
30	073	MT	PONDERA	HAY	3,863
22	119	LA	WEBSTER	HAY	(D)
42	111	PA	SOMERSET	HAY	10,842
20	159	KS	RICE	HAY	8,638
31	185	NE	YORK	HAY	1,482
41	003	OR	BENTON	HAY	(D)
18	001	IN	ADAMS	HAY	137
01	031	AL	COFFEE	HAY	291
27	061	MN	ITASCA	HAY	24,547
47	081	TN	HICKMAN	HAY	252
46	015	SD	BRULE	HAY	16,290
21	231	KY	WAYNE	HAY	578
06	015	CA	DEL NORTE	HAY	(D)
53	051	WA	PEND OREILLE	HAY	2,906
06	043	CA	MARIPOSA	HAY	(D)
31	123	NE	MORRILL	HAY	47,281
20	133	KS	NEOSHO	HAY	638
46	005	SD	BEADLE	HAY	43,283
37	017	NC	BLADEN	HAY	223
41	013	OR	CROOK	GRASSES & LEGUMES TOTALS	137
54	089	WV	SUMMERS	HAY	10
48	479	TX	WEBB	HAY	2,687
17	093	IL	KENDALL	HAY	1,790
37	021	NC	BUNCOMBE	HAY	(D)
31	025	NE	CASS	HAY	(D)
48	171	TX	GILLESPIE	HAY	(D)
46	059	SD	HAND	HAY	57,655
12	075	FL	LEVY	HAY	19,570
26	073	MI	ISABELLA	HAY	18,447
39	149	OH	SHELBY	HAY	1,159
37	185	NC	WARREN	HAY	5,906
54	041	WV	LEWIS	HAY	7,960
49	003	UT	BOX ELDER	HAY	37,788
47	139	TN	POLK	HAY	(D)
17	033	IL	CRAWFORD	HAY	1,667
05	035	AR	CRITTENDEN	HAY	(D)
55	087	WI	OUTAGAMIE	SOD	(D)
49	047	UT	UINTAH	GRASSES & LEGUMES TOTALS	60
42	071	PA	LANCASTER	HAY	162
48	369	TX	PARMER	HAY	(D)
42	093	PA	MONTOUR	HAY	3,080
48	147	TX	FANNIN	HAY	55,161
16	075	ID	PAYETTE	GRASSES & LEGUMES TOTALS	(D)
17	091	IL	KANKAKEE	HAY	2,635
13	241	GA	RABUN	HAY	(D)
12	041	FL	GILCHRIST	HAY	1,921
31	141	NE	PLATTE	HAY	10,625
28	097	MS	MONTGOMERY	HAY	(D)
48	075	TX	CHILDRESS	HAY	3,759
08	083	CO	MONTEZUMA	HAY	10,167
29	063	MO	DE KALB	HAY	1,872
46	079	SD	LAKE	HAY	(D)
55	101	WI	RACINE	HAY	719
27	143	MN	SIBLEY	HAY	5,949
48	357	TX	OCHILTREE	HAY	(D)
40	031	OK	COMANCHE	HAY	26,627
37	105	NC	LEE	HAY	261
22	017	LA	CADDO	SOD	(D)
34	021	NJ	MERCER	GRASSES & LEGUMES TOTALS	(D)
05	073	AR	LAFAYETTE	HAY	14,136
37	071	NC	GASTON	HAY	6,602
26	089	MI	LEELANAU	HAY	(D)
05	107	AR	PHILLIPS	HAY	(D)
19	075	IA	GRUNDY	HAY	1,927
39	081	OH	JEFFERSON	HAY	(D)
18	125	IN	PIKE	HAY	1,014
47	031	TN	COFFEE	HAY	666
35	047	NM	SAN MIGUEL	HAY	(D)
37	029	NC	CAMDEN	HAY	85
48	391	TX	REFUGIO	HAY	(D)
39	151	OH	STARK	HAY	264
40	043	OK	DEWEY	HAY	1,055
06	071	CA	SAN BERNARDINO	GRASSES & LEGUMES TOTALS	(D)
34	001	NJ	ATLANTIC	GRASSES & LEGUMES TOTALS	(D)
17	015	IL	CARROLL	HAY	5,622
51	179	VA	STAFFORD	HAY	1,749
08	011	CO	BENT	HAY	3,830
48	309	TX	MCLENNAN	HAY	606
39	047	OH	FAYETTE	HAY	758
06	083	CA	SANTA BARBARA	HAY	1,000
40	095	OK	MARSHALL	HAY	10,480
20	007	KS	BARBER	HAY	3,687
20	093	KS	KEARNY	HAY	5,234
06	021	CA	GLENN	HAY	7,260
45	027	SC	CLARENDON	HAY	(D)
04	005	AZ	COCONINO	HAY	(D)
08	039	CO	ELBERT	HAY	4,874
22	025	LA	CATAHOULA	HAY	(D)
55	053	WI	JACKSON	HAY	18,554
19	063	IA	EMMET	HAY	437
42	093	PA	MONTOUR	HAY	1,285
19	015	IA	BOONE	HAY	5,612
28	091	MS	MARION	HAY	6,402
18	025	IN	CRAWFORD	HAY	353
31	087	NE	HITCHCOCK	HAY	1,655
05	103	AR	OUACHITA	HAY	220
30	011	MT	CARTER	HAY	2,116
27	111	MN	OTTER TAIL	HAY	2,971
55	039	WI	FOND DU LAC	HAY	13,897
31	143	NE	POLK	HAY	2,477
08	013	CO	BOULDER	HAY	6,978
17	177	IL	STEPHENSON	HAY	1,538
30	069	MT	PETROLEUM	HAY	5,158
46	019	SD	BUTTE	HAY	19,672
17	083	IL	JERSEY	HAY	2,469
41	067	OR	WASHINGTON	GRASSES & LEGUMES TOTALS	33,104
12	127	FL	VOLUSIA	HAY	555
36	057	NY	MONTGOMERY	HAY	19,238
53	027	WA	GRAYS HARBOR	HAY	328
27	035	MN	CROW WING	HAY	5,585
32	005	NV	DOUGLAS	HAY	6,949
46	123	SD	TRIPP	HAY	308
21	089	KY	GREENUP	HAY	404
19	121	IA	MADISON	HAY	5,059
48	149	TX	FAYETTE	HAY	552
29	017	MO	BOLLINGER	HAY	694
37	117	NC	MARTIN	HAY	9
40	067	OK	JEFFERSON	HAY	(D)
13	293	GA	UPSON	HAY	4,232
54	109	WV	WYOMING	HAY	(D)
20	005	KS	ATCHISON	HAY	12,147
37	195	NC	WILSON	HAY	2,437
47	179	TN	WASHINGTON	HAY	18
31	065	NE	FURNAS	HAY	1,625
12	005	FL	BAY	HAY	2,415
31	167	NE	STANTON	HAY	(D)
49	037	UT	SAN JUAN	HAY	3,219
08	097	CO	PITKIN	HAY	3,052
48	467	TX	VAN ZANDT	HAY	59,284
51	049	VA	CUMBERLAND	HAY	7,212
17	181	IL	UNION	HAY	105
30	061	MT	MINERAL	HAY	1,898
05	147	AR	WOODRUFF	HAY	306
29	059	MO	DALLAS	GRASSES & LEGUMES TOTALS	1,921
01	013	AL	BUTLER	HAY	(D)
13	069	GA	COFFEE	HAY	163
37	025	NC	CABARRUS	HAY	150
01	095	AL	MARSHALL	HAY	201
17	187	IL	WARREN	HAY	2,848
34	041	NJ	WARREN	HAY	6,415
48	161	TX	FREESTONE	HAY	223
55	125	WI	VILAS	HAY	(D)
39	079	OH	JACKSON	HAY	11,780
36	071	NY	ORANGE	HAY	(D)
37	001	NC	ALAMANCE	HAY	(D)
27	023	MN	CHIPPEWA	HAY	1,228
48	443	TX	TERRELL	HAY	4,650
31	011	NE	BOONE	HAY	20,322
13	235	GA	PULASKI	SOD	(D)
40	041	OK	DELAWARE	HAY	94
48	479	TX	WEBB	HAY	1,705
17	047	IL	EDWARDS	HAY	372
21	219	KY	TODD	HAY	16
01	081	AL	LEE	HAY	635
48	097	TX	COOKE	HAY	553
42	091	PA	MONTGOMERY	SOD	(D)
37	151	NC	RANDOLPH	HAY	1,046
17	057	IL	FULTON	HAY	4,187
32	017	NV	LINCOLN	HAY	13,836
28	157	MS	WILKINSON	HAY	1,905
27	159	MN	WADENA	HAY	9,049
26	135	MI	OSCODA	HAY	3,211
48	317	TX	MARTIN	HAY	11,768
36	043	NY	HERKIMER	HAY	(D)
41	031	OR	JEFFERSON	HAY	9,433
21	229	KY	WASHINGTON	HAY	2,880
27	021	MN	CASS	HAY	(D)
09	005	CT	LITCHFIELD	GRASSES & LEGUMES TOTALS	(D)
01	059	AL	FRANKLIN	HAY	16,391
18	017	IN	CASS	HAY	613
48	243	TX	JEFF DAVIS	HAY	(D)
56	029	WY	PARK	HAY	41,787
31	025	NE	CASS	HAY	(D)
22	109	LA	TERREBONNE	HAY	22
13	081	GA	CRISP	SOD	(D)
48	319	TX	MASON	HAY	10,442
54	091	WV	TAYLOR	HAY	6,522
35	031	NM	MCKINLEY	HAY	(D)
53	025	WA	GRANT	HAY	115,997
12	057	FL	HILLSBOROUGH	SOD	5,548
20	181	KS	SHERMAN	HAY	(D)
46	101	SD	MOODY	HAY	5,715
31	099	NE	KEARNEY	HAY	398
01	049	AL	DE KALB	HAY	788
29	013	MO	BATES	HAY	1,496
47	185	TN	WHITE	HAY	217
27	057	MN	HUBBARD	HAY	3,624
12	119	FL	SUMTER	HAY	36
51	101	VA	KING WILLIAM	HAY	(D)
48	041	TX	BRAZOS	HAY	13,347
24	037	MD	ST MARYS	HAY	(D)
24	033	MD	PRINCE GEORGES	HAY	229
46	107	SD	POTTER	HAY	7,398
17	165	IL	SALINE	HAY	7,318
34	015	NJ	GLOUCESTER	HAY	2,997
21	227	KY	WARREN	HAY	4
29	157	MO	PERRY	HAY	19,700
16	031	ID	CASSIA	SOD	(D)
34	001	NJ	ATLANTIC	GRASSES & LEGUMES TOTALS	33
13	057	GA	CHEROKEE	HAY	5,069
28	093	MS	MARSHALL	HAY	109
06	015	CA	DEL NORTE	HAY	(D)
30	061	MT	MINERAL	HAY	1,527
30	093	MT	SILVER BOW	HAY	2,042
48	403	TX	SABINE	HAY	2,658
46	081	SD	LAWRENCE	HAY	36
35	053	NM	SOCORRO	HAY	1,386
18	001	IN	ADAMS	HAY	5,477
21	119	KY	KNOTT	HAY	505
05	005	AR	BAXTER	HAY	12,360
21	185	KY	OLDHAM	HAY	8,139
21	099	KY	HART	HAY	5,598
18	127	IN	PORTER	SOD	(D)
51	155	VA	PULASKI	HAY	13,807
46	053	SD	GREGORY	HAY	52,748
18	137	IN	RIPLEY	HAY	6,351
19	143	IA	OSCEOLA	HAY	1,134
19	019	IA	BUCHANAN	SOD	300
27	055	MN	HOUSTON	HAY	2,249
21	205	KY	ROWAN	HAY	(D)
22	109	LA	TERREBONNE	HAY	22
24	019	MD	DORCHESTER	HAY	595
39	017	OH	BUTLER	HAY	235
48	445	TX	TERRY	HAY	15,230
36	083	NY	RENSSELAER	HAY	4,851
06	067	CA	SACRAMENTO	HAY	25,362
08	001	CO	ADAMS	HAY	10,829
01	125	AL	TUSCALOOSA	SOD	375
55	027	WI	DODGE	HAY	24
13	061	GA	CLAY	HAY	138
55	049	WI	IOWA	HAY	27,866
29	001	MO	ADAIR	HAY	35,271
17	181	IL	UNION	HAY	11,904
38	053	ND	MCKENZIE	HAY	45,759
22	081	LA	RED RIVER	HAY	7,799
34	005	NJ	BURLINGTON	HAY	(D)
19	097	IA	JACKSON	HAY	24,054
21	059	KY	DAVIESS	HAY	769
38	085	ND	SIOUX	HAY	73,189
48	281	TX	LAMPASAS	HAY	698
35	023	NM	HIDALGO	HAY	2,941
39	161	OH	VAN WERT	HAY	1,469
17	197	IL	WILL	HAY	67
48	125	TX	DICKENS	HAY	(D)
42	131	PA	WYOMING	HAY	(D)
18	027	IN	DAVIESS	HAY	28
31	043	NE	DAKOTA	HAY	58
13	273	GA	TERRELL	HAY	(D)
40	005	OK	ATOKA	HAY	38,649
37	121	NC	MITCHELL	HAY	281
06	001	CA	ALAMEDA	HAY	(D)
49	031	UT	PIUTE	GRASSES & LEGUMES TOTALS	(D)
49	031	UT	PIUTE	HAY	1,612
53	007	WA	CHELAN	HAY	71
08	071	CO	LAS ANIMAS	HAY	5,526
12	017	FL	CITRUS	HAY	64
12	057	FL	HILLSBOROUGH	HAY	396
17	129	IL	MENARD	HAY	452
50	017	VT	ORANGE	HAY	(D)
26	139	MI	OTTAWA	HAY	3,782
13	251	GA	SCREVEN	HAY	505
19	079	IA	HAMILTON	HAY	344
16	031	ID	CASSIA	HAY	58,735
13	085	GA	DAWSON	HAY	(D)
20	045	KS	DOUGLAS	HAY	20,014
48	347	TX	NACOGDOCHES	HAY	249
55	119	WI	TAYLOR	HAY	(D)
20	059	KS	FRANKLIN	HAY	28,398
39	009	OH	ATHENS	HAY	1,608
46	077	SD	KINGSBURY	HAY	(D)
39	107	OH	MERCER	HAY	(D)
35	045	NM	SAN JUAN	HAY	3,005
31	109	NE	LANCASTER	HAY	11,374
31	079	NE	HALL	HAY	8,618
19	101	IA	JEFFERSON	HAY	(D)
48	071	TX	CHAMBERS	HAY	11,610
36	003	NY	ALLEGANY	HAY	164
08	067	CO	LA PLATA	HAY	18,894
01	075	AL	LAMAR	HAY	435
22	011	LA	BEAUREGARD	HAY	15,440
48	335	TX	MITCHELL	HAY	1,458
08	067	CO	LA PLATA	HAY	33,558
18	147	IN	SPENCER	HAY	7,301
24	019	MD	DORCHESTER	HAY	405
55	017	WI	CHIPPEWA	HAY	165
39	045	OH	FAIRFIELD	SOD	(D)
02		AK	FAIRBANKS NORTH STAR	GRASSES & LEGUMES TOTALS	(D)
06	005	CA	AMADOR	HAY	(D)
20	119	KS	MEADE	HAY	4,756
56	043	WY	WASHAKIE	HAY	15,713
25	015	MA	HAMPSHIRE	HAY	976
39	001	OH	ADAMS	HAY	21,899
22	047	LA	IBERVILLE	HAY	2,047
48	051	TX	BURLESON	HAY	28,016
53	075	WA	WHITMAN	GRASSES & LEGUMES TOTALS	2,387
13	143	GA	HARALSON	HAY	3,999
22	019	LA	CALCASIEU	HAY	104
48	255	TX	KARNES	HAY	973
30	075	MT	POWDER RIVER	HAY	1,412
32	017	NV	LINCOLN	SOD	(D)
47	149	TN	RUTHERFORD	HAY	29,266
29	111	MO	LEWIS	HAY	(D)
56	021	WY	LARAMIE	HAY	18,161
18	097	IN	MARION	HAY	425
55	067	WI	LANGLADE	HAY	5,186
21	055	KY	CRITTENDEN	HAY	135
41	069	OR	WHEELER	HAY	6,925
09	015	CT	WINDHAM	HAY	7,119
18	151	IN	STEUBEN	HAY	3,724
20	085	KS	JACKSON	GRASSES & LEGUMES TOTALS	(D)
26	079	MI	KALKASKA	HAY	470
17	171	IL	SCOTT	HAY	702
46	055	SD	HAAKON	HAY	(D)
42	051	PA	FAYETTE	HAY	56
37	049	NC	CRAVEN	SOD	(D)
41	063	OR	WALLOWA	HAY	16,180
05	059	AR	HOT SPRING	HAY	(D)
48	355	TX	NUECES	HAY	(D)
18	127	IN	PORTER	HAY	2,388
26	149	MI	ST JOSEPH	HAY	7,619
37	195	NC	WILSON	HAY	2,466
13	317	GA	WILKES	HAY	(D)
47	145	TN	ROANE	HAY	24
05	063	AR	INDEPENDENCE	HAY	1,209
20	089	KS	JEWELL	HAY	242
34	005	NJ	BURLINGTON	HAY	6,120
44	009	RI	WASHINGTON	HAY	1,048
18	123	IN	PERRY	HAY	441
50	025	VT	WINDHAM	HAY	2,876
29	223	MO	WAYNE	HAY	(D)
35	027	NM	LINCOLN	HAY	(D)
29	075	MO	GENTRY	HAY	23,545
29	073	MO	GASCONADE	HAY	543
27	049	MN	GOODHUE	HAY	18,623
13	147	GA	HART	HAY	8,210
56	021	WY	LARAMIE	HAY	12,863
46	065	SD	HUGHES	HAY	851
26	165	MI	WEXFORD	HAY	121
08	081	CO	MOFFAT	HAY	11,280
20	197	KS	WABAUNSEE	HAY	687
21	161	KY	MASON	HAY	17,683
30	081	MT	RAVALLI	HAY	12,106
01	029	AL	CLEBURNE	HAY	227
28	047	MS	HARRISON	SOD	90
47	173	TN	UNION	HAY	8,959
19	115	IA	LOUISA	HAY	(D)
22	025	LA	CATAHOULA	HAY	(D)
51	113	VA	MADISON	HAY	15,509
56	013	WY	FREMONT	HAY	54,234
26	007	MI	ALPENA	HAY	12,093
40	047	OK	GARFIELD	SOD	(D)
31	027	NE	CEDAR	HAY	2,824
18	003	IN	ALLEN	HAY	1,572
39	103	OH	MEDINA	HAY	49
17	189	IL	WASHINGTON	HAY	2,146
48	387	TX	RED RIVER	HAY	2,907
34	021	NJ	MERCER	HAY	358
32	017	NV	LINCOLN	HAY	13,836
26	061	MI	HOUGHTON	HAY	(D)
08	017	CO	CHEYENNE	HAY	17,156
13	095	GA	DOUGHERTY	HAY	451
18	177	IN	WAYNE	HAY	5,858
48	317	TX	MARTIN	HAY	1,269
01	059	AL	FRANKLIN	HAY	526
48	291	TX	LIBERTY	HAY	475
12	075	FL	LEVY	HAY	19,747
47	005	TN	BENTON	HAY	(D)
36	027	NY	DUTCHESS	HAY	(D)
48	013	TX	ATASCOSA	HAY	55
21	223	KY	TRIMBLE	HAY	(D)
31	151	NE	SALINE	HAY	155
17	167	IL	SANGAMON	HAY	(D)
41	033	OR	JOSEPHINE	HAY	3,283
26	157	MI	TUSCOLA	HAY	1,732
30	019	MT	DANIELS	HAY	5,663
16	081	ID	TETON	HAY	18,002
16	071	ID	ONEIDA	HAY	17,573
37	103	NC	JONES	SOD	240
40	021	OK	CHEROKEE	HAY	32,750
37	147	NC	PITT	HAY	444
05	111	AR	POINSETT	HAY	1,423
48	107	TX	CROSBY	HAY	(D)
25	017	MA	MIDDLESEX	HAY	4,391
20	079	KS	HARVEY	HAY	13,153
53	017	WA	DOUGLAS	HAY	1,968
12	131	FL	WALTON	HAY	7,716
36	069	NY	ONTARIO	HAY	13,443
30	031	MT	GALLATIN	HAY	41,028
29	185	MO	ST CLAIR	HAY	37,867
40	049	OK	GARVIN	HAY	738
19	071	IA	FREMONT	HAY	4,117
41	067	OR	WASHINGTON	HAY	4,780
36	017	NY	CHENANGO	HAY	21,044
48	491	TX	WILLIAMSON	HAY	(D)
06	023	CA	HUMBOLDT	HAY	367
46	063	SD	HARDING	HAY	2,080
31	035	NE	CLAY	HAY	3,826
42	039	PA	CRAWFORD	HAY	28,115
40	031	OK	COMANCHE	HAY	28,923
05	115	AR	POPE	SOD	3
21	083	KY	GRAVES	HAY	302
40	057	OK	HARMON	HAY	4,177
27	127	MN	REDWOOD	HAY	1,063
19	143	IA	OSCEOLA	HAY	388
47	127	TN	MOORE	HAY	(D)
04	007	AZ	GILA	HAY	269
16	077	ID	POWER	HAY	13,207
25	003	MA	BERKSHIRE	HAY	7,582
21	003	KY	ALLEN	HAY	24,385
48	397	TX	ROCKWALL	HAY	(D)
55	065	WI	LAFAYETTE	HAY	(D)
29	089	MO	HOWARD	HAY	73
53	011	WA	CLARK	HAY	(D)
26	149	MI	ST JOSEPH	SOD	(D)
31	115	NE	LOUP	HAY	1,849
48	015	TX	AUSTIN	HAY	29,613
48	237	TX	JACK	HAY	120
54	013	WV	CALHOUN	HAY	6,682
28	061	MS	JASPER	HAY	4,765
34	005	NJ	BURLINGTON	SOD	1,757
35	001	NM	BERNALILLO	HAY	2,699
13	045	GA	CARROLL	HAY	84
21	097	KY	HARRISON	HAY	35,790
31	139	NE	PIERCE	HAY	2,660
13	125	GA	GLASCOCK	HAY	633
26	037	MI	CLINTON	HAY	(D)
29	073	MO	GASCONADE	HAY	25,628
42	017	PA	BUCKS	HAY	822
08	077	CO	MESA	HAY	24,398
13	197	GA	MARION	HAY	5,087
48	217	TX	HILL	HAY	(D)
48	047	TX	BROOKS	HAY	(D)
30	047	MT	LAKE	HAY	7,002
46	121	SD	TODD	HAY	42,378
05	033	AR	CRAWFORD	HAY	22,292
30	009	MT	CARBON	HAY	35,505
40	013	OK	BRYAN	HAY	1,041
35	017	NM	GRANT	HAY	705
26	163	MI	WAYNE	HAY	204
09	009	CT	NEW HAVEN	HAY	521
46	101	SD	MOODY	HAY	178
26	113	MI	MISSAUKEE	HAY	(D)
27	043	MN	FARIBAULT	HAY	690
29	007	MO	AUDRAIN	GRASSES & LEGUMES TOTALS	(D)
53	037	WA	KITTITAS	HAY	23,969
08	105	CO	RIO GRANDE	HAY	22,605
48	029	TX	BEXAR	HAY	1,560
37	041	NC	CHOWAN	HAY	(D)
06	035	CA	LASSEN	HAY	48,405
29	209	MO	STONE	HAY	578
32	015	NV	LANDER	HAY	28,830
17	167	IL	SANGAMON	HAY	4,457
53	001	WA	ADAMS	HAY	12,737
38	009	ND	BOTTINEAU	HAY	13,736
13	073	GA	COLUMBIA	HAY	371
51	043	VA	CLARKE	HAY	11,093
41	029	OR	JACKSON	HAY	12,371
01	103	AL	MORGAN	HAY	617
51	159	VA	RICHMOND	HAY	755
55	031	WI	DOUGLAS	HAY	6,580
20	061	KS	GEARY	HAY	13,063
38	015	ND	BURLEIGH	HAY	75,882
39	099	OH	MAHONING	HAY	(D)
13	079	GA	CRAWFORD	HAY	(D)
51	105	VA	LEE	HAY	15,111
21	225	KY	UNION	HAY	5,001
22	101	LA	SAINT MARY	HAY	674
50	027	VT	WINDSOR	HAY	7,379
13	295	GA	WALKER	HAY	(D)
22	029	LA	CONCORDIA	HAY	(D)
12	029	FL	DIXIE	HAY	2,021
31	125	NE	NANCE	HAY	1,667
42	117	PA	TIOGA	HAY	628
46	129	SD	WALWORTH	HAY	15,327
08	115	CO	SEDGWICK	HAY	2,896
48	167	TX	GALVESTON	HAY	(D)
05	089	AR	MARION	HAY	120
47	017	TN	CARROLL	HAY	243
29	189	MO	ST LOUIS	HAY	(D)
30	095	MT	STILLWATER	SOD	(D)
39	059	OH	GUERNSEY	HAY	136
34	021	NJ	MERCER	HAY	2,110
55	017	WI	CHIPPEWA	HAY	22,733
18	159	IN	TIPTON	HAY	(D)
17	193	IL	WHITE	HAY	(D)
26	121	MI	MUSKEGON	HAY	(D)
37	171	NC	SURRY	HAY	172
23	029	ME	WASHINGTON	HAY	880
17	135	IL	MONTGOMERY	HAY	3,154
37	169	NC	STOKES	HAY	261
08	013	CO	BOULDER	HAY	6,975
08	029	CO	DELTA	HAY	5,438
16	025	ID	CAMAS	HAY	17,017
13	233	GA	POLK	HAY	34
47	117	TN	MARSHALL	HAY	26,086
16	013	ID	BLAINE	HAY	4,473
47	007	TN	BLEDSOE	HAY	(D)
47	057	TN	GRAINGER	HAY	15,024
45	041	SC	FLORENCE	HAY	1,268
27	009	MN	BENTON	SOD	(D)
30	065	MT	MUSSELSHELL	HAY	9,037
31	123	NE	MORRILL	HAY	6,487
09	005	CT	LITCHFIELD	HAY	11,321
19	043	IA	CLAYTON	HAY	3,816
17	135	IL	MONTGOMERY	HAY	(D)
31	109	NE	LANCASTER	SOD	227
42	125	PA	WASHINGTON	SOD	(D)
48	323	TX	MAVERICK	HAY	4,771
55	043	WI	GRANT	HAY	7,392
49	049	UT	UTAH	HAY	8,335
21	217	KY	TAYLOR	HAY	60
01	033	AL	COLBERT	HAY	5,807
21	151	KY	MADISON	SOD	(D)
29	043	MO	CHRISTIAN	GRASSES & LEGUMES TOTALS	301
05	121	AR	RANDOLPH	HAY	22,982
06	045	CA	MENDOCINO	HAY	298
31	141	NE	PLATTE	HAY	5,730
36	065	NY	ONEIDA	HAY	16,581
48	039	TX	BRAZORIA	HAY	399
31	001	NE	ADAMS	HAY	1,753
27	141	MN	SHERBURNE	HAY	152
27	079	MN	LE SUEUR	HAY	(D)
20	201	KS	WASHINGTON	HAY	(D)
06	039	CA	MADERA	HAY	4,714
13	083	GA	DADE	HAY	95
29	061	MO	DAVIESS	HAY	2,936
21	147	KY	MCCREARY	GRASSES & LEGUMES TOTALS	(D)
05	109	AR	PIKE	HAY	15,969
01	083	AL	LIMESTONE	HAY	14,084
28	017	MS	CHICKASAW	HAY	1,162
22	037	LA	EAST FELICIANA	HAY	14,963
54	085	WV	RITCHIE	HAY	10,576
47	087	TN	JACKSON	HAY	(D)
37	033	NC	CASWELL	HAY	90
18	049	IN	FULTON	HAY	(D)
48	039	TX	BRAZORIA	HAY	23,365
51	057	VA	ESSEX	HAY	90
13	249	GA	SCHLEY	HAY	(D)
51	117	VA	MECKLENBURG	HAY	528
31	149	NE	ROCK	HAY	10,382
21	163	KY	MEADE	HAY	(D)
31	163	NE	SHERMAN	HAY	716
40	047	OK	GARFIELD	HAY	2,606
26	117	MI	MONTCALM	HAY	1,551
19	089	IA	HOWARD	HAY	4,452
19	087	IA	HENRY	HAY	24
40	137	OK	STEPHENS	HAY	247
17	003	IL	ALEXANDER	HAY	1,907
38	059	ND	MORTON	HAY	50,665
49	013	UT	DUCHESNE	HAY	40,550
56	003	WY	BIG HORN	HAY	31,665
31	093	NE	HOWARD	HAY	3,848
40	015	OK	CADDO	HAY	7,142
37	017	NC	BLADEN	HAY	3,934
48	219	TX	HOCKLEY	HAY	(D)
27	065	MN	KANABEC	GRASSES & LEGUMES TOTALS	(D)
48	159	TX	FRANKLIN	HAY	20,783
48	055	TX	CALDWELL	HAY	889
13	115	GA	FLOYD	HAY	7,258
49	021	UT	IRON	HAY	55,874
02		AK	ANCHORAGE	SOD	(D)
17	055	IL	FRANKLIN	HAY	(D)
37	101	NC	JOHNSTON	HAY	8,049
28	081	MS	LEE	GRASSES & LEGUMES TOTALS	(D)
01	039	AL	COVINGTON	SOD	(D)
55	059	WI	KENOSHA	SOD	12
53	041	WA	LEWIS	HAY	2,198
42	119	PA	UNION	HAY	2,563
05	087	AR	MADISON	HAY	305
13	247	GA	ROCKDALE	HAY	(D)
48	123	TX	DE WITT	HAY	256
46	007	SD	BENNETT	HAY	27,105
53	041	WA	LEWIS	HAY	271
23	025	ME	SOMERSET	HAY	9,151
45	055	SC	KERSHAW	HAY	(D)
37	047	NC	COLUMBUS	HAY	(D)
49	041	UT	SEVIER	HAY	(D)
22	117	LA	WASHINGTON	HAY	(D)
35	041	NM	ROOSEVELT	HAY	25,680
47	129	TN	MORGAN	HAY	51
48	497	TX	WISE	HAY	441
32	023	NV	NYE	HAY	9,540
48	203	TX	HARRISON	HAY	209
29	101	MO	JOHNSON	GRASSES & LEGUMES TOTALS	363
31	075	NE	GRANT	HAY	(D)
21	201	KY	ROBERTSON	HAY	5,689
29	133	MO	MISSISSIPPI	HAY	(D)
35	035	NM	OTERO	GRASSES & LEGUMES TOTALS	(D)
01	077	AL	LAUDERDALE	HAY	250
08	019	CO	CLEAR CREEK	HAY	(D)
53	043	WA	LINCOLN	HAY	9,428
37	023	NC	BURKE	HAY	5,326
39	027	OH	CLINTON	HAY	4,094
30	043	MT	JEFFERSON	HAY	7,687
54	015	WV	CLAY	HAY	17
28	061	MS	JASPER	HAY	(D)
42	103	PA	PIKE	HAY	(D)
05	105	AR	PERRY	HAY	448
55	141	WI	WOOD	HAY	103
47	159	TN	SMITH	HAY	86
48	355	TX	NUECES	SOD	(D)
05	119	AR	PULASKI	HAY	(D)
22	003	LA	ALLEN	HAY	1,770
45	087	SC	UNION	HAY	130
06	079	CA	SAN LUIS OBISPO	HAY	3,971
30	037	MT	GOLDEN VALLEY	HAY	922
27	039	MN	DODGE	HAY	1,105
06	035	CA	LASSEN	GRASSES & LEGUMES TOTALS	267
05	143	AR	WASHINGTON	HAY	69,276
47	161	TN	STEWART	HAY	8,251
21	107	KY	HOPKINS	HAY	267
37	047	NC	COLUMBUS	HAY	307
21	219	KY	TODD	HAY	658
08	041	CO	EL PASO	HAY	1,664
56	013	WY	FREMONT	HAY	55,831
06	039	CA	MADERA	HAY	18,796
20	163	KS	ROOKS	HAY	407
08	003	CO	ALAMOSA	HAY	10,780
56	019	WY	JOHNSON	HAY	4,818
41	007	OR	CLATSOP	HAY	(D)
12	061	FL	INDIAN RIVER	HAY	12
48	183	TX	GREGG	HAY	(D)
05	127	AR	SCOTT	HAY	26,533
40	105	OK	NOWATA	HAY	(D)
55	071	WI	MANITOWOC	HAY	(D)
05	015	AR	CARROLL	HAY	35,894
13	321	GA	WORTH	HAY	3,899
39	071	OH	HIGHLAND	HAY	3,161
21	193	KY	PERRY	HAY	(D)
12	121	FL	SUWANNEE	SOD	884
30	051	MT	LIBERTY	HAY	4,794
23	013	ME	KNOX	HAY	176
29	055	MO	CRAWFORD	HAY	26,514
27	173	MN	YELLOW MEDICINE	HAY	(D)
21	181	KY	NICHOLAS	HAY	2,848
04	012	AZ	LAPAZ	HAY	4,404
37	011	NC	AVERY	HAY	(D)
38	033	ND	GOLDEN VALLEY	HAY	25,877
08	049	CO	GRAND	HAY	2,844
42	091	PA	MONTGOMERY	HAY	3,669
27	163	MN	WASHINGTON	HAY	1,697
21	215	KY	SPENCER	HAY	1,176
19	151	IA	POCAHONTAS	HAY	1,818
29	083	MO	HENRY	HAY	(D)
08	075	CO	LOGAN	GRASSES & LEGUMES TOTALS	423
47	109	TN	MCNAIRY	SOD	(D)
20	115	KS	MARION	HAY	37,024
21	175	KY	MORGAN	HAY	14,296
06	013	CA	CONTRA COSTA	HAY	(D)
48	323	TX	MAVERICK	HAY	4,799
48	195	TX	HANSFORD	HAY	13,132
44	009	RI	WASHINGTON	HAY	(D)
36	097	NY	SCHUYLER	HAY	(D)
27	151	MN	SWIFT	HAY	4,118
48	181	TX	GRAYSON	HAY	44,155
01	037	AL	COOSA	HAY	1,969
38	025	ND	DUNN	HAY	(D)
17	015	IL	CARROLL	HAY	(D)
51	131	VA	NORTHAMPTON	HAY	(D)
39	125	OH	PAULDING	HAY	1,937
13	169	GA	JONES	HAY	(D)
17	201	IL	WINNEBAGO	HAY	(D)
31	111	NE	LINCOLN	HAY	64,774
47	175	TN	VAN BUREN	HAY	6,186
06	073	CA	SAN DIEGO	HAY	(D)
42	005	PA	ARMSTRONG	HAY	8,836
22	069	LA	NATCHITOCHES	HAY	20,831
25	003	MA	BERKSHIRE	HAY	1,202
13	097	GA	DOUGLAS	HAY	(D)
13	097	GA	DOUGLAS	HAY	(D)
21	187	KY	OWEN	HAY	22,940
15	001	HI	HAWAII	HAY	(D)
21	183	KY	OHIO	HAY	11,650
38	093	ND	STUTSMAN	HAY	39,856
55	057	WI	JUNEAU	HAY	12,013
40	145	OK	WAGONER	HAY	1,572
48	367	TX	PARKER	HAY	(D)
19	123	IA	MAHASKA	HAY	(D)
31	103	NE	KEYA PAHA	HAY	2,901
13	133	GA	GREENE	HAY	(D)
53	013	WA	COLUMBIA	HAY	1,703
46	011	SD	BROOKINGS	HAY	10,130
51	173	VA	SMYTH	HAY	4,187
37	057	NC	DAVIDSON	HAY	11,247
18	091	IN	LA PORTE	HAY	9
54	051	WV	MARSHALL	HAY	1,986
27	035	MN	CROW WING	HAY	9,561
18	141	IN	ST. JOSEPH	SOD	(D)
37	195	NC	WILSON	HAY	(D)
41	071	OR	YAMHILL	HAY	1,386
26	045	MI	EATON	HAY	7,921
48	503	TX	YOUNG	HAY	(D)
48	401	TX	RUSK	HAY	27,122
38	043	ND	KIDDER	HAY	4,205
29	147	MO	NODAWAY	HAY	6,912
37	169	NC	STOKES	HAY	15,198
36	025	NY	DELAWARE	HAY	3,836
13	117	GA	FORSYTH	HAY	66
30	067	MT	PARK	HAY	37,112
35	007	NM	COLFAX	HAY	6,151
48	497	TX	WISE	HAY	46,174
13	307	GA	WEBSTER	HAY	186
18	065	IN	HENRY	HAY	2,489
30	005	MT	BLAINE	HAY	62,122
54	071	WV	PENDLETON	HAY	1,225
28	123	MS	SCOTT	HAY	(D)
25	023	MA	PLYMOUTH	HAY	26
38	007	ND	BILLINGS	HAY	28,973
29	113	MO	LINCOLN	GRASSES & LEGUMES TOTALS	(D)
45	007	SC	ANDERSON	SOD	(D)
33	005	NH	CHESHIRE	HAY	3,508
42	063	PA	INDIANA	HAY	12,192
17	029	IL	COLES	HAY	1,409
36	029	NY	ERIE	HAY	17,130
39	129	OH	PICKAWAY	HAY	(D)
18	125	IN	PIKE	HAY	63
48	479	TX	WEBB	HAY	1,705
56	003	WY	BIG HORN	HAY	23,689
55	109	WI	ST CROIX	HAY	3,919
19	169	IA	STORY	HAY	3,263
40	149	OK	WASHITA	HAY	(D)
42	025	PA	CARBON	HAY	3,163
48	263	TX	KENT	HAY	2,004
01	089	AL	MADISON	HAY	342
39	045	OH	FAIRFIELD	HAY	3,073
45	039	SC	FAIRFIELD	HAY	3,029
21	103	KY	HENRY	HAY	(D)
22	055	LA	LAFAYETTE	HAY	145
31	089	NE	HOLT	HAY	168,518
42	041	PA	CUMBERLAND	HAY	13,734
21	049	KY	CLARK	HAY	30,456
18	099	IN	MARSHALL	HAY	(D)
53	033	WA	KING	GRASSES & LEGUMES TOTALS	18
54	077	WV	PRESTON	HAY	(D)
36	053	NY	MADISON	HAY	21,056
30	033	MT	GARFIELD	HAY	(D)
54	021	WV	GILMER	HAY	464
17	143	IL	PEORIA	HAY	5,784
48	499	TX	WOOD	HAY	152
48	171	TX	GILLESPIE	HAY	8,658
19	141	IA	O BRIEN	HAY	1,517
20	111	KS	LYON	HAY	468
49	017	UT	GARFIELD	HAY	10,770
17	073	IL	HENRY	HAY	29
13	151	GA	HENRY	HAY	(D)
08	089	CO	OTERO	GRASSES & LEGUMES TOTALS	120
54	077	WV	PRESTON	HAY	(D)
49	029	UT	MORGAN	HAY	4,326
13	013	GA	BARROW	HAY	3,311
54	037	WV	JEFFERSON	HAY	9,804
26	121	MI	MUSKEGON	HAY	1,857
13	153	GA	HOUSTON	HAY	3,902
51	037	VA	CHARLOTTE	HAY	13,691
38	059	ND	MORTON	HAY	3,628
21	137	KY	LINCOLN	HAY	4,184
12	073	FL	LEON	HAY	4,590
02		AK	ANCHORAGE	HAY	(D)
37	001	NC	ALAMANCE	HAY	128
19	163	IA	SCOTT	HAY	1,268
31	073	NE	GOSPER	HAY	3,390
37	135	NC	ORANGE	SOD	(D)
38	049	ND	MCHENRY	HAY	73,754
50	005	VT	CALEDONIA	HAY	9,299
25	021	MA	NORFOLK	HAY	(D)
48	125	TX	DICKENS	HAY	(D)
26	113	MI	MISSAUKEE	HAY	12,537
20	197	KS	WABAUNSEE	HAY	5,406
48	331	TX	MILAM	HAY	1,979
13	211	GA	MORGAN	HAY	13,359
13	195	GA	MADISON	HAY	11,994
21	005	KY	ANDERSON	HAY	11,962
31	153	NE	SARPY	HAY	1,086
47	031	TN	COFFEE	HAY	(D)
18	079	IN	JENNINGS	HAY	971
21	147	KY	MCCREARY	HAY	1,788
47	139	TN	POLK	SOD	(D)
48	399	TX	RUNNELS	HAY	1,078
17	159	IL	RICHLAND	HAY	405
48	361	TX	ORANGE	HAY	(D)
22	069	LA	NATCHITOCHES	HAY	80
47	127	TN	MOORE	HAY	8,677
47	109	TN	MCNAIRY	HAY	28
29	165	MO	PLATTE	HAY	549
13	123	GA	GILMER	HAY	29
01	115	AL	SAINT CLAIR	SOD	(D)
19	193	IA	WOODBURY	HAY	9,627
39	057	OH	GREENE	HAY	4,406
46	069	SD	HYDE	HAY	14,692
04	017	AZ	NAVAJO	HAY	956
37	001	NC	ALAMANCE	HAY	(D)
28	105	MS	OKTIBBEHA	HAY	11,503
21	039	KY	CARLISLE	HAY	(D)
16	039	ID	ELMORE	HAY	33,741
35	001	NM	BERNALILLO	HAY	2,939
01	023	AL	CHOCTAW	HAY	3,462
48	009	TX	ARCHER	HAY	(D)
08	097	CO	PITKIN	HAY	3,052
31	169	NE	THAYER	HAY	3,966
48	159	TX	FRANKLIN	HAY	20,303
21	223	KY	TRIMBLE	HAY	(D)
49	005	UT	CACHE	HAY	8,470
16	085	ID	VALLEY	HAY	(D)
47	167	TN	TIPTON	HAY	7,894
30	007	MT	BROADWATER	HAY	5,438
39	161	OH	VAN WERT	HAY	(D)
18	157	IN	TIPPECANOE	HAY	1,106
37	079	NC	GREENE	HAY	(D)
41	069	OR	WHEELER	HAY	2,194
38	097	ND	TRAILL	GRASSES & LEGUMES TOTALS	(D)
53	051	WA	PEND OREILLE	HAY	667
18	073	IN	JASPER	HAY	79
20	115	KS	MARION	GRASSES & LEGUMES TOTALS	(D)
05	011	AR	BRADLEY	HAY	4,476
38	013	ND	BURKE	HAY	10,835
55	055	WI	JEFFERSON	HAY	10,358
48	141	TX	EL PASO	HAY	(D)
17	191	IL	WAYNE	HAY	(D)
17	139	IL	MOULTRIE	HAY	(D)
39	061	OH	HAMILTON	HAY	1,227
47	037	TN	DAVIDSON	SOD	234
21	205	KY	ROWAN	HAY	(D)
13	075	GA	COOK	HAY	104
37	021	NC	BUNCOMBE	HAY	11,332
24	017	MD	CHARLES	HAY	5,219
21	223	KY	TRIMBLE	HAY	5,222
31	149	NE	ROCK	HAY	1,427
12	105	FL	POLK	HAY	423
45	021	SC	CHEROKEE	HAY	(D)
56	005	WY	CAMPBELL	HAY	2,624
38	083	ND	SHERIDAN	HAY	46,352
51	161	VA	ROANOKE	HAY	4,431
51	153	VA	PRINCE WILLIAM	HAY	(D)
51	073	VA	GLOUCESTER	HAY	1,158
41	043	OR	LINN	HAY	19,250
27	067	MN	KANDIYOHI	HAY	10,865
18	141	IN	ST. JOSEPH	HAY	3,721
05	023	AR	CLEBURNE	HAY	435
26	033	MI	CHIPPEWA	GRASSES & LEGUMES TOTALS	(D)
21	167	KY	MERCER	HAY	80
26	087	MI	LAPEER	HAY	2,741
45	011	SC	BARNWELL	HAY	235
13	007	GA	BAKER	HAY	1,662
41	039	OR	LANE	HAY	1,886
05	063	AR	INDEPENDENCE	HAY	32,527
54	075	WV	POCAHONTAS	HAY	10,198
40	013	OK	BRYAN	SOD	2,905
04	013	AZ	MARICOPA	HAY	8,839
26	147	MI	ST CLAIR	HAY	(D)
46	081	SD	LAWRENCE	HAY	6,478
46	085	SD	LYMAN	HAY	(D)
27	069	MN	KITTSON	GRASSES & LEGUMES TOTALS	(D)
06	071	CA	SAN BERNARDINO	HAY	1,388
30	059	MT	MEAGHER	HAY	10,663
36	031	NY	ESSEX	HAY	3,496
56	015	WY	GOSHEN	HAY	45,018
48	481	TX	WHARTON	SOD	8,545
40	081	OK	LINCOLN	HAY	54,440
34	011	NJ	CUMBERLAND	SOD	740
30	103	MT	TREASURE	HAY	754
47	059	TN	GREENE	HAY	58,898
29	167	MO	POLK	HAY	28
16	045	ID	GEM	HAY	7,720
36	071	NY	ORANGE	HAY	12,390
12	091	FL	OKALOOSA	HAY	400
51	009	VA	AMHERST	HAY	11,040
08	025	CO	CROWLEY	HAY	(D)
27	157	MN	WABASHA	HAY	16,307
06	029	CA	KERN	HAY	52,559
37	145	NC	PERSON	HAY	132
26	079	MI	KALKASKA	HAY	2,371
35	031	NM	MCKINLEY	HAY	293
56	021	WY	LARAMIE	HAY	32,580
35	035	NM	OTERO	HAY	(D)
21	153	KY	MAGOFFIN	HAY	4,434
31	145	NE	RED WILLOW	HAY	9,243
36	011	NY	CAYUGA	HAY	(D)
39	055	OH	GEAUGA	HAY	(D)
21	079	KY	GARRARD	HAY	2,389
19	195	IA	WORTH	HAY	(D)
47	111	TN	MACON	HAY	(D)
27	117	MN	PIPESTONE	HAY	(D)
36	071	NY	ORANGE	HAY	(D)
12	133	FL	WASHINGTON	HAY	(D)
12	121	FL	SUWANNEE	HAY	(D)
13	221	GA	OGLETHORPE	HAY	(D)
13	173	GA	LANIER	HAY	48
30	077	MT	POWELL	HAY	19,360
40	075	OK	KIOWA	HAY	2,610
09	011	CT	NEW LONDON	HAY	(D)
55	047	WI	GREEN LAKE	HAY	(D)
37	109	NC	LINCOLN	HAY	25
46	013	SD	BROWN	HAY	16,806
21	023	KY	BRACKEN	HAY	12,865
01	009	AL	BLOUNT	HAY	385
54	025	WV	GREENBRIER	HAY	20,115
37	049	NC	CRAVEN	HAY	2,272
21	197	KY	POWELL	HAY	2,127
51	175	VA	SOUTHAMPTON	HAY	1,259
32	013	NV	HUMBOLDT	HAY	24,790
13	087	GA	DECATUR	HAY	445
08	007	CO	ARCHULETA	HAY	8,995
48	257	TX	KAUFMAN	HAY	51,746
39	061	OH	HAMILTON	HAY	1,055
19	061	IA	DUBUQUE	HAY	(D)
41	005	OR	CLACKAMAS	SOD	6
48	507	TX	ZAVALA	HAY	6,848
21	109	KY	JACKSON	HAY	13,027
40	089	OK	MCCURTAIN	HAY	39,888
48	393	TX	ROBERTS	HAY	2,192
48	013	TX	ATASCOSA	HAY	17,679
55	005	WI	BARRON	HAY	7,664
39	041	OH	DELAWARE	SOD	320
31	161	NE	SHERIDAN	HAY	14,823
18	139	IN	RUSH	HAY	1,297
17	175	IL	STARK	HAY	1,742
54	079	WV	PUTNAM	HAY	20
38	021	ND	DICKEY	HAY	509
06	107	CA	TULARE	HAY	20,348
29	203	MO	SHANNON	HAY	(D)
08	075	CO	LOGAN	HAY	27,987
39	005	OH	ASHLAND	HAY	19
28	123	MS	SCOTT	HAY	15,804
17	135	IL	MONTGOMERY	GRASSES & LEGUMES TOTALS	105
48	139	TX	ELLIS	HAY	45,671
17	195	IL	WHITESIDE	HAY	4,145
39	031	OH	COSHOCTON	HAY	12,711
09	015	CT	WINDHAM	HAY	50
48	265	TX	KERR	HAY	200
08	017	CO	CHEYENNE	HAY	23,785
18	119	IN	OWEN	HAY	818
20	071	KS	GREELEY	HAY	(D)
08	053	CO	HINSDALE	HAY	245
19	075	IA	GRUNDY	HAY	1,628
29	027	MO	CALLAWAY	HAY	28,490
48	267	TX	KIMBLE	HAY	365
13	135	GA	GWINNETT	HAY	(D)
55	077	WI	MARQUETTE	HAY	9,002
53	003	WA	ASOTIN	HAY	3,423
30	095	MT	STILLWATER	HAY	45,133
27	037	MN	DAKOTA	HAY	4,818
48	049	TX	BROWN	HAY	10,703
31	143	NE	POLK	HAY	6,875
17	201	IL	WINNEBAGO	HAY	5,240
30	063	MT	MISSOULA	HAY	12,312
47	093	TN	KNOX	HAY	119
26	065	MI	INGHAM	HAY	6,766
29	197	MO	SCHUYLER	HAY	2,790
56	027	WY	NIOBRARA	HAY	21,394
24	043	MD	WASHINGTON	HAY	15,892
49	003	UT	BOX ELDER	HAY	8,693
48	183	TX	GREGG	HAY	(D)
20	181	KS	SHERMAN	HAY	4,381
49	007	UT	CARBON	HAY	6,310
39	007	OH	ASHTABULA	HAY	51
40	151	OK	WOODS	HAY	6,616
17	121	IL	MARION	HAY	5,993
48	041	TX	BRAZOS	HAY	425
49	043	UT	SUMMIT	HAY	17,123
06	083	CA	SANTA BARBARA	GRASSES & LEGUMES TOTALS	(D)
19	061	IA	DUBUQUE	HAY	23,741
45	075	SC	ORANGEBURG	HAY	809
16	015	ID	BOISE	HAY	626
48	169	TX	GARZA	HAY	(D)
25	005	MA	BRISTOL	HAY	440
16	087	ID	WASHINGTON	HAY	28,436
54	109	WV	WYOMING	HAY	307
13	143	GA	HARALSON	HAY	225
42	013	PA	BLAIR	HAY	9,562
36	121	NY	WYOMING	HAY	11,275
19	049	IA	DALLAS	HAY	5,427
49	045	UT	TOOELE	SOD	699
51	023	VA	BOTETOURT	HAY	13,774
19	005	IA	ALLAMAKEE	HAY	(D)
01	029	AL	CLEBURNE	HAY	62
06	099	CA	STANISLAUS	HAY	17,403
45	025	SC	CHESTERFIELD	SOD	(D)
27	055	MN	HOUSTON	GRASSES & LEGUMES TOTALS	(D)
13	229	GA	PIERCE	HAY	285
24	031	MD	MONTGOMERY	HAY	6,407
53	009	WA	CLALLAM	HAY	1,003
48	063	TX	CAMP	HAY	128
39	143	OH	SANDUSKY	HAY	17
48	169	TX	GARZA	HAY	(D)
21	087	KY	GREEN	HAY	19,148
28	159	MS	WINSTON	HAY	(D)
40	075	OK	KIOWA	HAY	1,338
17	107	IL	LOGAN	HAY	1,502
44	007	RI	PROVIDENCE	HAY	(D)
47	037	TN	DAVIDSON	HAY	6,010
26	127	MI	OCEANA	HAY	186
18	095	IN	MADISON	HAY	2,445
17	189	IL	WASHINGTON	HAY	468
48	499	TX	WOOD	HAY	34,293
47	103	TN	LINCOLN	HAY	33,035
21	083	KY	GRAVES	HAY	15
30	027	MT	FERGUS	HAY	30,062
49	027	UT	MILLARD	GRASSES & LEGUMES TOTALS	(D)
26	119	MI	MONTMORENCY	HAY	708
31	021	NE	BURT	HAY	5,466
13	079	GA	CRAWFORD	HAY	(D)
37	199	NC	YANCEY	HAY	92
06	077	CA	SAN JOAQUIN	HAY	18,343
05	129	AR	SEARCY	HAY	21,359
29	027	MO	CALLAWAY	HAY	(D)
46	031	SD	CORSON	HAY	32,814
38	105	ND	WILLIAMS	HAY	58,626
17	199	IL	WILLIAMSON	HAY	7,287
31	183	NE	WHEELER	HAY	2,503
42	107	PA	SCHUYLKILL	HAY	2,365
06	021	CA	GLENN	HAY	5,201
55	125	WI	VILAS	HAY	(D)
20	173	KS	SEDGWICK	HAY	10,405
48	087	TX	COLLINGSWORTH	HAY	9,749
39	043	OH	ERIE	HAY	1,283
53	071	WA	WALLA WALLA	HAY	3,495
04	007	AZ	GILA	HAY	243
26	107	MI	MECOSTA	HAY	20,307
47	101	TN	LEWIS	HAY	38
38	095	ND	TOWNER	HAY	7,295
20	075	KS	HAMILTON	HAY	5,865
01	131	AL	WILCOX	HAY	6,598
10	005	DE	SUSSEX	GRASSES & LEGUMES TOTALS	(D)
12	083	FL	MARION	HAY	559
48	073	TX	CHEROKEE	HAY	40,222
51	001	VA	ACCOMACK	HAY	199
30	093	MT	SILVER BOW	GRASSES & LEGUMES TOTALS	(D)
54	085	WV	RITCHIE	HAY	34
20	143	KS	OTTAWA	HAY	1,310
56	035	WY	SUBLETTE	HAY	77,449
12	039	FL	GADSDEN	HAY	90
47	007	TN	BLEDSOE	HAY	16,720
19	167	IA	SIOUX	HAY	4,043
20	173	KS	SEDGWICK	HAY	29,236
56	041	WY	UINTA	HAY	8,572
08	073	CO	LINCOLN	SOD	(D)
51	029	VA	BUCKINGHAM	HAY	797
44	001	RI	BRISTOL	HAY	(D)
06	091	CA	SIERRA	HAY	1,192
49	011	UT	DAVIS	SOD	124
17	015	IL	CARROLL	HAY	965
56	027	WY	NIOBRARA	HAY	7,341
28	017	MS	CHICKASAW	HAY	14,522
49	009	UT	DAGGETT	HAY	887
13	181	GA	LINCOLN	HAY	2,389
29	131	MO	MILLER	HAY	1,432
45	069	SC	MARLBORO	HAY	(D)
46	029	SD	CODINGTON	HAY	3,197
56	001	WY	ALBANY	HAY	(D)
45	091	SC	YORK	HAY	100
20	099	KS	LABETTE	HAY	34,183
40	153	OK	WOODWARD	HAY	2,740
13	063	GA	CLAYTON	HAY	(D)
39	165	OH	WARREN	SOD	(D)
34	037	NJ	SUSSEX	HAY	2,611
36	027	NY	DUTCHESS	HAY	21,635
53	055	WA	SAN JUAN	HAY	(D)
39	013	OH	BELMONT	HAY	17,024
12	099	FL	PALM BEACH	HAY	36
26	069	MI	IOSCO	HAY	6,736
27	161	MN	WASECA	HAY	1,737
31	121	NE	MERRICK	HAY	2,051
48	185	TX	GRIMES	HAY	36,799
48	441	TX	TAYLOR	HAY	12,029
39	043	OH	ERIE	HAY	(D)
27	053	MN	HENNEPIN	SOD	(D)
54	083	WV	RANDOLPH	HAY	8,927
31	019	NE	BUFFALO	HAY	9,569
23	019	ME	PENOBSCOT	HAY	(D)
31	007	NE	BANNER	HAY	3,951
31	015	NE	BOYD	HAY	(D)
42	015	PA	BRADFORD	HAY	59,002
48	117	TX	DEAF SMITH	HAY	(D)
47	057	TN	GRAINGER	HAY	14,614
20	171	KS	SCOTT	HAY	1,703
48	351	TX	NEWTON	HAY	(D)
12	041	FL	GILCHRIST	GRASSES & LEGUMES TOTALS	(D)
36	063	NY	NIAGARA	HAY	13,941
29	127	MO	MARION	HAY	1,367
27	037	MN	DAKOTA	HAY	1,517
47	179	TN	WASHINGTON	HAY	259
29	035	MO	CARTER	HAY	(D)
36	093	NY	SCHENECTADY	HAY	497
01	073	AL	JEFFERSON	HAY	(D)
40	063	OK	HUGHES	HAY	26,334
47	063	TN	HAMBLEN	SOD	(D)
51	181	VA	SURRY	HAY	(D)
13	159	GA	JASPER	GRASSES & LEGUMES TOTALS	39
42	051	PA	FAYETTE	HAY	25,346
18	181	IN	WHITE	HAY	(D)
19	175	IA	UNION	HAY	19,967
13	205	GA	MITCHELL	HAY	2,850
39	113	OH	MONTGOMERY	SOD	(D)
05	007	AR	BENTON	HAY	41
20	007	KS	BARBER	HAY	21,615
31	155	NE	SAUNDERS	HAY	911
48	279	TX	LAMB	HAY	19,819
40	029	OK	COAL	HAY	27,614
06	019	CA	FRESNO	GRASSES & LEGUMES TOTALS	1,736
26	115	MI	MONROE	HAY	14
30	051	MT	LIBERTY	HAY	(D)
09	007	CT	MIDDLESEX	HAY	2,708
18	151	IN	STEUBEN	HAY	(D)
20	155	KS	RENO	HAY	3,242
48	441	TX	TAYLOR	HAY	539
45	067	SC	MARION	HAY	1,323
05	119	AR	PULASKI	HAY	7,693
34	007	NJ	CAMDEN	HAY	210
46	121	SD	TODD	HAY	2,724
01	103	AL	MORGAN	HAY	22,490
08	009	CO	BACA	HAY	4,965
20	031	KS	COFFEY	HAY	33,098
04	013	AZ	MARICOPA	HAY	114,410
22	027	LA	CLAIBORNE	HAY	6,384
16	065	ID	MADISON	SOD	723
20	077	KS	HARPER	HAY	23,493
48	149	TX	FAYETTE	HAY	38,840
37	115	NC	MADISON	HAY	154
46	067	SD	HUTCHINSON	HAY	855
21	237	KY	WOLFE	HAY	(D)
47	147	TN	ROBERTSON	HAY	(D)
29	227	MO	WORTH	HAY	13,702
18	175	IN	WASHINGTON	HAY	(D)
08	051	CO	GUNNISON	HAY	32,255
41	013	OR	CROOK	SOD	(D)
49	025	UT	KANE	HAY	2,002
23	023	ME	SAGADAHOC	HAY	(D)
08	029	CO	DELTA	HAY	27,300
50	011	VT	FRANKLIN	HAY	16,629
38	083	ND	SHERIDAN	HAY	30,178
48	173	TX	GLASSCOCK	HAY	3,688
40	007	OK	BEAVER	HAY	8,760
38	053	ND	MCKENZIE	HAY	119,261
38	087	ND	SLOPE	HAY	15,901
05	071	AR	JOHNSON	HAY	(D)
39	023	OH	CLARK	HAY	(D)
05	051	AR	GARLAND	HAY	5,298
18	155	IN	SWITZERLAND	HAY	92
55	139	WI	WINNEBAGO	HAY	7,066
38	017	ND	CASS	GRASSES & LEGUMES TOTALS	(D)
01	121	AL	TALLADEGA	HAY	(D)
20	201	KS	WASHINGTON	HAY	1,061
37	127	NC	NASH	HAY	65
48	121	TX	DENTON	HAY	349
13	155	GA	IRWIN	HAY	1,752
17	041	IL	DOUGLAS	HAY	1,889
13	245	GA	RICHMOND	HAY	285
38	069	ND	PIERCE	HAY	21
40	045	OK	ELLIS	HAY	221
35	039	NM	RIO ARRIBA	GRASSES & LEGUMES TOTALS	26
13	187	GA	LUMPKIN	HAY	4,749
37	099	NC	JACKSON	HAY	1,838
39	173	OH	WOOD	HAY	655
17	081	IL	JEFFERSON	HAY	(D)
05	137	AR	STONE	HAY	21,038
05	057	AR	HEMPSTEAD	SOD	(D)
51	800	VA	SUFFOLK CITY	HAY	42
16	001	ID	ADA	HAY	8,424
27	045	MN	FILLMORE	HAY	41
26	089	MI	LEELANAU	HAY	3,478
48	329	TX	MIDLAND	HAY	4,295
45	055	SC	KERSHAW	HAY	(D)
13	275	GA	THOMAS	HAY	4,347
28	025	MS	CLAY	HAY	10,774
22	009	LA	AVOYELLES	HAY	410
51	093	VA	ISLE OF WIGHT	HAY	1,573
37	081	NC	GUILFORD	HAY	11,319
32	013	NV	HUMBOLDT	HAY	83,176
29	065	MO	DENT	HAY	18,787
37	011	NC	AVERY	HAY	(D)
47	039	TN	DECATUR	SOD	(D)
56	001	WY	ALBANY	HAY	(D)
20	033	KS	COMANCHE	HAY	13,501
56	019	WY	JOHNSON	HAY	19,450
16	029	ID	CARIBOU	HAY	16,014
40	129	OK	ROGER MILLS	HAY	2,179
48	453	TX	TRAVIS	HAY	660
39	127	OH	PERRY	HAY	(D)
31	025	NE	CASS	SOD	(D)
21	023	KY	BRACKEN	HAY	(D)
48	051	TX	BURLESON	HAY	(D)
37	163	NC	SAMPSON	HAY	750
45	039	SC	FAIRFIELD	HAY	3,053
27	053	MN	HENNEPIN	HAY	43
45	071	SC	NEWBERRY	HAY	346
18	021	IN	CLAY	HAY	3,972
13	047	GA	CATOOSA	HAY	111
28	043	MS	GRENADA	HAY	5,109
12	107	FL	PUTNAM	HAY	47
39	065	OH	HARDIN	HAY	3,993
36	015	NY	CHEMUNG	HAY	495
08	101	CO	PUEBLO	HAY	5,169
13	165	GA	JENKINS	GRASSES & LEGUMES TOTALS	(D)
55	117	WI	SHEBOYGAN	SOD	(D)
27	101	MN	MURRAY	HAY	1,844
48	209	TX	HAYS	HAY	66
31	175	NE	VALLEY	HAY	13,882
48	423	TX	SMITH	HAY	1,004
39	081	OH	JEFFERSON	HAY	15,466
31	115	NE	LOUP	HAY	828
13	023	GA	BLECKLEY	HAY	1,537
41	015	OR	CURRY	HAY	177
21	009	KY	BARREN	HAY	(D)
39	023	OH	CLARK	HAY	41
26	087	MI	LAPEER	HAY	15,381
24	025	MD	HARFORD	SOD	(D)
48	003	TX	ANDREWS	HAY	(D)
55	017	WI	CHIPPEWA	HAY	225
22	019	LA	CALCASIEU	HAY	104
45	091	SC	YORK	HAY	14,907
36	107	NY	TIOGA	HAY	5,716
08	003	CO	ALAMOSA	HAY	(D)
31	125	NE	NANCE	HAY	1,681
29	109	MO	LAWRENCE	HAY	56,409
47	011	TN	BRADLEY	HAY	338
42	001	PA	ADAMS	HAY	3,023
27	167	MN	WILKIN	HAY	3,961
41	059	OR	UMATILLA	HAY	34,850
21	219	KY	TODD	SOD	(D)
26	147	MI	ST CLAIR	HAY	9,884
13	221	GA	OGLETHORPE	HAY	(D)
48	071	TX	CHAMBERS	SOD	1,650
46	129	SD	WALWORTH	HAY	23,042
19	061	IA	DUBUQUE	HAY	21,411
17	073	IL	HENRY	HAY	5,082
37	155	NC	ROBESON	HAY	210
47	013	TN	CAMPBELL	HAY	8,724
37	003	NC	ALEXANDER	HAY	(D)
01	025	AL	CLARKE	HAY	3,737
41	003	OR	BENTON	GRASSES & LEGUMES TOTALS	28,726
37	135	NC	ORANGE	HAY	74
47	053	TN	GIBSON	HAY	(D)
29	125	MO	MARIES	GRASSES & LEGUMES TOTALS	120
16	013	ID	BLAINE	HAY	28,678
06	051	CA	MONO	HAY	(D)
19	073	IA	GREENE	HAY	1,308
19	187	IA	WEBSTER	GRASSES & LEGUMES TOTALS	(D)
48	289	TX	LEON	HAY	1,354
18	051	IN	GIBSON	HAY	789
51	031	VA	CAMPBELL	HAY	1,553
12	063	FL	JACKSON	HAY	(D)
48	337	TX	MONTAGUE	HAY	47,652
29	179	MO	REYNOLDS	HAY	161
06	069	CA	SAN BENITO	HAY	6,207
30	037	MT	GOLDEN VALLEY	HAY	3,276
31	103	NE	KEYA PAHA	HAY	4,524
46	005	SD	BEADLE	HAY	1,726
29	179	MO	REYNOLDS	HAY	9,048
51	091	VA	HIGHLAND	HAY	7,773
16	055	ID	KOOTENAI	HAY	3,755
05	075	AR	LAWRENCE	HAY	417
13	217	GA	NEWTON	HAY	3,927
37	083	NC	HALIFAX	SOD	(D)
42	131	PA	WYOMING	HAY	(D)
45	047	SC	GREENWOOD	HAY	6,578
30	031	MT	GALLATIN	HAY	52,598
48	093	TX	COMANCHE	HAY	(D)
37	135	NC	ORANGE	HAY	7,622
31	103	NE	KEYA PAHA	HAY	1,623
13	269	GA	TAYLOR	HAY	5,958
31	095	NE	JEFFERSON	HAY	4,060
17	161	IL	ROCK ISLAND	HAY	5,119
54	077	WV	PRESTON	HAY	19,625
08	011	CO	BENT	HAY	25,558
25	013	MA	HAMPDEN	HAY	(D)
29	133	MO	MISSISSIPPI	HAY	(D)
26	067	MI	IONIA	HAY	1,701
30	037	MT	GOLDEN VALLEY	HAY	20,359
53	021	WA	FRANKLIN	GRASSES & LEGUMES TOTALS	4,252
47	133	TN	OVERTON	HAY	515
39	131	OH	PIKE	HAY	114
48	093	TX	COMANCHE	HAY	10,737
15	007	HI	KAUAI	HAY	(D)
48	321	TX	MATAGORDA	HAY	20,485
06	111	CA	VENTURA	HAY	(D)
40	053	OK	GRANT	HAY	22,479
01	115	AL	SAINT CLAIR	HAY	(D)
18	169	IN	WABASH	SOD	(D)
31	159	NE	SEWARD	HAY	13,699
31	057	NE	DUNDY	HAY	3,599
28	099	MS	NESHOBA	HAY	15,531
29	161	MO	PHELPS	HAY	1,318
13	305	GA	WAYNE	HAY	497
20	045	KS	DOUGLAS	SOD	(D)
08	093	CO	PARK	HAY	(D)
46	115	SD	SPINK	HAY	41,664
41	059	OR	UMATILLA	HAY	22,668
31	099	NE	KEARNEY	HAY	1,597
46	015	SD	BRULE	HAY	19,546
17	191	IL	WAYNE	GRASSES & LEGUMES TOTALS	(D)
35	015	NM	EDDY	HAY	13,234
27	109	MN	OLMSTED	HAY	62
48	269	TX	KING	HAY	(D)
56	011	WY	CROOK	HAY	64,405
51	107	VA	LOUDOUN	HAY	20,291
51	107	VA	LOUDOUN	SOD	(D)
19	149	IA	PLYMOUTH	HAY	8,430
04	015	AZ	MOHAVE	GRASSES & LEGUMES TOTALS	1,007
12	017	FL	CITRUS	GRASSES & LEGUMES TOTALS	(D)
20	039	KS	DECATUR	HAY	1,680
17	115	IL	MACON	HAY	(D)
06	101	CA	SUTTER	HAY	2,852
48	433	TX	STONEWALL	HAY	370
51	045	VA	CRAIG	HAY	718
22	001	LA	ACADIA	HAY	112
42	009	PA	BEDFORD	HAY	29,837
29	085	MO	HICKORY	HAY	(D)
16	005	ID	BANNOCK	HAY	16,630
17	021	IL	CHRISTIAN	GRASSES & LEGUMES TOTALS	(D)
27	151	MN	SWIFT	HAY	(D)
48	447	TX	THROCKMORTON	HAY	7,418
48	251	TX	JOHNSON	HAY	420
27	059	MN	ISANTI	GRASSES & LEGUMES TOTALS	(D)
13	109	GA	EVANS	HAY	1,391
29	147	MO	NODAWAY	HAY	29,263
40	007	OK	BEAVER	GRASSES & LEGUMES TOTALS	(D)
53	035	WA	KITSAP	HAY	464
10	001	DE	KENT	HAY	2,694
08	015	CO	CHAFFEE	HAY	8,175
13	313	GA	WHITFIELD	HAY	4,658
29	123	MO	MADISON	HAY	1,081
37	093	NC	HOKE	HAY	(D)
29	221	MO	WASHINGTON	HAY	8,879
41	059	OR	UMATILLA	HAY	16,035
30	035	MT	GLACIER	HAY	48,373
13	043	GA	CANDLER	HAY	(D)
09	003	CT	HARTFORD	HAY	755
55	075	WI	MARINETTE	HAY	11,522
41	031	OR	JEFFERSON	HAY	4,207
17	201	IL	WINNEBAGO	HAY	3,920
35	015	NM	EDDY	HAY	13,690
47	119	TN	MAURY	HAY	30,606
29	225	MO	WEBSTER	HAY	(D)
46	039	SD	DEUEL	HAY	529
29	131	MO	MILLER	HAY	44,782
48	125	TX	DICKENS	HAY	(D)
26	059	MI	HILLSDALE	HAY	(D)
17	129	IL	MENARD	HAY	1,533
30	091	MT	SHERIDAN	HAY	1,426
30	085	MT	ROOSEVELT	HAY	4,901
45	055	SC	KERSHAW	HAY	42
21	113	KY	JESSAMINE	HAY	825
41	037	OR	LAKE	HAY	(D)
48	207	TX	HASKELL	HAY	(D)
17	157	IL	RANDOLPH	HAY	1,968
19	011	IA	BENTON	HAY	8,746
19	191	IA	WINNESHIEK	HAY	1,828
27	019	MN	CARVER	SOD	(D)
20	095	KS	KINGMAN	HAY	27,432
38	049	ND	MCHENRY	HAY	480
24	011	MD	CAROLINE	HAY	2,385
49	019	UT	GRAND	HAY	4,922
26	033	MI	CHIPPEWA	HAY	3,627
48	013	TX	ATASCOSA	HAY	6,813
20	155	KS	RENO	HAY	22,828
48	481	TX	WHARTON	HAY	577
51	157	VA	RAPPAHANNOCK	HAY	3
42	079	PA	LUZERNE	HAY	1,109
21	155	KY	MARION	HAY	26,352
38	035	ND	GRAND FORKS	HAY	8,940
30	047	MT	LAKE	HAY	35,879
42	009	PA	BEDFORD	HAY	20,130
19	089	IA	HOWARD	HAY	4,070
21	145	KY	MCCRACKEN	HAY	1,577
53	043	WA	LINCOLN	HAY	2,279
38	021	ND	DICKEY	HAY	28,455
08	023	CO	COSTILLA	HAY	10,182
08	083	CO	MONTEZUMA	GRASSES & LEGUMES TOTALS	(D)
51	113	VA	MADISON	SOD	300
19	041	IA	CLAY	HAY	2,208
48	475	TX	WARD	HAY	388
37	085	NC	HARNETT	SOD	(D)
13	129	GA	GORDON	HAY	15,033
34	001	NJ	ATLANTIC	HAY	717
27	059	MN	ISANTI	HAY	229
31	035	NE	CLAY	HAY	2,856
29	085	MO	HICKORY	HAY	28,999
21	169	KY	METCALFE	HAY	21,189
38	089	ND	STARK	HAY	(D)
42	011	PA	BERKS	HAY	61
01	019	AL	CHEROKEE	HAY	(D)
12	015	FL	CHARLOTTE	SOD	(D)
35	021	NM	HARDING	HAY	(D)
21	099	KY	HART	HAY	116
51	001	VA	ACCOMACK	HAY	391
30	059	MT	MEAGHER	HAY	27,285
17	101	IL	LAWRENCE	HAY	842
51	119	VA	MIDDLESEX	HAY	1,786
06	095	CA	SOLANO	HAY	18,553
19	153	IA	POLK	HAY	25
08	021	CO	CONEJOS	HAY	16,792
18	053	IN	GRANT	HAY	1,422
32	013	NV	HUMBOLDT	GRASSES & LEGUMES TOTALS	(D)
40	075	OK	KIOWA	HAY	1,272
45	085	SC	SUMTER	HAY	3,520
53	015	WA	COWLITZ	HAY	249
53	065	WA	STEVENS	HAY	21,507
01	133	AL	WINSTON	HAY	926
19	049	IA	DALLAS	SOD	(D)
20	141	KS	OSBORNE	HAY	1,441
53	067	WA	THURSTON	HAY	7,081
48	287	TX	LEE	HAY	371
28	111	MS	PERRY	HAY	2,559
17	095	IL	KNOX	HAY	(D)
27	017	MN	CARLTON	HAY	13,759
23	031	ME	YORK	HAY	(D)
35	053	NM	SOCORRO	HAY	7,201
18	141	IN	ST. JOSEPH	HAY	4,487
29	133	MO	MISSISSIPPI	HAY	95
53	043	WA	LINCOLN	HAY	8,514
39	049	OH	FRANKLIN	HAY	708
48	069	TX	CASTRO	HAY	59,462
13	047	GA	CATOOSA	HAY	245
40	067	OK	JEFFERSON	HAY	13,842
16	027	ID	CANYON	HAY	8,652
13	277	GA	TIFT	HAY	(D)
13	059	GA	CLARKE	HAY	(D)
21	107	KY	HOPKINS	HAY	8,054
27	005	MN	BECKER	HAY	452
36	115	NY	WASHINGTON	HAY	12,624
29	047	MO	CLAY	HAY	111
39	089	OH	LICKING	HAY	6,682
39	123	OH	OTTAWA	HAY	241
35	045	NM	SAN JUAN	GRASSES & LEGUMES TOTALS	91
18	119	IN	OWEN	HAY	6,171
36	065	NY	ONEIDA	GRASSES & LEGUMES TOTALS	(D)
28	037	MS	FRANKLIN	HAY	2,958
20	029	KS	CLOUD	HAY	(D)
19	119	IA	LYON	HAY	6,112
41	023	OR	GRANT	HAY	9,831
13	237	GA	PUTNAM	HAY	324
40	069	OK	JOHNSTON	HAY	23,348
31	059	NE	FILLMORE	HAY	455
31	135	NE	PERKINS	HAY	2,752
21	033	KY	CALDWELL	HAY	591
31	167	NE	STANTON	HAY	5,708
41	031	OR	JEFFERSON	GRASSES & LEGUMES TOTALS	9,584
37	171	NC	SURRY	HAY	443
19	081	IA	HANCOCK	HAY	2,473
29	061	MO	DAVIESS	HAY	25,911
48	373	TX	POLK	HAY	54
13	173	GA	LANIER	HAY	81
19	145	IA	PAGE	SOD	(D)
13	245	GA	RICHMOND	HAY	(D)
24	023	MD	GARRETT	HAY	4,298
36	077	NY	OTSEGO	HAY	8,252
37	123	NC	MONTGOMERY	HAY	(D)
31	063	NE	FRONTIER	HAY	3,613
55	105	WI	ROCK	HAY	68
46	129	SD	WALWORTH	HAY	7,715
30	001	MT	BEAVERHEAD	HAY	45,705
55	129	WI	WASHBURN	HAY	2,626
40	147	OK	WASHINGTON	HAY	17,420
42	065	PA	JEFFERSON	HAY	11,185
37	177	NC	TYRRELL	HAY	66
28	139	MS	TIPPAH	HAY	24
13	305	GA	WAYNE	HAY	497
08	055	CO	HUERFANO	HAY	2,098
53	001	WA	ADAMS	HAY	9,888
29	091	MO	HOWELL	HAY	52
39	073	OH	HOCKING	HAY	(D)
12	053	FL	HERNANDO	GRASSES & LEGUMES TOTALS	(D)
47	091	TN	JOHNSON	HAY	82
21	209	KY	SCOTT	HAY	(D)
01	047	AL	DALLAS	HAY	17,279
55	097	WI	PORTAGE	HAY	5,318
21	109	KY	JACKSON	HAY	665
40	025	OK	CIMARRON	HAY	3,899
16	049	ID	IDAHO	HAY	17,298
29	071	MO	FRANKLIN	HAY	39,395
18	037	IN	DUBOIS	HAY	(D)
36	029	NY	ERIE	HAY	(D)
20	007	KS	BARBER	HAY	25,302
45	007	SC	ANDERSON	HAY	2,819
19	057	IA	DES MOINES	HAY	1,549
48	475	TX	WARD	HAY	448
35	041	NM	ROOSEVELT	HAY	4,871
38	015	ND	BURLEIGH	HAY	47,915
13	251	GA	SCREVEN	HAY	3,115
46	091	SD	MARSHALL	HAY	12,879
29	077	MO	GREENE	GRASSES & LEGUMES TOTALS	1,540
26	113	MI	MISSAUKEE	HAY	(D)
45	075	SC	ORANGEBURG	HAY	160
31	109	NE	LANCASTER	HAY	19,792
42	105	PA	POTTER	HAY	2,628
20	179	KS	SHERIDAN	HAY	3,525
13	013	GA	BARROW	HAY	(D)
13	175	GA	LAURENS	HAY	321
42	117	PA	TIOGA	HAY	44,047
35	007	NM	COLFAX	HAY	7,291
17	081	IL	JEFFERSON	HAY	13,971
16	025	ID	CAMAS	HAY	57,285
37	005	NC	ALLEGHANY	HAY	238
46	061	SD	HANSON	HAY	11,268
40	123	OK	PONTOTOC	HAY	33,009
51	197	VA	WYTHE	HAY	23,943
53	011	WA	CLARK	HAY	1,179
06	067	CA	SACRAMENTO	SOD	(D)
42	113	PA	SULLIVAN	HAY	(D)
53	003	WA	ASOTIN	HAY	(D)
41	001	OR	BAKER	GRASSES & LEGUMES TOTALS	(D)
48	135	TX	ECTOR	HAY	(D)
48	197	TX	HARDEMAN	HAY	645
49	011	UT	DAVIS	HAY	1,438
29	171	MO	PUTNAM	HAY	41,633
36	065	NY	ONEIDA	HAY	9,785
28	147	MS	WALTHALL	HAY	37
41	043	OR	LINN	HAY	2,604
37	011	NC	AVERY	HAY	40
20	195	KS	TREGO	HAY	7,492
21	239	KY	WOODFORD	GRASSES & LEGUMES TOTALS	(D)
05	051	AR	GARLAND	HAY	18
37	031	NC	CARTERET	HAY	149
40	035	OK	CRAIG	HAY	(D)
31	009	NE	BLAINE	HAY	2,577
36	075	NY	OSWEGO	HAY	183
46	075	SD	JONES	HAY	31,933
37	047	NC	COLUMBUS	HAY	(D)
48	281	TX	LAMPASAS	HAY	9,430
37	153	NC	RICHMOND	HAY	65
21	189	KY	OWSLEY	HAY	239
51	051	VA	DICKENSON	HAY	1,076
26	141	MI	PRESQUE ISLE	HAY	1,414
38	001	ND	ADAMS	HAY	23,606
49	031	UT	PIUTE	HAY	1,747
47	067	TN	HANCOCK	HAY	274
20	167	KS	RUSSELL	HAY	10,784
54	023	WV	GRANT	HAY	1,044
47	183	TN	WEAKLEY	HAY	207
38	055	ND	MCLEAN	HAY	262
18	077	IN	JEFFERSON	HAY	5,295
01	133	AL	WINSTON	HAY	(D)
48	145	TX	FALLS	HAY	2,470
29	051	MO	COLE	HAY	27,614
31	033	NE	CHEYENNE	HAY	8,312
27	059	MN	ISANTI	HAY	4,486
31	161	NE	SHERIDAN	HAY	6,085
47	019	TN	CARTER	HAY	4,785
48	339	TX	MONTGOMERY	HAY	484
01	017	AL	CHAMBERS	HAY	244
27	061	MN	ITASCA	HAY	180
51	800	VA	SUFFOLK CITY	HAY	622
48	497	TX	WISE	SOD	(D)
48	489	TX	WILLACY	HAY	2,938
38	017	ND	CASS	HAY	(D)
53	045	WA	MASON	HAY	(D)
22	017	LA	CADDO	HAY	(D)
37	101	NC	JOHNSTON	SOD	(D)
19	037	IA	CHICKASAW	HAY	6,560
36	077	NY	OTSEGO	HAY	19,095
36	037	NY	GENESEE	HAY	9,301
12	119	FL	SUMTER	HAY	10,519
17	013	IL	CALHOUN	HAY	1,483
36	121	NY	WYOMING	HAY	8,855
22	023	LA	CAMERON	HAY	171
45	035	SC	DORCHESTER	HAY	2,971
42	071	PA	LANCASTER	HAY	17,303
37	147	NC	PITT	HAY	444
01	059	AL	FRANKLIN	HAY	16,917
40	013	OK	BRYAN	HAY	64,018
51	195	VA	WISE	HAY	2,463
55	115	WI	SHAWANO	HAY	(D)
21	159	KY	MARTIN	HAY	1,210
29	091	MO	HOWELL	HAY	41,264
22	101	LA	SAINT MARY	HAY	674
29	079	MO	GRUNDY	HAY	1,897
29	079	MO	GRUNDY	HAY	14,959
13	141	GA	HANCOCK	HAY	3,043
22	085	LA	SABINE	HAY	14,162
47	027	TN	CLAY	HAY	11,716
48	439	TX	TARRANT	HAY	5,483
47	043	TN	DICKSON	HAY	23,203
48	121	TX	DENTON	HAY	34,124
19	167	IA	SIOUX	HAY	5,741
48	303	TX	LUBBOCK	HAY	7,827
26	101	MI	MANISTEE	HAY	(D)
39	105	OH	MEIGS	HAY	18
53	075	WA	WHITMAN	HAY	3,297
05	001	AR	ARKANSAS	HAY	114
17	023	IL	CLARK	HAY	36
51	143	VA	PITTSYLVANIA	HAY	40,111
53	037	WA	KITTITAS	HAY	11,658
18	161	IN	UNION	HAY	1,046
40	127	OK	PUSHMATAHA	HAY	260
41	047	OR	MARION	HAY	15,948
25	021	MA	NORFOLK	HAY	756
08	101	CO	PUEBLO	GRASSES & LEGUMES TOTALS	88
40	041	OK	DELAWARE	HAY	2,066
54	023	WV	GRANT	HAY	(D)
08	071	CO	LAS ANIMAS	HAY	5,561
48	115	TX	DAWSON	HAY	(D)
13	125	GA	GLASCOCK	HAY	633
53	055	WA	SAN JUAN	HAY	281
55	093	WI	PIERCE	HAY	20,236
17	019	IL	CHAMPAIGN	HAY	(D)
48	275	TX	KNOX	HAY	6,466
39	089	OH	LICKING	HAY	146
26	091	MI	LENAWEE	HAY	7,304
21	129	KY	LEE	HAY	1,128
08	097	CO	PITKIN	HAY	593
30	031	MT	GALLATIN	HAY	4,146
30	005	MT	BLAINE	HAY	4,798
42	077	PA	LEHIGH	HAY	(D)
37	171	NC	SURRY	HAY	16,032
24	035	MD	QUEEN ANNES	HAY	(D)
10	001	DE	KENT	HAY	1,880
21	075	KY	FULTON	HAY	192
37	061	NC	DUPLIN	HAY	514
48	007	TX	ARANSAS	HAY	376
36	105	NY	SULLIVAN	HAY	1,551
08	125	CO	YUMA	SOD	(D)
01	107	AL	PICKENS	HAY	400
45	091	SC	YORK	HAY	282
46	127	SD	UNION	HAY	3,005
40	125	OK	POTTAWATOMIE	HAY	38,557
46	045	SD	EDMUNDS	HAY	10,767
31	143	NE	POLK	HAY	529
55	099	WI	PRICE	HAY	2,653
13	251	GA	SCREVEN	HAY	348
24	017	MD	CHARLES	HAY	4,875
19	111	IA	LEE	HAY	(D)
17	169	IL	SCHUYLER	HAY	(D)
13	009	GA	BALDWIN	HAY	3,684
55	041	WI	FOREST	HAY	1,206
10	005	DE	SUSSEX	HAY	(D)
08	109	CO	SAGUACHE	HAY	36,981
01	125	AL	TUSCALOOSA	HAY	5,300
17	153	IL	PULASKI	HAY	(D)
13	165	GA	JENKINS	HAY	42
19	099	IA	JASPER	HAY	9,751
55	037	WI	FLORENCE	HAY	6,392
53	065	WA	STEVENS	HAY	10,527
47	187	TN	WILLIAMSON	HAY	(D)
55	087	WI	OUTAGAMIE	HAY	15,508
01	099	AL	MONROE	HAY	1,096
49	007	UT	CARBON	HAY	143
17	077	IL	JACKSON	HAY	7,929
05	007	AR	BENTON	HAY	412
12	007	FL	BRADFORD	HAY	188
19	169	IA	STORY	HAY	1,468
19	105	IA	JONES	HAY	2,644
39	057	OH	GREENE	HAY	(D)
20	169	KS	SALINE	HAY	10,303
48	347	TX	NACOGDOCHES	HAY	343
17	103	IL	LEE	HAY	(D)
18	003	IN	ALLEN	HAY	(D)
30	019	MT	DANIELS	HAY	24,734
37	111	NC	MCDOWELL	HAY	30
08	059	CO	JEFFERSON	HAY	477
41	065	OR	WASCO	HAY	3,916
06	085	CA	SANTA CLARA	HAY	2,293
20	029	KS	CLOUD	HAY	404
23	021	ME	PISCATAQUIS	HAY	2,465
19	183	IA	WASHINGTON	HAY	2,233
27	059	MN	ISANTI	HAY	12,595
31	091	NE	HOOKER	HAY	(D)
08	033	CO	DOLORES	HAY	(D)
08	041	CO	EL PASO	HAY	2,978
28	103	MS	NOXUBEE	HAY	(D)
42	003	PA	ALLEGHENY	HAY	(D)
06	059	CA	ORANGE	HAY	(D)
31	017	NE	BROWN	HAY	6,498
48	319	TX	MASON	HAY	10,442
13	275	GA	THOMAS	SOD	(D)
17	067	IL	HANCOCK	HAY	9,502
26	049	MI	GENESEE	HAY	(D)
20	095	KS	KINGMAN	HAY	975
48	087	TX	COLLINGSWORTH	HAY	2,868
01	115	AL	SAINT CLAIR	HAY	12,384
37	133	NC	ONSLOW	HAY	373
29	019	MO	BOONE	HAY	21,974
37	141	NC	PENDER	HAY	1,337
37	051	NC	CUMBERLAND	HAY	(D)
27	133	MN	ROCK	HAY	6,805
46	033	SD	CUSTER	HAY	8,623
05	115	AR	POPE	HAY	36,369
06	083	CA	SANTA BARBARA	HAY	4,887
49	053	UT	WASHINGTON	HAY	4,104
21	173	KY	MONTGOMERY	HAY	15,229
48	205	TX	HARTLEY	HAY	(D)
37	165	NC	SCOTLAND	HAY	(D)
41	047	OR	MARION	GRASSES & LEGUMES TOTALS	83,747
40	017	OK	CANADIAN	HAY	608
26	009	MI	ANTRIM	HAY	1,648
37	103	NC	JONES	HAY	204
46	013	SD	BROWN	HAY	297
08	091	CO	OURAY	HAY	6,624
20	131	KS	NEMAHA	HAY	20,305
16	073	ID	OWYHEE	HAY	32,135
31	047	NE	DAWSON	HAY	15,437
29	165	MO	PLATTE	HAY	10,912
46	081	SD	LAWRENCE	HAY	2,963
22	073	LA	OUACHITA	HAY	5,506
54	089	WV	SUMMERS	HAY	8,316
39	103	OH	MEDINA	HAY	224
37	087	NC	HAYWOOD	HAY	4,610
45	077	SC	PICKENS	HAY	6,928
36	079	NY	PUTNAM	HAY	(D)
35	003	NM	CATRON	HAY	777
18	119	IN	OWEN	HAY	66
37	003	NC	ALEXANDER	HAY	161
12	045	FL	GULF	HAY	(D)
21	115	KY	JOHNSON	HAY	146
29	045	MO	CLARK	HAY	9,685
36	057	NY	MONTGOMERY	HAY	31,218
37	053	NC	CURRITUCK	SOD	(D)
42	099	PA	PERRY	HAY	12,657
34	019	NJ	HUNTERDON	HAY	72
24	005	MD	BALTIMORE	HAY	1,115
27	007	MN	BELTRAMI	HAY	(D)
39	103	OH	MEDINA	HAY	175
08	075	CO	LOGAN	GRASSES & LEGUMES TOTALS	423
37	095	NC	HYDE	HAY	(D)
48	363	TX	PALO PINTO	HAY	327
26	037	MI	CLINTON	HAY	202
42	119	PA	UNION	HAY	4,019
31	059	NE	FILLMORE	HAY	1,261
30	017	MT	CUSTER	HAY	72,559
46	119	SD	SULLY	HAY	11,693
35	015	NM	EDDY	GRASSES & LEGUMES TOTALS	(D)
51	147	VA	PRINCE EDWARD	HAY	9,123
29	041	MO	CHARITON	HAY	35,952
48	293	TX	LIMESTONE	HAY	893
01	085	AL	LOWNDES	HAY	438
13	043	GA	CANDLER	HAY	(D)
19	057	IA	DES MOINES	HAY	3,496
16	063	ID	LINCOLN	HAY	25,199
48	053	TX	BURNET	HAY	995
29	039	MO	CEDAR	HAY	36,002
31	147	NE	RICHARDSON	HAY	(D)
48	109	TX	CULBERSON	HAY	(D)
30	095	MT	STILLWATER	HAY	8,142
55	083	WI	OCONTO	HAY	50
51	083	VA	HALIFAX	HAY	18,265
31	107	NE	KNOX	HAY	5,982
17	095	IL	KNOX	HAY	(D)
42	087	PA	MIFFLIN	HAY	65
28	147	MS	WALTHALL	HAY	13,894
46	103	SD	PENNINGTON	HAY	662
48	365	TX	PANOLA	HAY	(D)
46	053	SD	GREGORY	HAY	(D)
28	039	MS	GEORGE	HAY	4,388
38	031	ND	FOSTER	HAY	5,297
17	071	IL	HENDERSON	HAY	2,653
24	025	MD	HARFORD	HAY	6,262
26	051	MI	GLADWIN	HAY	255
19	125	IA	MARION	HAY	(D)
40	091	OK	MCINTOSH	HAY	251
08	095	CO	PHILLIPS	HAY	(D)
48	369	TX	PARMER	HAY	27,495
45	003	SC	AIKEN	HAY	13,553
30	071	MT	PHILLIPS	HAY	9,673
36	101	NY	STEUBEN	HAY	(D)
48	489	TX	WILLACY	HAY	3,629
36	055	NY	MONROE	GRASSES & LEGUMES TOTALS	(D)
37	177	NC	TYRRELL	HAY	(D)
24	003	MD	ANNE ARUNDEL	SOD	(D)
31	165	NE	SIOUX	HAY	11,405
20	005	KS	ATCHISON	HAY	(D)
18	055	IN	GREENE	HAY	1,282
21	023	KY	BRACKEN	HAY	4,280
55	017	WI	CHIPPEWA	HAY	7,206
17	179	IL	TAZEWELL	HAY	525
05	067	AR	JACKSON	HAY	(D)
48	491	TX	WILLIAMSON	HAY	(D)
17	031	IL	COOK	HAY	632
39	129	OH	PICKAWAY	HAY	(D)
31	015	NE	BOYD	HAY	(D)
42	007	PA	BEAVER	HAY	20
48	095	TX	CONCHO	HAY	(D)
48	029	TX	BEXAR	HAY	41
19	135	IA	MONROE	HAY	(D)
06	001	CA	ALAMEDA	HAY	(D)
48	399	TX	RUNNELS	HAY	8,834
21	041	KY	CARROLL	HAY	688
04	009	AZ	GRAHAM	HAY	3,261
48	017	TX	BAILEY	HAY	270
37	037	NC	CHATHAM	HAY	434
49	021	UT	IRON	SOD	362
47	163	TN	SULLIVAN	HAY	24,100
47	125	TN	MONTGOMERY	SOD	(D)
53	027	WA	GRAYS HARBOR	HAY	538
24	041	MD	TALBOT	HAY	123
20	039	KS	DECATUR	HAY	972
36	027	NY	DUTCHESS	HAY	(D)
37	027	NC	CALDWELL	HAY	4,123
42	129	PA	WESTMORELAND	HAY	140
47	055	TN	GILES	HAY	37,995
26	143	MI	ROSCOMMON	HAY	486
38	089	ND	STARK	HAY	53,636
21	235	KY	WHITLEY	HAY	121
38	073	ND	RANSOM	HAY	30,902
12	086	FL	MIAMI-DADE	HAY	33
05	091	AR	MILLER	HAY	950
16	067	ID	MINIDOKA	HAY	3,199
48	459	TX	UPSHUR	HAY	152
48	357	TX	OCHILTREE	HAY	6,003
26	157	MI	TUSCOLA	HAY	10,506
46	067	SD	HUTCHINSON	HAY	843
49	041	UT	SEVIER	SOD	(D)
22	057	LA	LAFOURCHE	HAY	6,362
48	313	TX	MADISON	HAY	(D)
48	327	TX	MENARD	HAY	1,068
37	109	NC	LINCOLN	HAY	181
13	129	GA	GORDON	HAY	140
18	081	IN	JOHNSON	HAY	1,669
48	433	TX	STONEWALL	HAY	2,252
05	003	AR	ASHLEY	HAY	2,650
41	009	OR	COLUMBIA	GRASSES & LEGUMES TOTALS	383
18	055	IN	GREENE	HAY	11,201
29	013	MO	BATES	GRASSES & LEGUMES TOTALS	(D)
13	313	GA	WHITFIELD	HAY	172
23	025	ME	SOMERSET	GRASSES & LEGUMES TOTALS	(D)
39	115	OH	MORGAN	HAY	(D)
28	021	MS	CLAIBORNE	HAY	50
39	129	OH	PICKAWAY	HAY	5,988
26	005	MI	ALLEGAN	HAY	717
40	065	OK	JACKSON	HAY	1,720
23	015	ME	LINCOLN	HAY	2,310
36	009	NY	CATTARAUGUS	HAY	19,005
27	137	MN	ST. LOUIS	HAY	16,944
47	121	TN	MEIGS	HAY	(D)
26	111	MI	MIDLAND	HAY	5,168
17	141	IL	OGLE	HAY	5,394
27	061	MN	ITASCA	HAY	8,983
48	203	TX	HARRISON	HAY	18,075
30	079	MT	PRAIRIE	HAY	4,691
28	159	MS	WINSTON	HAY	(D)
40	091	OK	MCINTOSH	HAY	1,263
47	029	TN	COCKE	HAY	11,714
05	105	AR	PERRY	HAY	(D)
08	049	CO	GRAND	HAY	27,657
36	077	NY	OTSEGO	HAY	27,347
45	083	SC	SPARTANBURG	HAY	156
34	007	NJ	CAMDEN	HAY	403
29	003	MO	ANDREW	HAY	(D)
22	091	LA	SAINT HELENA	HAY	5,438
06	073	CA	SAN DIEGO	HAY	(D)
01	113	AL	RUSSELL	SOD	926
27	159	MN	WADENA	HAY	278
12	057	FL	HILLSBOROUGH	HAY	13,005
48	221	TX	HOOD	HAY	8
18	175	IN	WASHINGTON	HAY	(D)
27	103	MN	NICOLLET	GRASSES & LEGUMES TOTALS	90
47	021	TN	CHEATHAM	HAY	7,766
01	107	AL	PICKENS	HAY	270
17	203	IL	WOODFORD	HAY	(D)
49	009	UT	DAGGETT	HAY	2,931
48	231	TX	HUNT	HAY	54,902
41	065	OR	WASCO	HAY	2,270
05	087	AR	MADISON	HAY	(D)
56	005	WY	CAMPBELL	HAY	10,632
01	015	AL	CALHOUN	HAY	8,779
35	019	NM	GUADALUPE	HAY	1,053
29	117	MO	LIVINGSTON	HAY	13,061
28	149	MS	WARREN	HAY	1,963
53	053	WA	PIERCE	HAY	633
48	501	TX	YOAKUM	HAY	(D)
19	111	IA	LEE	HAY	(D)
34	039	NJ	UNION	HAY	(D)
28	107	MS	PANOLA	HAY	(D)
34	041	NJ	WARREN	HAY	70
27	067	MN	KANDIYOHI	HAY	8,437
06	109	CA	TUOLUMNE	HAY	219
12	031	FL	DUVAL	HAY	369
13	181	GA	LINCOLN	GRASSES & LEGUMES TOTALS	(D)
21	045	KY	CASEY	HAY	1,612
38	021	ND	DICKEY	HAY	404
12	129	FL	WAKULLA	HAY	(D)
39	087	OH	LAWRENCE	HAY	38
35	025	NM	LEA	HAY	3,272
29	091	MO	HOWELL	HAY	52
23	005	ME	CUMBERLAND	HAY	127
27	167	MN	WILKIN	HAY	4,811
48	021	TX	BASTROP	HAY	14,487
53	061	WA	SNOHOMISH	HAY	436
42	069	PA	LACKAWANNA	HAY	11,307
31	073	NE	GOSPER	HAY	5,484
01	029	AL	CLEBURNE	HAY	4,865
28	033	MS	DE SOTO	HAY	4,042
20	175	KS	SEWARD	HAY	(D)
42	021	PA	CAMBRIA	HAY	(D)
30	101	MT	TOOLE	HAY	2,102
20	151	KS	PRATT	HAY	9,014
48	003	TX	ANDREWS	HAY	1,590
08	095	CO	PHILLIPS	HAY	7,853
21	035	KY	CALLOWAY	HAY	8,662
21	107	KY	HOPKINS	HAY	64
24	027	MD	HOWARD	HAY	3,267
06	067	CA	SACRAMENTO	HAY	16,309
17	191	IL	WAYNE	HAY	417
26	133	MI	OSCEOLA	HAY	18,764
28	045	MS	HANCOCK	HAY	2,606
35	025	NM	LEA	HAY	6,627
19	177	IA	VAN BUREN	HAY	14,585
27	097	MN	MORRISON	HAY	23,122
17	051	IL	FAYETTE	HAY	(D)
23	019	ME	PENOBSCOT	HAY	1,080
48	115	TX	DAWSON	HAY	(D)
31	039	NE	CUMING	HAY	(D)
16	051	ID	JEFFERSON	HAY	63,246
48	431	TX	STERLING	HAY	1,236
26	033	MI	CHIPPEWA	HAY	(D)
38	023	ND	DIVIDE	HAY	731
37	013	NC	BEAUFORT	HAY	249
41	039	OR	LANE	GRASSES & LEGUMES TOTALS	17,019
42	057	PA	FULTON	HAY	4,049
34	027	NJ	MORRIS	GRASSES & LEGUMES TOTALS	(D)
30	019	MT	DANIELS	HAY	(D)
09	007	CT	MIDDLESEX	HAY	2,130
13	189	GA	MCDUFFIE	HAY	4,913
30	001	MT	BEAVERHEAD	HAY	50,611
42	015	PA	BRADFORD	HAY	(D)
54	081	WV	RALEIGH	HAY	5,508
35	001	NM	BERNALILLO	HAY	(D)
23	021	ME	PISCATAQUIS	GRASSES & LEGUMES TOTALS	(D)
06	103	CA	TEHAMA	HAY	1,617
24	023	MD	GARRETT	HAY	(D)
28	019	MS	CHOCTAW	HAY	(D)
48	229	TX	HUDSPETH	HAY	(D)
40	009	OK	BECKHAM	HAY	624
05	007	AR	BENTON	HAY	55,990
18	061	IN	HARRISON	HAY	106
20	163	KS	ROOKS	HAY	22,089
20	207	KS	WOODSON	HAY	782
01	089	AL	MADISON	HAY	470
29	153	MO	OZARK	HAY	801
53	037	WA	KITTITAS	GRASSES & LEGUMES TOTALS	(D)
54	109	WV	WYOMING	HAY	(D)
51	185	VA	TAZEWELL	GRASSES & LEGUMES TOTALS	(D)
39	171	OH	WILLIAMS	HAY	(D)
24	021	MD	FREDERICK	HAY	36
18	071	IN	JACKSON	HAY	186
18	085	IN	KOSCIUSKO	HAY	93
36	105	NY	SULLIVAN	HAY	(D)
20	043	KS	DONIPHAN	HAY	(D)
05	131	AR	SEBASTIAN	HAY	(D)
40	079	OK	LEFLORE	HAY	58,007
21	115	KY	JOHNSON	HAY	1,812
13	261	GA	SUMTER	SOD	(D)
31	131	NE	OTOE	HAY	7
17	073	IL	HENRY	GRASSES & LEGUMES TOTALS	(D)
55	007	WI	BAYFIELD	HAY	16,394
53	057	WA	SKAGIT	HAY	6,580
31	153	NE	SARPY	HAY	13
18	131	IN	PULASKI	HAY	(D)
47	115	TN	MARION	HAY	6,842
50	017	VT	ORANGE	HAY	6,926
48	053	TX	BURNET	HAY	995
55	035	WI	EAU CLAIRE	HAY	(D)
27	065	MN	KANABEC	HAY	10,966
37	039	NC	CHEROKEE	HAY	(D)
21	027	KY	BRECKINRIDGE	HAY	(D)
31	007	NE	BANNER	HAY	933
20	125	KS	MONTGOMERY	HAY	(D)
36	007	NY	BROOME	HAY	2,961
35	035	NM	OTERO	HAY	147
21	123	KY	LARUE	HAY	(D)
40	113	OK	OSAGE	HAY	366
17	127	IL	MASSAC	HAY	163
45	003	SC	AIKEN	HAY	13,392
13	173	GA	LANIER	HAY	129
37	143	NC	PERQUIMANS	HAY	1,429
31	087	NE	HITCHCOCK	HAY	2,865
12	079	FL	MADISON	HAY	4,349
49	035	UT	SALT LAKE	HAY	667
55	089	WI	OZAUKEE	HAY	437
31	131	NE	OTOE	HAY	83
45	031	SC	DARLINGTON	HAY	25
22	053	LA	JEFFERSON DAVIS	HAY	838
16	019	ID	BONNEVILLE	HAY	40,638
08	085	CO	MONTROSE	HAY	16,838
53	033	WA	KING	HAY	708
19	027	IA	CARROLL	HAY	4,549
39	075	OH	HOLMES	HAY	103
30	053	MT	LINCOLN	HAY	1,622
55	049	WI	IOWA	GRASSES & LEGUMES TOTALS	(D)
17	051	IL	FAYETTE	HAY	5,897
40	141	OK	TILLMAN	GRASSES & LEGUMES TOTALS	260
38	097	ND	TRAILL	HAY	2,594
48	359	TX	OLDHAM	HAY	10,438
48	501	TX	YOAKUM	HAY	4,394
39	159	OH	UNION	HAY	2,054
29	067	MO	DOUGLAS	HAY	58
29	169	MO	PULASKI	HAY	(D)
06	071	CA	SAN BERNARDINO	HAY	3,724
20	103	KS	LEAVENWORTH	HAY	(D)
48	369	TX	PARMER	HAY	(D)
40	067	OK	JEFFERSON	HAY	(D)
45	089	SC	WILLIAMSBURG	HAY	2,466
28	035	MS	FORREST	HAY	2,146
20	041	KS	DICKINSON	HAY	19,335
30	065	MT	MUSSELSHELL	HAY	5,370
20	105	KS	LINCOLN	HAY	12,479
16	053	ID	JEROME	HAY	29,979
31	053	NE	DODGE	HAY	78
31	041	NE	CUSTER	HAY	99,297
13	317	GA	WILKES	HAY	(D)
04	012	AZ	LAPAZ	HAY	67,560
19	005	IA	ALLAMAKEE	HAY	(D)
55	065	WI	LAFAYETTE	HAY	(D)
49	041	UT	SEVIER	HAY	2,742
41	043	OR	LINN	HAY	203
47	077	TN	HENDERSON	HAY	(D)
21	015	KY	BOONE	HAY	(D)
30	053	MT	LINCOLN	HAY	4,019
08	059	CO	JEFFERSON	HAY	1,734
30	003	MT	BIG HORN	HAY	15,494
23	005	ME	CUMBERLAND	SOD	(D)
29	219	MO	WARREN	HAY	8,347
54	037	WV	JEFFERSON	SOD	(D)
18	099	IN	MARSHALL	HAY	448
55	137	WI	WAUSHARA	HAY	8,039
31	179	NE	WAYNE	HAY	8,859
47	021	TN	CHEATHAM	HAY	64
09	003	CT	HARTFORD	HAY	(D)
46	085	SD	LYMAN	HAY	(D)
29	207	MO	STODDARD	HAY	283
17	061	IL	GREENE	HAY	4,129
27	059	MN	ISANTI	HAY	(D)
18	109	IN	MORGAN	HAY	2,570
37	007	NC	ANSON	HAY	5,904
47	183	TN	WEAKLEY	HAY	(D)
21	109	KY	JACKSON	HAY	13,692
21	055	KY	CRITTENDEN	HAY	12,107
29	105	MO	LACLEDE	HAY	1,205
40	089	OK	MCCURTAIN	HAY	588
01	045	AL	DALE	HAY	100
21	065	KY	ESTILL	HAY	60
54	097	WV	UPSHUR	HAY	(D)
06	065	CA	RIVERSIDE	HAY	75,185
20	133	KS	NEOSHO	HAY	22,986
29	055	MO	CRAWFORD	HAY	904
27	043	MN	FARIBAULT	GRASSES & LEGUMES TOTALS	(D)
18	081	IN	JOHNSON	HAY	(D)
20	049	KS	ELK	HAY	11,630
45	081	SC	SALUDA	HAY	(D)
51	193	VA	WESTMORELAND	HAY	191
47	111	TN	MACON	HAY	20,199
55	091	WI	PEPIN	HAY	(D)
18	009	IN	BLACKFORD	HAY	816
40	135	OK	SEQUOYAH	HAY	(D)
39	115	OH	MORGAN	HAY	15,651
02		AK	ANCHORAGE	HAY	(D)
23	009	ME	HANCOCK	SOD	(D)
19	041	IA	CLAY	HAY	3,931
12	105	FL	POLK	HAY	16,723
51	095	VA	JAMES CITY	HAY	906
48	265	TX	KERR	HAY	2,000
31	141	NE	PLATTE	HAY	4,895
41	047	OR	MARION	SOD	1,202
12	029	FL	DIXIE	HAY	(D)
55	125	WI	VILAS	HAY	149
38	011	ND	BOWMAN	HAY	373
42	079	PA	LUZERNE	HAY	5,528
13	027	GA	BROOKS	HAY	63
05	009	AR	BOONE	HAY	74
49	019	UT	GRAND	HAY	4,922
19	167	IA	SIOUX	HAY	1,698
37	113	NC	MACON	HAY	3,202
20	027	KS	CLAY	HAY	10,275
47	157	TN	SHELBY	HAY	3,671
55	009	WI	BROWN	HAY	(D)
37	093	NC	HOKE	SOD	(D)
28	153	MS	WAYNE	HAY	8,815
27	081	MN	LINCOLN	HAY	704
31	023	NE	BUTLER	HAY	7,515
53	059	WA	SKAMANIA	HAY	(D)
34	019	NJ	HUNTERDON	SOD	(D)
26	099	MI	MACOMB	HAY	2,661
46	137	SD	ZIEBACH	HAY	15,051
31	051	NE	DIXON	HAY	769
27	087	MN	MAHNOMEN	HAY	(D)
25	015	MA	HAMPSHIRE	HAY	4,260
08	057	CO	JACKSON	HAY	77,133
48	173	TX	GLASSCOCK	HAY	(D)
32	001	NV	CHURCHILL	HAY	3,214
26	021	MI	BERRIEN	HAY	3,223
48	417	TX	SHACKELFORD	HAY	4,834
42	123	PA	WARREN	HAY	7,287
41	017	OR	DESCHUTES	GRASSES & LEGUMES TOTALS	164
31	095	NE	JEFFERSON	HAY	154
48	435	TX	SUTTON	HAY	1,388
27	111	MN	OTTER TAIL	HAY	13,936
51	033	VA	CAROLINE	HAY	3,429
13	107	GA	EMANUEL	HAY	81
27	087	MN	MAHNOMEN	GRASSES & LEGUMES TOTALS	(D)
55	049	WI	IOWA	HAY	32,625
13	025	GA	BRANTLEY	HAY	65
06	021	CA	GLENN	GRASSES & LEGUMES TOTALS	(D)
51	171	VA	SHENANDOAH	HAY	19,084
28	025	MS	CLAY	HAY	10,774
40	135	OK	SEQUOYAH	HAY	1,194
40	045	OK	ELLIS	HAY	17,367
01	015	AL	CALHOUN	HAY	8,779
12	029	FL	DIXIE	HAY	(D)
17	051	IL	FAYETTE	HAY	(D)
20	091	KS	JOHNSON	SOD	(D)
31	119	NE	MADISON	HAY	(D)
01	049	AL	DE KALB	HAY	34,917
42	085	PA	MERCER	HAY	21,190
48	133	TX	EASTLAND	HAY	23,344
08	107	CO	ROUTT	HAY	65,080
54	105	WV	WIRT	HAY	4,799
35	049	NM	SANTA FE	HAY	446
48	407	TX	SAN JACINTO	HAY	226
20	083	KS	HODGEMAN	HAY	2,191
27	111	MN	OTTER TAIL	HAY	3,484
18	099	IN	MARSHALL	HAY	891
40	057	OK	HARMON	HAY	(D)
21	223	KY	TRIMBLE	HAY	4,332
42	003	PA	ALLEGHENY	HAY	1,727
55	127	WI	WALWORTH	HAY	(D)
17	077	IL	JACKSON	HAY	1,151
26	133	MI	OSCEOLA	HAY	(D)
48	065	TX	CARSON	HAY	(D)
30	049	MT	LEWIS AND CLARK	HAY	33,125
21	203	KY	ROCKCASTLE	HAY	16,870
40	113	OK	OSAGE	HAY	(D)
37	041	NC	CHOWAN	HAY	(D)
20	111	KS	LYON	HAY	46,911
30	021	MT	DAWSON	HAY	20,995
06	007	CA	BUTTE	HAY	4,691
19	085	IA	HARRISON	HAY	(D)
48	107	TX	CROSBY	HAY	1,427
19	171	IA	TAMA	HAY	7,853
49	031	UT	PIUTE	HAY	(D)
36	015	NY	CHEMUNG	HAY	(D)
26	123	MI	NEWAYGO	HAY	(D)
21	015	KY	BOONE	HAY	2,086
46	091	SD	MARSHALL	HAY	(D)
39	155	OH	TRUMBULL	HAY	(D)
27	011	MN	BIG STONE	HAY	1,480
19	105	IA	JONES	HAY	9,905
13	243	GA	RANDOLPH	HAY	(D)
39	091	OH	LOGAN	HAY	(D)
06	101	CA	SUTTER	HAY	(D)
16	029	ID	CARIBOU	HAY	2,518
13	093	GA	DOOLY	SOD	(D)
31	131	NE	OTOE	HAY	3,897
47	111	TN	MACON	HAY	(D)
40	007	OK	BEAVER	GRASSES & LEGUMES TOTALS	(D)
48	349	TX	NAVARRO	HAY	257
31	101	NE	KEITH	HAY	800
08	014	CO	BROOMFIELD	HAY	(D)
48	165	TX	GAINES	HAY	3,262
22	003	LA	ALLEN	HAY	444
12	057	FL	HILLSBOROUGH	HAY	379
19	081	IA	HANCOCK	HAY	823
08	055	CO	HUERFANO	HAY	1,096
38	101	ND	WARD	HAY	(D)
41	053	OR	POLK	HAY	888
48	405	TX	SAN AUGUSTINE	HAY	4,447
50	007	VT	CHITTENDEN	HAY	11,354
13	081	GA	CRISP	HAY	1,800
26	013	MI	BARAGA	HAY	4,019
30	027	MT	FERGUS	HAY	197,989
13	165	GA	JENKINS	HAY	2,518
55	133	WI	WAUKESHA	HAY	(D)
20	087	KS	JEFFERSON	HAY	21,464
48	215	TX	HIDALGO	HAY	935
41	071	OR	YAMHILL	GRASSES & LEGUMES TOTALS	42,673
17	153	IL	PULASKI	HAY	2,253
20	155	KS	RENO	HAY	19,279
13	271	GA	TELFAIR	HAY	2,015
12	095	FL	ORANGE	SOD	(D)
13	305	GA	WAYNE	HAY	1,595
13	055	GA	CHATTOOGA	HAY	7,273
05	025	AR	CLEVELAND	HAY	6,236
27	057	MN	HUBBARD	HAY	183
31	035	NE	CLAY	HAY	2,760
27	145	MN	STEARNS	SOD	(D)
20	143	KS	OTTAWA	HAY	25,165
05	127	AR	SCOTT	HAY	26,533
13	095	GA	DOUGHERTY	HAY	(D)
19	029	IA	CASS	HAY	8,983
19	003	IA	ADAMS	HAY	(D)
26	131	MI	ONTONAGON	HAY	2,045
36	099	NY	SENECA	HAY	9,470
19	113	IA	LINN	HAY	(D)
12	043	FL	GLADES	HAY	(D)
48	109	TX	CULBERSON	HAY	865
48	019	TX	BANDERA	SOD	(D)
41	029	OR	JACKSON	HAY	1,650
22	035	LA	EAST CARROLL	HAY	153
48	155	TX	FOARD	HAY	2,099
19	189	IA	WINNEBAGO	HAY	1,110
01	003	AL	BALDWIN	SOD	10,513
17	195	IL	WHITESIDE	HAY	3,338
37	121	NC	MITCHELL	HAY	1,784
29	077	MO	GREENE	HAY	48,887
48	241	TX	JASPER	HAY	382
26	123	MI	NEWAYGO	HAY	314
37	029	NC	CAMDEN	HAY	85
42	115	PA	SUSQUEHANNA	HAY	37,704
48	153	TX	FLOYD	HAY	(D)
40	055	OK	GREER	HAY	998
47	083	TN	HOUSTON	HAY	10,936
18	019	IN	CLARK	HAY	(D)
17	041	IL	DOUGLAS	HAY	(D)
48	435	TX	SUTTON	HAY	1,388
37	167	NC	STANLY	HAY	(D)
48	097	TX	COOKE	HAY	59,163
08	025	CO	CROWLEY	HAY	(D)
48	127	TX	DIMMIT	HAY	1,664
22	087	LA	SAINT BERNARD	HAY	722
40	061	OK	HASKELL	HAY	460
01	043	AL	CULLMAN	HAY	33,257
21	213	KY	SIMPSON	HAY	(D)
55	033	WI	DUNN	HAY	197
51	053	VA	DINWIDDIE	HAY	(D)
01	011	AL	BULLOCK	HAY	(D)
51	169	VA	SCOTT	HAY	20,452
27	097	MN	MORRISON	GRASSES & LEGUMES TOTALS	(D)
17	185	IL	WABASH	HAY	260
47	167	TN	TIPTON	HAY	(D)
48	153	TX	FLOYD	HAY	5,642
55	043	WI	GRANT	HAY	(D)
20	115	KS	MARION	HAY	314
12	123	FL	TAYLOR	HAY	1,016
38	053	ND	MCKENZIE	HAY	2,126
20	181	KS	SHERMAN	HAY	(D)
48	307	TX	MCCULLOCH	HAY	(D)
26	121	MI	MUSKEGON	HAY	6,727
38	071	ND	RAMSEY	HAY	8,958
54	083	WV	RANDOLPH	HAY	9,618
54	049	WV	MARION	HAY	162
36	011	NY	CAYUGA	HAY	10,850
26	115	MI	MONROE	HAY	1,571
12	101	FL	PASCO	HAY	30
20	109	KS	LOGAN	HAY	(D)
48	113	TX	DALLAS	HAY	(D)
13	091	GA	DODGE	HAY	2,749
24	047	MD	WORCESTER	HAY	(D)
20	129	KS	MORTON	HAY	(D)
46	057	SD	HAMLIN	HAY	2,270
13	201	GA	MILLER	HAY	2,130
26	025	MI	CALHOUN	HAY	43
54	079	WV	PUTNAM	SOD	(D)
48	075	TX	CHILDRESS	HAY	1,794
51	053	VA	DINWIDDIE	HAY	5,256
08	015	CO	CHAFFEE	HAY	4,267
37	193	NC	WILKES	HAY	665
17	011	IL	BUREAU	HAY	(D)
39	061	OH	HAMILTON	HAY	6
08	001	CO	ADAMS	HAY	1,182
32	019	NV	LYON	HAY	36,176
19	073	IA	GREENE	HAY	2,920
12	039	FL	GADSDEN	HAY	90
08	121	CO	WASHINGTON	HAY	32,420
20	049	KS	ELK	GRASSES & LEGUMES TOTALS	(D)
34	031	NJ	PASSAIC	HAY	(D)
12	035	FL	FLAGLER	HAY	839
25	013	MA	HAMPDEN	HAY	(D)
31	167	NE	STANTON	HAY	(D)
51	097	VA	KING AND QUEEN	HAY	738
51	167	VA	RUSSELL	HAY	16,813
44	005	RI	NEWPORT	HAY	68
48	485	TX	WICHITA	HAY	11,299
12	099	FL	PALM BEACH	HAY	36
31	001	NE	ADAMS	HAY	767
01	129	AL	WASHINGTON	HAY	(D)
19	051	IA	DAVIS	HAY	(D)
49	033	UT	RICH	HAY	29,389
28	035	MS	FORREST	HAY	2,146
36	099	NY	SENECA	HAY	(D)
45	077	SC	PICKENS	HAY	137
21	133	KY	LETCHER	HAY	270
01	099	AL	MONROE	HAY	5,946
13	255	GA	SPALDING	HAY	170
35	037	NM	QUAY	HAY	(D)
19	129	IA	MILLS	HAY	1,548
21	021	KY	BOYLE	HAY	14,082
54	077	WV	PRESTON	HAY	79
29	025	MO	CALDWELL	HAY	18
01	009	AL	BLOUNT	HAY	(D)
53	065	WA	STEVENS	HAY	2,674
21	183	KY	OHIO	HAY	3
29	183	MO	ST CHARLES	HAY	367
41	011	OR	COOS	HAY	3,893
48	381	TX	RANDALL	HAY	11,839
26	127	MI	OCEANA	HAY	7,385
41	007	OR	CLATSOP	HAY	(D)
21	067	KY	FAYETTE	HAY	20
29	037	MO	CASS	HAY	35,262
19	085	IA	HARRISON	HAY	(D)
34	003	NJ	BERGEN	HAY	(D)
22	081	LA	RED RIVER	HAY	(D)
06	103	CA	TEHAMA	HAY	5,711
12	035	FL	FLAGLER	HAY	(D)
24	009	MD	CALVERT	HAY	1,597
12	086	FL	MIAMI-DADE	HAY	33
48	037	TX	BOWIE	HAY	37,467
39	111	OH	MONROE	HAY	(D)
56	019	WY	JOHNSON	HAY	29,374
31	057	NE	DUNDY	HAY	2,529
35	023	NM	HIDALGO	HAY	(D)
28	005	MS	AMITE	HAY	8,261
20	085	KS	JACKSON	HAY	(D)
29	061	MO	DAVIESS	HAY	22,975
40	083	OK	LOGAN	HAY	315
47	033	TN	CROCKETT	HAY	(D)
55	069	WI	LINCOLN	HAY	(D)
38	029	ND	EMMONS	HAY	31,264
12	067	FL	LAFAYETTE	GRASSES & LEGUMES TOTALS	(D)
48	467	TX	VAN ZANDT	HAY	1,585
18	125	IN	PIKE	HAY	951
45	059	SC	LAURENS	HAY	24
13	113	GA	FAYETTE	HAY	857
29	151	MO	OSAGE	HAY	2,064
40	021	OK	CHEROKEE	HAY	(D)
44	007	RI	PROVIDENCE	HAY	(D)
39	153	OH	SUMMIT	HAY	5
48	411	TX	SAN SABA	HAY	(D)
27	171	MN	WRIGHT	HAY	36
36	055	NY	MONROE	HAY	(D)
48	155	TX	FOARD	HAY	(D)
37	067	NC	FORSYTH	HAY	4,110
22	119	LA	WEBSTER	HAY	4,774
18	133	IN	PUTNAM	HAY	5,658
20	029	KS	CLOUD	HAY	(D)
40	019	OK	CARTER	HAY	2,061
05	133	AR	SEVIER	HAY	73
37	051	NC	CUMBERLAND	HAY	183
13	031	GA	BULLOCH	HAY	635
16	079	ID	SHOSHONE	HAY	175
20	035	KS	COWLEY	HAY	(D)
48	065	TX	CARSON	HAY	(D)
19	007	IA	APPANOOSE	HAY	11,723
54	001	WV	BARBOUR	HAY	108
29	145	MO	NEWTON	HAY	122
12	107	FL	PUTNAM	HAY	3,313
36	107	NY	TIOGA	HAY	(D)
45	051	SC	HORRY	HAY	3,212
05	145	AR	WHITE	HAY	58,061
54	055	WV	MERCER	HAY	368
40	095	OK	MARSHALL	GRASSES & LEGUMES TOTALS	(D)
46	045	SD	EDMUNDS	HAY	(D)
20	081	KS	HASKELL	HAY	(D)
26	157	MI	TUSCOLA	HAY	111
31	051	NE	DIXON	HAY	(D)
26	161	MI	WASHTENAW	HAY	380
32	015	NV	LANDER	HAY	5,337
48	429	TX	STEPHENS	HAY	(D)
31	043	NE	DAKOTA	HAY	58
21	063	KY	ELLIOTT	HAY	5,608
37	161	NC	RUTHERFORD	HAY	706
30	013	MT	CASCADE	HAY	18,395
55	131	WI	WASHINGTON	SOD	(D)
32	003	NV	CLARK	HAY	(D)
42	073	PA	LAWRENCE	GRASSES & LEGUMES TOTALS	80
17	027	IL	CLINTON	HAY	3,332
26	143	MI	ROSCOMMON	HAY	(D)
20	025	KS	CLARK	HAY	2,336
30	001	MT	BEAVERHEAD	GRASSES & LEGUMES TOTALS	(D)
23	009	ME	HANCOCK	HAY	1,938
24	025	MD	HARFORD	HAY	(D)
21	213	KY	SIMPSON	HAY	(D)
13	209	GA	MONTGOMERY	SOD	(D)
47	001	TN	ANDERSON	HAY	(D)
38	037	ND	GRANT	HAY	(D)
28	021	MS	CLAIBORNE	HAY	1,992
18	121	IN	PARKE	HAY	4,378
08	063	CO	KIT CARSON	HAY	4,505
21	219	KY	TODD	HAY	14
56	045	WY	WESTON	HAY	7,991
37	159	NC	ROWAN	HAY	15,398
54	059	WV	MINGO	HAY	(D)
29	103	MO	KNOX	HAY	13,514
28	013	MS	CALHOUN	HAY	9,446
56	029	WY	PARK	GRASSES & LEGUMES TOTALS	3,151
27	065	MN	KANABEC	HAY	7,497
18	169	IN	WABASH	HAY	1,356
28	043	MS	GRENADA	HAY	(D)
39	107	OH	MERCER	HAY	1,791
20	123	KS	MITCHELL	HAY	7,485
01	071	AL	JACKSON	HAY	332
37	101	NC	JOHNSTON	GRASSES & LEGUMES TOTALS	(D)
28	059	MS	JACKSON	HAY	1,945
51	061	VA	FAUQUIER	SOD	818
17	057	IL	FULTON	HAY	(D)
37	183	NC	WAKE	HAY	556
31	063	NE	FRONTIER	HAY	13,842
01	081	AL	LEE	HAY	18
08	073	CO	LINCOLN	HAY	1,200
30	063	MT	MISSOULA	HAY	4,331
30	027	MT	FERGUS	HAY	167,927
56	017	WY	HOT SPRINGS	HAY	4,419
42	001	PA	ADAMS	HAY	21,441
20	105	KS	LINCOLN	HAY	(D)
17	179	IL	TAZEWELL	HAY	2,799
48	201	TX	HARRIS	HAY	(D)
21	053	KY	CLINTON	HAY	11,052
13	315	GA	WILCOX	HAY	73
48	215	TX	HIDALGO	HAY	11,507
22	079	LA	RAPIDES	HAY	11,165
29	031	MO	CAPE GIRARDEAU	HAY	25,361
08	075	CO	LOGAN	HAY	53,110
40	019	OK	CARTER	HAY	26,989
29	077	MO	GREENE	HAY	(D)
12	059	FL	HOLMES	GRASSES & LEGUMES TOTALS	(D)
40	049	OK	GARVIN	HAY	738
38	069	ND	PIERCE	HAY	147
56	029	WY	PARK	HAY	(D)
38	101	ND	WARD	HAY	(D)
42	061	PA	HUNTINGDON	HAY	30
08	125	CO	YUMA	HAY	14,662
46	009	SD	BON HOMME	HAY	(D)
16	051	ID	JEFFERSON	HAY	63,246
06	005	CA	AMADOR	HAY	2,065
05	085	AR	LONOKE	HAY	19,018
48	059	TX	CALLAHAN	HAY	(D)
48	427	TX	STARR	GRASSES & LEGUMES TOTALS	(D)
41	019	OR	DOUGLAS	HAY	25,771
18	177	IN	WAYNE	HAY	3,987
53	077	WA	YAKIMA	HAY	26,832
40	151	OK	WOODS	GRASSES & LEGUMES TOTALS	(D)
46	035	SD	DAVISON	HAY	443
48	029	TX	BEXAR	HAY	14,668
28	093	MS	MARSHALL	HAY	109
46	095	SD	MELLETTE	HAY	10,490
13	033	GA	BURKE	HAY	6,981
39	117	OH	MORROW	HAY	2,984
27	153	MN	TODD	HAY	13,248
48	507	TX	ZAVALA	HAY	300
28	151	MS	WASHINGTON	HAY	(D)
06	093	CA	SISKIYOU	HAY	70,612
13	163	GA	JEFFERSON	HAY	1,970
13	091	GA	DODGE	GRASSES & LEGUMES TOTALS	(D)
39	015	OH	BROWN	HAY	216
48	285	TX	LAVACA	HAY	2,552
18	061	IN	HARRISON	HAY	2,863
02		AK	ANCHORAGE	HAY	(D)
42	029	PA	CHESTER	HAY	15,652
26	027	MI	CASS	HAY	6,735
40	063	OK	HUGHES	HAY	1,181
48	023	TX	BAYLOR	HAY	(D)
56	043	WY	WASHAKIE	GRASSES & LEGUMES TOTALS	(D)
46	003	SD	AURORA	HAY	13,475
30	047	MT	LAKE	HAY	5,152
31	091	NE	HOOKER	HAY	6,847
08	045	CO	GARFIELD	HAY	4,482
24	021	MD	FREDERICK	SOD	286
19	057	IA	DES MOINES	HAY	(D)
48	469	TX	VICTORIA	HAY	12,304
01	089	AL	MADISON	HAY	16,141
29	197	MO	SCHUYLER	HAY	23,876
33	011	NH	HILLSBOROUGH	HAY	4,647
46	013	SD	BROWN	HAY	18,429
36	069	NY	ONTARIO	HAY	(D)
40	085	OK	LOVE	HAY	11,571
20	081	KS	HASKELL	HAY	6,396
27	145	MN	STEARNS	HAY	3,045
04	013	AZ	MARICOPA	HAY	105,571
13	023	GA	BLECKLEY	HAY	(D)
42	031	PA	CLARION	HAY	(D)
46	077	SD	KINGSBURY	HAY	4,848
51	115	VA	MATHEWS	HAY	86
05	005	AR	BAXTER	HAY	12,360
27	031	MN	COOK	HAY	(D)
53	067	WA	THURSTON	HAY	(D)
18	145	IN	SHELBY	HAY	1,372
16	057	ID	LATAH	GRASSES & LEGUMES TOTALS	3,296
01	039	AL	COVINGTON	HAY	310
16	047	ID	GOODING	HAY	28,754
29	169	MO	PULASKI	HAY	638
18	135	IN	RANDOLPH	HAY	2,524
56	041	WY	UINTA	HAY	31,970
29	215	MO	TEXAS	GRASSES & LEGUMES TOTALS	(D)
19	011	IA	BENTON	HAY	7,208
39	039	OH	DEFIANCE	HAY	1,071
13	079	GA	CRAWFORD	HAY	(D)
22	067	LA	MOREHOUSE	HAY	(D)
45	003	SC	AIKEN	HAY	1,475
05	087	AR	MADISON	HAY	(D)
17	017	IL	CASS	HAY	1,387
42	053	PA	FOREST	HAY	842
12	055	FL	HIGHLANDS	HAY	(D)
30	073	MT	PONDERA	HAY	16,905
12	105	FL	POLK	HAY	16,228
54	007	WV	BRAXTON	HAY	(D)
38	023	ND	DIVIDE	HAY	912
26	027	MI	CASS	HAY	(D)
37	195	NC	WILSON	SOD	(D)
39	083	OH	KNOX	HAY	15,560
13	157	GA	JACKSON	HAY	10,544
04	027	AZ	YUMA	HAY	28,593
22	075	LA	PLAQUEMINES	HAY	190
20	193	KS	THOMAS	HAY	6,933
13	077	GA	COWETA	HAY	70
51	029	VA	BUCKINGHAM	HAY	12,326
18	161	IN	UNION	HAY	1,482
48	461	TX	UPTON	HAY	(D)
01	027	AL	CLAY	HAY	306
45	037	SC	EDGEFIELD	HAY	(D)
24	031	MD	MONTGOMERY	HAY	18
45	017	SC	CALHOUN	HAY	1,707
42	071	PA	LANCASTER	HAY	20,336
35	006	NM	CIBOLA	GRASSES & LEGUMES TOTALS	(D)
19	135	IA	MONROE	HAY	19,033
47	063	TN	HAMBLEN	HAY	(D)
18	111	IN	NEWTON	HAY	3,109
19	171	IA	TAMA	HAY	2,774
01	031	AL	COFFEE	HAY	10,448
35	053	NM	SOCORRO	HAY	5,815
13	169	GA	JONES	HAY	(D)
17	131	IL	MERCER	HAY	20
49	029	UT	MORGAN	HAY	967
18	061	IN	HARRISON	HAY	106
32	011	NV	EUREKA	HAY	31,519
13	209	GA	MONTGOMERY	HAY	258
48	431	TX	STERLING	HAY	(D)
42	017	PA	BUCKS	SOD	548
01	061	AL	GENEVA	HAY	600
46	093	SD	MEADE	HAY	175,185
39	049	OH	FRANKLIN	HAY	(D)
13	065	GA	CLINCH	HAY	64
45	069	SC	MARLBORO	HAY	(D)
21	057	KY	CUMBERLAND	HAY	(D)
28	153	MS	WAYNE	HAY	61
27	015	MN	BROWN	HAY	49
18	043	IN	FLOYD	HAY	(D)
30	051	MT	LIBERTY	HAY	748
31	085	NE	HAYES	HAY	3,474
20	015	KS	BUTLER	HAY	161
18	035	IN	DELAWARE	HAY	1,191
55	107	WI	RUSK	HAY	15,317
26	161	MI	WASHTENAW	HAY	474
47	021	TN	CHEATHAM	HAY	54
18	163	IN	VANDERBURGH	HAY	300
21	131	KY	LESLIE	HAY	80
08	113	CO	SAN MIGUEL	HAY	1,119
46	027	SD	CLAY	HAY	5,381
37	027	NC	CALDWELL	HAY	88
35	057	NM	TORRANCE	HAY	2,217
37	097	NC	IREDELL	HAY	771
13	011	GA	BANKS	HAY	30
25	003	MA	BERKSHIRE	HAY	6,380
08	041	CO	EL PASO	HAY	1,314
24	001	MD	ALLEGANY	HAY	7,626
47	011	TN	BRADLEY	HAY	60
06	061	CA	PLACER	HAY	3,309
53	007	WA	CHELAN	HAY	921
12	113	FL	SANTA ROSA	HAY	3,019
50	019	VT	ORLEANS	HAY	1,560
36	077	NY	OTSEGO	HAY	164
47	069	TN	HARDEMAN	HAY	36
42	123	PA	WARREN	HAY	90
01	055	AL	ETOWAH	HAY	52
27	153	MN	TODD	HAY	36,617
29	135	MO	MONITEAU	HAY	(D)
17	053	IL	FORD	HAY	865
35	001	NM	BERNALILLO	GRASSES & LEGUMES TOTALS	78
53	029	WA	ISLAND	HAY	8
40	019	OK	CARTER	HAY	1,821
13	123	GA	GILMER	HAY	3,271
36	007	NY	BROOME	HAY	9,500
49	003	UT	BOX ELDER	HAY	12,804
29	227	MO	WORTH	HAY	2,834
42	125	PA	WASHINGTON	HAY	13,818
16	041	ID	FRANKLIN	GRASSES & LEGUMES TOTALS	(D)
41	025	OR	HARNEY	HAY	67,873
48	305	TX	LYNN	HAY	(D)
54	053	WV	MASON	HAY	124
02		AK	ALEUTIAN ISLANDS	HAY	(D)
29	163	MO	PIKE	HAY	5,905
05	147	AR	WOODRUFF	HAY	(D)
31	153	NE	SARPY	HAY	870
21	187	KY	OWEN	HAY	(D)
48	365	TX	PANOLA	HAY	644
53	073	WA	WHATCOM	HAY	7,191
34	023	NJ	MIDDLESEX	HAY	1,079
47	075	TN	HAYWOOD	HAY	3,779
51	085	VA	HANOVER	HAY	334
40	101	OK	MUSKOGEE	HAY	2,358
22	123	LA	WEST CARROLL	HAY	3,897
19	063	IA	EMMET	HAY	1,186
56	035	WY	SUBLETTE	HAY	70,037
35	015	NM	EDDY	GRASSES & LEGUMES TOTALS	(D)
37	035	NC	CATAWBA	HAY	48
17	043	IL	DU PAGE	HAY	(D)
16	075	ID	PAYETTE	HAY	21,866
37	075	NC	GRAHAM	HAY	(D)
20	193	KS	THOMAS	HAY	9,041
40	097	OK	MAYES	HAY	(D)
30	049	MT	LEWIS AND CLARK	GRASSES & LEGUMES TOTALS	(D)
04	023	AZ	SANTA CRUZ	HAY	(D)
45	071	SC	NEWBERRY	HAY	346
37	031	NC	CARTERET	HAY	(D)
08	005	CO	ARAPAHOE	HAY	355
48	501	TX	YOAKUM	SOD	(D)
27	017	MN	CARLTON	HAY	202
37	001	NC	ALAMANCE	GRASSES & LEGUMES TOTALS	(D)
06	059	CA	ORANGE	HAY	(D)
48	381	TX	RANDALL	HAY	231
16	083	ID	TWIN FALLS	HAY	10,197
30	011	MT	CARTER	HAY	686
48	495	TX	WINKLER	HAY	(D)
21	101	KY	HENDERSON	HAY	3,567
06	059	CA	ORANGE	HAY	(D)
12	093	FL	OKEECHOBEE	HAY	4,829
54	047	WV	MCDOWELL	HAY	(D)
29	117	MO	LIVINGSTON	HAY	1,470
17	169	IL	SCHUYLER	HAY	(D)
28	033	MS	DE SOTO	HAY	4,042
46	019	SD	BUTTE	HAY	47,475
18	093	IN	LAWRENCE	HAY	9
41	053	OR	POLK	HAY	7,216
06	079	CA	SAN LUIS OBISPO	HAY	476
29	015	MO	BENTON	HAY	895
13	055	GA	CHATTOOGA	HAY	7,425
40	139	OK	TEXAS	HAY	1,437
30	015	MT	CHOUTEAU	HAY	27,413
04	017	AZ	NAVAJO	HAY	35
13	011	GA	BANKS	HAY	6,547
51	113	VA	MADISON	HAY	888
48	503	TX	YOUNG	HAY	(D)
13	303	GA	WASHINGTON	HAY	3,769
08	093	CO	PARK	HAY	821
29	225	MO	WEBSTER	HAY	52,498
46	009	SD	BON HOMME	HAY	(D)
51	035	VA	CARROLL	HAY	18,060
06	001	CA	ALAMEDA	HAY	2,461
48	031	TX	BLANCO	HAY	94
48	447	TX	THROCKMORTON	HAY	7,418
40	143	OK	TULSA	HAY	403
20	185	KS	STAFFORD	HAY	381
31	037	NE	COLFAX	HAY	8,626
39	071	OH	HIGHLAND	HAY	(D)
36	089	NY	ST LAWRENCE	HAY	223
31	127	NE	NEMAHA	HAY	1,564
12	121	FL	SUWANNEE	HAY	37,421
49	045	UT	TOOELE	HAY	8,402
04	015	AZ	MOHAVE	HAY	19,574
28	067	MS	JONES	GRASSES & LEGUMES TOTALS	(D)
36	025	NY	DELAWARE	HAY	444
26	093	MI	LIVINGSTON	HAY	5,364
46	097	SD	MINER	HAY	15,587
51	185	VA	TAZEWELL	HAY	14,007
29	223	MO	WAYNE	HAY	9,260
01	045	AL	DALE	HAY	42
06	047	CA	MERCED	HAY	70,502
28	065	MS	JEFFERSON DAVIS	SOD	129
55	013	WI	BURNETT	HAY	5,949
37	035	NC	CATAWBA	HAY	48
12	013	FL	CALHOUN	HAY	1,277
19	027	IA	CARROLL	HAY	196
39	001	OH	ADAMS	HAY	(D)
01	055	AL	ETOWAH	HAY	(D)
49	049	UT	UTAH	HAY	29,950
26	119	MI	MONTMORENCY	HAY	3,886
40	087	OK	MCCLAIN	HAY	(D)
46	099	SD	MINNEHAHA	HAY	23,334
06	051	CA	MONO	HAY	16,726
26	057	MI	GRATIOT	HAY	2,260
51	167	VA	RUSSELL	HAY	1,733
20	087	KS	JEFFERSON	HAY	2,629
13	271	GA	TELFAIR	HAY	361
55	115	WI	SHAWANO	HAY	19,589
31	043	NE	DAKOTA	HAY	2,221
27	121	MN	POPE	HAY	10,944
18	181	IN	WHITE	HAY	(D)
08	087	CO	MORGAN	HAY	3,981
31	027	NE	CEDAR	HAY	18,983
17	197	IL	WILL	SOD	(D)
29	069	MO	DUNKLIN	HAY	(D)
55	047	WI	GREEN LAKE	HAY	5,510
20	019	KS	CHAUTAUQUA	HAY	(D)
20	003	KS	ANDERSON	HAY	528
55	017	WI	CHIPPEWA	HAY	29,939
48	293	TX	LIMESTONE	HAY	23,563
40	119	OK	PAYNE	HAY	(D)
17	109	IL	MCDONOUGH	HAY	2,845
53	023	WA	GARFIELD	HAY	(D)
48	291	TX	LIBERTY	HAY	1,191
31	111	NE	LINCOLN	SOD	(D)
37	081	NC	GUILFORD	HAY	216
20	097	KS	KIOWA	HAY	1,806
41	067	OR	WASHINGTON	HAY	935
13	135	GA	GWINNETT	HAY	634
09	011	CT	NEW LONDON	HAY	8,465
05	011	AR	BRADLEY	HAY	4,476
19	039	IA	CLARKE	HAY	20,885
01	031	AL	COFFEE	HAY	(D)
19	147	IA	PALO ALTO	HAY	1,838
16	071	ID	ONEIDA	HAY	27,985
39	157	OH	TUSCARAWAS	HAY	(D)
48	071	TX	CHAMBERS	HAY	81
22	041	LA	FRANKLIN	HAY	11,488
18	163	IN	VANDERBURGH	HAY	(D)
27	007	MN	BELTRAMI	HAY	(D)
13	167	GA	JOHNSON	HAY	(D)
48	085	TX	COLLIN	HAY	1,014
08	087	CO	MORGAN	HAY	19,121
37	159	NC	ROWAN	HAY	(D)
48	189	TX	HALE	HAY	17,512
33	019	NH	SULLIVAN	HAY	154
31	177	NE	WASHINGTON	HAY	7,876
51	031	VA	CAMPBELL	HAY	20,257
12	053	FL	HERNANDO	HAY	(D)
04	021	AZ	PINAL	HAY	77,426
40	145	OK	WAGONER	HAY	24,549
17	199	IL	WILLIAMSON	HAY	6,795
31	171	NE	THOMAS	HAY	805
17	131	IL	MERCER	HAY	3,651
06	013	CA	CONTRA COSTA	HAY	(D)
47	065	TN	HAMILTON	GRASSES & LEGUMES TOTALS	(D)
18	105	IN	MONROE	HAY	(D)
21	035	KY	CALLOWAY	HAY	(D)
53	075	WA	WHITMAN	HAY	918
38	093	ND	STUTSMAN	HAY	714
38	043	ND	KIDDER	HAY	3,205
30	017	MT	CUSTER	HAY	19,820
22	045	LA	IBERIA	HAY	88
30	099	MT	TETON	GRASSES & LEGUMES TOTALS	(D)
16	047	ID	GOODING	HAY	1,223
31	185	NE	YORK	HAY	573
47	087	TN	JACKSON	HAY	(D)
29	159	MO	PETTIS	HAY	41,199
49	047	UT	UINTAH	HAY	33,003
13	091	GA	DODGE	HAY	2,539
56	023	WY	LINCOLN	HAY	36,441
21	185	KY	OLDHAM	HAY	(D)
40	011	OK	BLAINE	HAY	759
45	079	SC	RICHLAND	HAY	51
49	027	UT	MILLARD	HAY	9,444
48	141	TX	EL PASO	HAY	791
16	083	ID	TWIN FALLS	HAY	10,197
13	315	GA	WILCOX	HAY	1,270
22	093	LA	SAINT JAMES	HAY	840
28	145	MS	UNION	HAY	11,382
54	055	WV	MERCER	HAY	(D)
16	069	ID	NEZ PERCE	HAY	11,165
41	013	OR	CROOK	HAY	36,349
01	015	AL	CALHOUN	HAY	(D)
16	045	ID	GEM	HAY	3,042
47	035	TN	CUMBERLAND	HAY	27,984
13	185	GA	LOWNDES	HAY	367
48	067	TX	CASS	HAY	17,727
13	171	GA	LAMAR	GRASSES & LEGUMES TOTALS	(D)
08	079	CO	MINERAL	HAY	1,230
54	019	WV	FAYETTE	HAY	3,548
21	145	KY	MCCRACKEN	HAY	(D)
06	103	CA	TEHAMA	HAY	4,094
53	015	WA	COWLITZ	HAY	(D)
47	141	TN	PUTNAM	HAY	15,939
13	255	GA	SPALDING	HAY	170
22	125	LA	WEST FELICIANA	HAY	2,627
16	021	ID	BOUNDARY	HAY	11,747
41	017	OR	DESCHUTES	HAY	(D)
27	141	MN	SHERBURNE	GRASSES & LEGUMES TOTALS	519
47	067	TN	HANCOCK	HAY	9,285
13	291	GA	UNION	HAY	136
19	111	IA	LEE	HAY	4,890
29	089	MO	HOWARD	HAY	313
51	005	VA	ALLEGHANY	HAY	482
20	141	KS	OSBORNE	HAY	19,467
48	073	TX	CHEROKEE	HAY	562
54	101	WV	WEBSTER	HAY	809
19	071	IA	FREMONT	HAY	(D)
12	077	FL	LIBERTY	HAY	307
26	065	MI	INGHAM	HAY	8,531
21	097	KY	HARRISON	HAY	30,838
05	047	AR	FRANKLIN	HAY	44,279
31	087	NE	HITCHCOCK	HAY	5,014
36	113	NY	WARREN	HAY	(D)
13	163	GA	JEFFERSON	HAY	6,059
39	017	OH	BUTLER	HAY	3,740
35	001	NM	BERNALILLO	HAY	(D)
40	073	OK	KINGFISHER	HAY	(D)
56	023	WY	LINCOLN	HAY	63,204
16	025	ID	CAMAS	HAY	2,320
37	157	NC	ROCKINGHAM	HAY	171
48	505	TX	ZAPATA	HAY	(D)
28	131	MS	STONE	HAY	4,481
39	103	OH	MEDINA	SOD	(D)
32	027	NV	PERSHING	HAY	39,285
38	055	ND	MCLEAN	HAY	691
42	011	PA	BERKS	GRASSES & LEGUMES TOTALS	3
21	011	KY	BATH	GRASSES & LEGUMES TOTALS	(D)
26	061	MI	HOUGHTON	HAY	5,544
42	095	PA	NORTHAMPTON	HAY	(D)
04	023	AZ	SANTA CRUZ	HAY	158
47	113	TN	MADISON	HAY	7,651
12	049	FL	HARDEE	HAY	405
31	091	NE	HOOKER	HAY	(D)
19	169	IA	STORY	GRASSES & LEGUMES TOTALS	(D)
21	187	KY	OWEN	HAY	(D)
46	063	SD	HARDING	HAY	110,746
01	033	AL	COLBERT	HAY	5,897
13	289	GA	TWIGGS	HAY	838
16	075	ID	PAYETTE	HAY	2,281
37	119	NC	MECKLENBURG	HAY	1,226
08	009	CO	BACA	HAY	8,087
12	051	FL	HENDRY	SOD	2,801
30	091	MT	SHERIDAN	HAY	27,753
45	071	SC	NEWBERRY	HAY	(D)
48	285	TX	LAVACA	HAY	30
31	083	NE	HARLAN	HAY	217
42	075	PA	LEBANON	HAY	4,888
26	097	MI	MACKINAC	HAY	4,226
08	099	CO	PROWERS	HAY	2,262
29	049	MO	CLINTON	HAY	48
08	125	CO	YUMA	HAY	9,092
12	089	FL	NASSAU	HAY	48
39	015	OH	BROWN	HAY	216
05	133	AR	SEVIER	HAY	26,291
35	041	NM	ROOSEVELT	HAY	14,215
26	113	MI	MISSAUKEE	HAY	350
37	077	NC	GRANVILLE	HAY	9,591
20	183	KS	SMITH	HAY	14,806
51	015	VA	AUGUSTA	HAY	40,154
31	097	NE	JOHNSON	HAY	(D)
21	177	KY	MUHLENBERG	HAY	12,432
47	021	TN	CHEATHAM	HAY	64
12	079	FL	MADISON	HAY	736
36	015	NY	CHEMUNG	HAY	9,009
48	401	TX	RUSK	HAY	226
54	069	WV	OHIO	HAY	4,137
39	011	OH	AUGLAIZE	HAY	2,778
21	149	KY	MCLEAN	HAY	365
38	053	ND	MCKENZIE	SOD	(D)
27	079	MN	LE SUEUR	HAY	3,814
42	001	PA	ADAMS	GRASSES & LEGUMES TOTALS	(D)
40	017	OK	CANADIAN	HAY	34,039
30	107	MT	WHEATLAND	HAY	19,290
49	003	UT	BOX ELDER	GRASSES & LEGUMES TOTALS	(D)
20	159	KS	RICE	HAY	9,273
31	175	NE	VALLEY	HAY	16,084
48	439	TX	TARRANT	HAY	136
40	073	OK	KINGFISHER	GRASSES & LEGUMES TOTALS	(D)
39	115	OH	MORGAN	HAY	5,371
13	287	GA	TURNER	HAY	310
27	153	MN	TODD	HAY	1,852
13	309	GA	WHEELER	HAY	187
30	111	MT	YELLOWSTONE	GRASSES & LEGUMES TOTALS	(D)
29	053	MO	COOPER	HAY	1,320
48	363	TX	PALO PINTO	HAY	1,385
21	163	KY	MEADE	HAY	1,451
54	099	WV	WAYNE	HAY	2,628
39	021	OH	CHAMPAIGN	HAY	2,060
46	021	SD	CAMPBELL	HAY	24,356
29	095	MO	JACKSON	HAY	742
26	111	MI	MIDLAND	HAY	1,829
13	227	GA	PICKENS	HAY	5,490
41	051	OR	MULTNOMAH	GRASSES & LEGUMES TOTALS	(D)
44	001	RI	BRISTOL	HAY	(D)
12	083	FL	MARION	HAY	1,535
37	195	NC	WILSON	GRASSES & LEGUMES TOTALS	(D)
08	043	CO	FREMONT	HAY	2,387
48	105	TX	CROCKETT	HAY	2,412
06	115	CA	YUBA	HAY	2,450
13	139	GA	HALL	HAY	7,532
08	059	CO	JEFFERSON	HAY	253
13	199	GA	MERIWETHER	HAY	(D)
27	171	MN	WRIGHT	SOD	(D)
38	077	ND	RICHLAND	HAY	13,625
13	185	GA	LOWNDES	HAY	3,615
27	143	MN	SIBLEY	HAY	1,828
23	031	ME	YORK	HAY	4,960
19	163	IA	SCOTT	SOD	(D)
18	137	IN	RIPLEY	HAY	4,592
31	003	NE	ANTELOPE	HAY	1,176
31	093	NE	HOWARD	HAY	8,163
55	039	WI	FOND DU LAC	HAY	12,165
05	061	AR	HOWARD	HAY	23,921
48	131	TX	DUVAL	HAY	6,740
27	171	MN	WRIGHT	GRASSES & LEGUMES TOTALS	(D)
28	057	MS	ITAWAMBA	HAY	4,641
12	095	FL	ORANGE	HAY	2,116
29	069	MO	DUNKLIN	HAY	(D)
21	073	KY	FRANKLIN	HAY	11,862
21	077	KY	GALLATIN	HAY	583
06	061	CA	PLACER	HAY	2,210
48	167	TX	GALVESTON	HAY	42
27	141	MN	SHERBURNE	GRASSES & LEGUMES TOTALS	(D)
19	119	IA	LYON	HAY	2,350
27	091	MN	MARTIN	HAY	1,905
05	025	AR	CLEVELAND	HAY	6,236
44	007	RI	PROVIDENCE	HAY	1,117
26	099	MI	MACOMB	SOD	753
46	029	SD	CODINGTON	HAY	113
40	149	OK	WASHITA	HAY	(D)
51	135	VA	NOTTOWAY	HAY	888
29	207	MO	STODDARD	HAY	8,046
28	069	MS	KEMPER	HAY	10,386
24	011	MD	CAROLINE	HAY	319
21	011	KY	BATH	HAY	(D)
21	091	KY	HANCOCK	HAY	125
55	073	WI	MARATHON	HAY	648
55	001	WI	ADAMS	HAY	1,218
37	179	NC	UNION	HAY	85
21	111	KY	JEFFERSON	HAY	136
30	109	MT	WIBAUX	HAY	1,366
54	017	WV	DODDRIDGE	HAY	4,183
16	083	ID	TWIN FALLS	HAY	70,155
54	041	WV	LEWIS	HAY	7,455
37	151	NC	RANDOLPH	HAY	45
09	005	CT	LITCHFIELD	HAY	(D)
28	003	MS	ALCORN	HAY	(D)
34	019	NJ	HUNTERDON	GRASSES & LEGUMES TOTALS	(D)
48	501	TX	YOAKUM	HAY	(D)
30	099	MT	TETON	HAY	42,090
26	163	MI	WAYNE	SOD	855
42	071	PA	LANCASTER	HAY	37,639
25	011	MA	FRANKLIN	HAY	5,288
13	019	GA	BERRIEN	HAY	167
29	131	MO	MILLER	HAY	(D)
22	075	LA	PLAQUEMINES	HAY	190
46	035	SD	DAVISON	HAY	11,918
22	053	LA	JEFFERSON DAVIS	HAY	6,084
30	013	MT	CASCADE	HAY	15,162
48	483	TX	WHEELER	HAY	(D)
39	031	OH	COSHOCTON	HAY	9,426
56	039	WY	TETON	HAY	2,065
01	103	AL	MORGAN	HAY	(D)
54	043	WV	LINCOLN	HAY	1,718
48	171	TX	GILLESPIE	HAY	439
29	119	MO	MCDONALD	HAY	55
30	081	MT	RAVALLI	HAY	26,488
48	239	TX	JACKSON	HAY	675
40	081	OK	LINCOLN	HAY	(D)
30	085	MT	ROOSEVELT	HAY	42,566
27	117	MN	PIPESTONE	HAY	2,415
26	139	MI	OTTAWA	HAY	11,086
20	109	KS	LOGAN	HAY	(D)
40	009	OK	BECKHAM	HAY	7,205
28	129	MS	SMITH	HAY	(D)
08	001	CO	ADAMS	HAY	5,155
41	019	OR	DOUGLAS	HAY	24,883
48	257	TX	KAUFMAN	GRASSES & LEGUMES TOTALS	9
20	165	KS	RUSH	HAY	1,214
32	027	NV	PERSHING	HAY	31,659
25	007	MA	DUKES	HAY	(D)
49	005	UT	CACHE	GRASSES & LEGUMES TOTALS	(D)
12	063	FL	JACKSON	HAY	11,993
48	263	TX	KENT	HAY	2,004
55	091	WI	PEPIN	HAY	(D)
37	017	NC	BLADEN	HAY	4,157
48	165	TX	GAINES	HAY	26,112
13	201	GA	MILLER	HAY	(D)
37	087	NC	HAYWOOD	HAY	168
08	041	CO	EL PASO	SOD	124
49	001	UT	BEAVER	HAY	2,877
35	047	NM	SAN MIGUEL	HAY	648
48	395	TX	ROBERTSON	HAY	43,154
48	333	TX	MILLS	HAY	370
17	055	IL	FRANKLIN	HAY	(D)
01	125	AL	TUSCALOOSA	HAY	165
09	009	CT	NEW HAVEN	HAY	68
26	063	MI	HURON	HAY	11,645
48	437	TX	SWISHER	HAY	4,331
18	157	IN	TIPPECANOE	HAY	(D)
36	111	NY	ULSTER	HAY	5,815
39	043	OH	ERIE	HAY	(D)
05	093	AR	MISSISSIPPI	HAY	(D)
40	017	OK	CANADIAN	HAY	630
17	157	IL	RANDOLPH	HAY	7,842
30	021	MT	DAWSON	HAY	22,948
24	017	MD	CHARLES	SOD	(D)
47	165	TN	SUMNER	HAY	110
12	125	FL	UNION	HAY	6,290
23	017	ME	OXFORD	HAY	582
29	067	MO	DOUGLAS	HAY	58
37	085	NC	HARNETT	HAY	4,100
20	195	KS	TREGO	GRASSES & LEGUMES TOTALS	(D)
06	049	CA	MODOC	GRASSES & LEGUMES TOTALS	108
39	019	OH	CARROLL	HAY	(D)
48	105	TX	CROCKETT	HAY	1,500
37	175	NC	TRANSYLVANIA	HAY	(D)
26	081	MI	KENT	HAY	13,389
19	047	IA	CRAWFORD	HAY	6,194
26	027	MI	CASS	HAY	5,925
21	127	KY	LAWRENCE	HAY	(D)
38	025	ND	DUNN	HAY	(D)
35	021	NM	HARDING	HAY	(D)
17	193	IL	WHITE	HAY	1,248
17	103	IL	LEE	HAY	361
06	053	CA	MONTEREY	HAY	782
12	091	FL	OKALOOSA	HAY	91
56	009	WY	CONVERSE	HAY	6,855
39	117	OH	MORROW	HAY	6,693
55	135	WI	WAUPACA	HAY	15,616
01	073	AL	JEFFERSON	HAY	(D)
08	025	CO	CROWLEY	HAY	287
08	115	CO	SEDGWICK	HAY	(D)
22	047	LA	IBERVILLE	HAY	(D)
30	099	MT	TETON	HAY	58,141
28	131	MS	STONE	HAY	4,481
30	091	MT	SHERIDAN	HAY	1,662
35	055	NM	TAOS	HAY	1,229
31	175	NE	VALLEY	HAY	5,147
53	059	WA	SKAMANIA	HAY	407
46	017	SD	BUFFALO	HAY	(D)
29	053	MO	COOPER	HAY	370
36	053	NY	MADISON	HAY	11,576
36	069	NY	ONTARIO	HAY	22,861
08	095	CO	PHILLIPS	HAY	5,255
45	023	SC	CHESTER	HAY	143
46	047	SD	FALL RIVER	HAY	1,774
32	013	NV	HUMBOLDT	GRASSES & LEGUMES TOTALS	(D)
13	071	GA	COLQUITT	HAY	1,281
27	063	MN	JACKSON	HAY	1,553
29	127	MO	MARION	HAY	(D)
05	055	AR	GREENE	HAY	220
19	095	IA	IOWA	HAY	8,652
48	065	TX	CARSON	HAY	(D)
16	075	ID	PAYETTE	HAY	19,585
55	037	WI	FLORENCE	HAY	2,182
01	057	AL	FAYETTE	HAY	(D)
48	119	TX	DELTA	HAY	7,651
31	011	NE	BOONE	HAY	4,377
36	111	NY	ULSTER	HAY	77
46	101	SD	MOODY	HAY	7,877
27	031	MN	COOK	HAY	123
29	223	MO	WAYNE	HAY	8,837
05	003	AR	ASHLEY	HAY	(D)
41	051	OR	MULTNOMAH	GRASSES & LEGUMES TOTALS	(D)
26	067	MI	IONIA	HAY	10,946
18	171	IN	WARREN	HAY	2,335
19	153	IA	POLK	HAY	5,381
36	103	NY	SUFFOLK	HAY	(D)
21	229	KY	WASHINGTON	HAY	32,353
27	085	MN	MCLEOD	HAY	6,272
13	287	GA	TURNER	HAY	(D)
17	031	IL	COOK	HAY	1,481
16	063	ID	LINCOLN	HAY	1,756
22	119	LA	WEBSTER	HAY	(D)
18	091	IN	LA PORTE	HAY	5,179
54	003	WV	BERKELEY	HAY	12,775
29	005	MO	ATCHISON	HAY	78
31	047	NE	DAWSON	HAY	1,212
37	089	NC	HENDERSON	HAY	3,376
26	019	MI	BENZIE	HAY	773
29	095	MO	JACKSON	HAY	32
20	209	KS	WYANDOTTE	HAY	(D)
22	049	LA	JACKSON	HAY	4,615
08	027	CO	CUSTER	HAY	7,764
05	127	AR	SCOTT	HAY	170
40	007	OK	BEAVER	HAY	868
35	025	NM	LEA	HAY	3,092
17	017	IL	CASS	HAY	(D)
31	029	NE	CHASE	HAY	4,148
39	043	OH	ERIE	HAY	153
40	061	OK	HASKELL	HAY	35,699
31	161	NE	SHERIDAN	HAY	87,809
27	119	MN	POLK	HAY	18,475
40	121	OK	PITTSBURG	HAY	1,857
48	505	TX	ZAPATA	HAY	(D)
19	115	IA	LOUISA	GRASSES & LEGUMES TOTALS	(D)
42	001	PA	ADAMS	HAY	24,464
30	009	MT	CARBON	HAY	18,140
48	349	TX	NAVARRO	HAY	1,540
06	031	CA	KINGS	HAY	37,374
19	047	IA	CRAWFORD	HAY	7,309
22	009	LA	AVOYELLES	HAY	410
27	041	MN	DOUGLAS	HAY	(D)
42	055	PA	FRANKLIN	HAY	(D)
41	005	OR	CLACKAMAS	GRASSES & LEGUMES TOTALS	5,997
05	077	AR	LEE	HAY	1,011
50	001	VT	ADDISON	HAY	512
12	113	FL	SANTA ROSA	HAY	138
46	087	SD	MCCOOK	HAY	(D)
32	011	NV	EUREKA	HAY	31,519
19	131	IA	MITCHELL	GRASSES & LEGUMES TOTALS	(D)
16	005	ID	BANNOCK	HAY	21,101
13	073	GA	COLUMBIA	HAY	(D)
47	055	TN	GILES	HAY	507
55	077	WI	MARQUETTE	HAY	918
31	027	NE	CEDAR	HAY	4,867
30	015	MT	CHOUTEAU	HAY	4,075
19	107	IA	KEOKUK	HAY	9,325
10	003	DE	NEW CASTLE	HAY	439
46	049	SD	FAULK	HAY	16,713
16	067	ID	MINIDOKA	HAY	32,210
47	157	TN	SHELBY	HAY	50
48	261	TX	KENEDY	HAY	(D)
47	163	TN	SULLIVAN	HAY	24,786
49	047	UT	UINTAH	HAY	(D)
56	001	WY	ALBANY	HAY	58,626
27	117	MN	PIPESTONE	HAY	(D)
26	105	MI	MASON	HAY	(D)
47	057	TN	GRAINGER	HAY	219
13	141	GA	HANCOCK	HAY	3,456
19	027	IA	CARROLL	HAY	319
48	101	TX	COTTLE	HAY	1,360
21	237	KY	WOLFE	HAY	365
17	057	IL	FULTON	HAY	(D)
19	021	IA	BUENA VISTA	HAY	1,015
48	341	TX	MOORE	HAY	5,814
29	186	MO	STE GENEVIEVE	GRASSES & LEGUMES TOTALS	(D)
12	089	FL	NASSAU	HAY	1,103
42	011	PA	BERKS	HAY	29,796
20	089	KS	JEWELL	HAY	7,256
37	023	NC	BURKE	HAY	(D)
51	169	VA	SCOTT	HAY	18,106
08	095	CO	PHILLIPS	HAY	(D)
29	025	MO	CALDWELL	HAY	2,050
41	047	OR	MARION	HAY	8,750
28	041	MS	GREENE	HAY	(D)
31	091	NE	HOOKER	HAY	5,097
37	191	NC	WAYNE	HAY	(D)
20	077	KS	HARPER	HAY	1,524
38	083	ND	SHERIDAN	HAY	16,174
27	133	MN	ROCK	HAY	3,848
53	029	WA	ISLAND	HAY	668
20	119	KS	MEADE	HAY	1,866
25	023	MA	PLYMOUTH	SOD	24
20	165	KS	RUSH	HAY	1,427
16	059	ID	LEMHI	HAY	(D)
30	007	MT	BROADWATER	HAY	4,717
26	053	MI	GOGEBIC	HAY	723
48	271	TX	KINNEY	HAY	1,591
06	085	CA	SANTA CLARA	HAY	438
05	085	AR	LONOKE	SOD	(D)
46	009	SD	BON HOMME	HAY	19,476
17	001	IL	ADAMS	HAY	5,957
42	075	PA	LEBANON	HAY	8,168
45	033	SC	DILLON	HAY	987
27	131	MN	RICE	HAY	1,475
46	051	SD	GRANT	HAY	(D)
53	001	WA	ADAMS	GRASSES & LEGUMES TOTALS	7,880
54	057	WV	MINERAL	HAY	12,050
20	127	KS	MORRIS	HAY	24,864
08	049	CO	GRAND	HAY	29,819
21	065	KY	ESTILL	HAY	60
13	153	GA	HOUSTON	HAY	(D)
17	029	IL	COLES	HAY	413
54	063	WV	MONROE	HAY	(D)
17	003	IL	ALEXANDER	HAY	1,916
08	099	CO	PROWERS	HAY	58,916
29	187	MO	ST FRANCOIS	HAY	16,950
06	093	CA	SISKIYOU	HAY	90,909
19	043	IA	CLAYTON	HAY	(D)
30	021	MT	DAWSON	HAY	4,606
48	471	TX	WALKER	HAY	17,797
28	031	MS	COVINGTON	HAY	9,355
48	137	TX	EDWARDS	HAY	(D)
48	403	TX	SABINE	HAY	(D)
47	155	TN	SEVIER	HAY	(D)
29	051	MO	COLE	GRASSES & LEGUMES TOTALS	275
21	191	KY	PENDLETON	HAY	18,123
51	143	VA	PITTSYLVANIA	HAY	2,208
48	269	TX	KING	HAY	(D)
20	063	KS	GOVE	HAY	894
29	119	MO	MCDONALD	HAY	28,939
20	111	KS	LYON	HAY	468
48	371	TX	PECOS	HAY	4,509
13	111	GA	FANNIN	HAY	2,064
53	063	WA	SPOKANE	HAY	25,938
36	077	NY	OTSEGO	HAY	(D)
21	227	KY	WARREN	HAY	27,041
33	013	NH	MERRIMACK	HAY	6,487
12	053	FL	HERNANDO	HAY	7,484
13	159	GA	JASPER	HAY	(D)
38	103	ND	WELLS	HAY	40,535
53	033	WA	KING	HAY	2,850
09	015	CT	WINDHAM	HAY	50
35	033	NM	MORA	HAY	2,763
13	143	GA	HARALSON	HAY	180
08	075	CO	LOGAN	HAY	35,218
20	061	KS	GEARY	HAY	440
29	103	MO	KNOX	HAY	(D)
29	149	MO	OREGON	HAY	23,510
25	013	MA	HAMPDEN	SOD	(D)
12	101	FL	PASCO	GRASSES & LEGUMES TOTALS	600
39	133	OH	PORTAGE	HAY	53
37	199	NC	YANCEY	HAY	2,049
27	079	MN	LE SUEUR	HAY	1,051
47	123	TN	MONROE	HAY	18,153
10	001	DE	KENT	HAY	108
48	013	TX	ATASCOSA	HAY	161
28	141	MS	TISHOMINGO	HAY	2,628
13	271	GA	TELFAIR	HAY	2,015
20	071	KS	GREELEY	HAY	(D)
48	223	TX	HOPKINS	HAY	669
42	111	PA	SOMERSET	HAY	517
29	147	MO	NODAWAY	HAY	22,351
51	133	VA	NORTHUMBERLAND	HAY	303
48	187	TX	GUADALUPE	HAY	1,043
04	019	AZ	PIMA	HAY	6,928
49	035	UT	SALT LAKE	HAY	50
19	021	IA	BUENA VISTA	HAY	2,915
47	091	TN	JOHNSON	HAY	6,853
36	071	NY	ORANGE	HAY	2,262
17	177	IL	STEPHENSON	HAY	10,985
13	031	GA	BULLOCH	HAY	4,243
21	017	KY	BOURBON	HAY	26,107
20	183	KS	SMITH	HAY	38
47	025	TN	CLAIBORNE	HAY	26,324
13	093	GA	DOOLY	HAY	(D)
29	013	MO	BATES	HAY	39,733
12	003	FL	BAKER	HAY	(D)
35	055	NM	TAOS	GRASSES & LEGUMES TOTALS	210
24	045	MD	WICOMICO	HAY	(D)
47	107	TN	MCMINN	HAY	162
37	035	NC	CATAWBA	HAY	8,524
01	055	AL	ETOWAH	HAY	(D)
53	013	WA	COLUMBIA	HAY	646
27	055	MN	HOUSTON	HAY	(D)
51	107	VA	LOUDOUN	HAY	1,072
42	009	PA	BEDFORD	HAY	350
49	029	UT	MORGAN	GRASSES & LEGUMES TOTALS	(D)
26	005	MI	ALLEGAN	HAY	11,846
05	081	AR	LITTLE RIVER	HAY	130
55	087	WI	OUTAGAMIE	HAY	217
02		AK	FAIRBANKS NORTH STAR	HAY	(D)
17	071	IL	HENDERSON	HAY	286
13	315	GA	WILCOX	HAY	73
42	041	PA	CUMBERLAND	HAY	(D)
39	083	OH	KNOX	HAY	(D)
48	255	TX	KARNES	HAY	25,814
20	201	KS	WASHINGTON	HAY	11,921
42	033	PA	CLEARFIELD	HAY	4,768
28	057	MS	ITAWAMBA	HAY	4,641
19	059	IA	DICKINSON	HAY	441
55	075	WI	MARINETTE	HAY	10,156
29	123	MO	MADISON	HAY	16,190
16	005	ID	BANNOCK	HAY	2,694
55	091	WI	PEPIN	HAY	2,016
37	161	NC	RUTHERFORD	HAY	11,890
40	001	OK	ADAIR	HAY	406
39	109	OH	MIAMI	HAY	4,963
42	123	PA	WARREN	HAY	2,042
29	179	MO	REYNOLDS	HAY	9,209
24	021	MD	FREDERICK	HAY	22,478
19	117	IA	LUCAS	HAY	6,599
20	073	KS	GREENWOOD	HAY	(D)
17	037	IL	DE KALB	HAY	1,084
40	023	OK	CHOCTAW	HAY	250
48	165	TX	GAINES	SOD	(D)
06	049	CA	MODOC	HAY	69,301
46	099	SD	MINNEHAHA	HAY	(D)
39	133	OH	PORTAGE	HAY	5
48	181	TX	GRAYSON	HAY	368
06	037	CA	LOS ANGELES	HAY	8,032
48	331	TX	MILAM	HAY	48,327
48	347	TX	NACOGDOCHES	HAY	22,752
47	135	TN	PERRY	HAY	3,660
21	173	KY	MONTGOMERY	HAY	60
50	013	VT	GRAND ISLE	HAY	731
36	097	NY	SCHUYLER	HAY	4,522
35	013	NM	DONA ANA	HAY	9,089
20	205	KS	WILSON	HAY	108
12	063	FL	JACKSON	HAY	(D)
38	067	ND	PEMBINA	HAY	20
19	077	IA	GUTHRIE	HAY	3,639
13	189	GA	MCDUFFIE	HAY	142
56	039	WY	TETON	HAY	4,332
21	227	KY	WARREN	HAY	28,671
31	081	NE	HAMILTON	HAY	1,960
16	009	ID	BENEWAH	HAY	10,873
20	075	KS	HAMILTON	HAY	5,180
23	013	ME	KNOX	HAY	2,328
13	049	GA	CHARLTON	HAY	(D)
20	061	KS	GEARY	HAY	(D)
01	075	AL	LAMAR	HAY	5,627
38	069	ND	PIERCE	HAY	168
50	023	VT	WASHINGTON	HAY	773
08	013	CO	BOULDER	HAY	12,806
16	019	ID	BONNEVILLE	HAY	34,870
08	003	CO	ALAMOSA	HAY	6,627
37	145	NC	PERSON	HAY	10,145
29	203	MO	SHANNON	HAY	(D)
20	067	KS	GRANT	HAY	8,703
54	053	WV	MASON	HAY	14,767
36	025	NY	DELAWARE	GRASSES & LEGUMES TOTALS	(D)
31	167	NE	STANTON	HAY	13,554
46	127	SD	UNION	HAY	968
21	127	KY	LAWRENCE	HAY	57
04	023	AZ	SANTA CRUZ	HAY	158
20	209	KS	WYANDOTTE	HAY	67
29	047	MO	CLAY	HAY	10,054
48	325	TX	MEDINA	HAY	18,696
17	135	IL	MONTGOMERY	HAY	(D)
08	011	CO	BENT	HAY	29,010
27	103	MN	NICOLLET	GRASSES & LEGUMES TOTALS	90
55	095	WI	POLK	HAY	25,187
30	069	MT	PETROLEUM	HAY	19,417
26	077	MI	KALAMAZOO	HAY	(D)
08	073	CO	LINCOLN	HAY	268
04	012	AZ	LAPAZ	HAY	63,156
31	061	NE	FRANKLIN	HAY	5,097
29	129	MO	MERCER	HAY	13,267
31	033	NE	CHEYENNE	HAY	13,336
22	021	LA	CALDWELL	HAY	2,510
54	069	WV	OHIO	HAY	832
56	039	WY	TETON	HAY	4,583
40	083	OK	LOGAN	HAY	35,398
36	083	NY	RENSSELAER	HAY	14,110
29	143	MO	NEW MADRID	HAY	(D)
31	001	NE	ADAMS	HAY	4,127
39	003	OH	ALLEN	HAY	319
06	099	CA	STANISLAUS	HAY	32,268
06	097	CA	SONOMA	HAY	580
41	001	OR	BAKER	HAY	59,371
37	141	NC	PENDER	HAY	243
46	087	SD	MCCOOK	HAY	10,398
48	383	TX	REAGAN	HAY	324
35	041	NM	ROOSEVELT	HAY	19,952
55	109	WI	ST CROIX	HAY	16,554
20	025	KS	CLARK	HAY	921
19	041	IA	CLAY	HAY	1,723
16	011	ID	BINGHAM	HAY	6,104
21	077	KY	GALLATIN	HAY	(D)
47	151	TN	SCOTT	HAY	119
42	087	PA	MIFFLIN	HAY	(D)
29	015	MO	BENTON	GRASSES & LEGUMES TOTALS	(D)
13	099	GA	EARLY	HAY	87
20	097	KS	KIOWA	HAY	10,681
16	071	ID	ONEIDA	HAY	3,783
46	003	SD	AURORA	HAY	28,872
36	103	NY	SUFFOLK	HAY	35
48	317	TX	MARTIN	HAY	1,246
55	047	WI	GREEN LAKE	HAY	199
48	199	TX	HARDIN	HAY	60
18	079	IN	JENNINGS	HAY	3,386
34	015	NJ	GLOUCESTER	HAY	633
22	051	LA	JEFFERSON	HAY	249
47	113	TN	MADISON	HAY	(D)
47	007	TN	BLEDSOE	HAY	16,501
21	213	KY	SIMPSON	HAY	736
39	071	OH	HIGHLAND	HAY	11,183
40	071	OK	KAY	HAY	(D)
46	039	SD	DEUEL	HAY	(D)
08	019	CO	CLEAR CREEK	HAY	(D)
39	073	OH	HOCKING	HAY	413
36	107	NY	TIOGA	HAY	125
17	069	IL	HARDIN	HAY	280
48	143	TX	ERATH	HAY	8,470
19	061	IA	DUBUQUE	HAY	2,330
42	095	PA	NORTHAMPTON	HAY	(D)
37	125	NC	MOORE	HAY	7,730
40	097	OK	MAYES	HAY	44,760
48	309	TX	MCLENNAN	HAY	49,093
17	127	IL	MASSAC	HAY	4,146
53	021	WA	FRANKLIN	HAY	11,136
04	013	AZ	MARICOPA	GRASSES & LEGUMES TOTALS	527
16	073	ID	OWYHEE	HAY	14,415
50	013	VT	GRAND ISLE	HAY	3,744
31	159	NE	SEWARD	HAY	7,293
48	433	TX	STONEWALL	HAY	370
36	025	NY	DELAWARE	HAY	252
19	169	IA	STORY	HAY	4,731
01	125	AL	TUSCALOOSA	HAY	(D)
40	063	OK	HUGHES	HAY	27,027
08	073	CO	LINCOLN	HAY	28,505
31	101	NE	KEITH	HAY	4,362
19	159	IA	RINGGOLD	HAY	34,422
40	017	OK	CANADIAN	HAY	42,672
18	155	IN	SWITZERLAND	HAY	779
36	089	NY	ST LAWRENCE	HAY	30,371
34	037	NJ	SUSSEX	HAY	(D)
55	061	WI	KEWAUNEE	HAY	(D)
20	057	KS	FORD	HAY	8,714
45	057	SC	LANCASTER	HAY	(D)
17	049	IL	EFFINGHAM	HAY	4
12	007	FL	BRADFORD	HAY	(D)
51	125	VA	NELSON	HAY	254
32	019	NV	LYON	HAY	31,760
48	439	TX	TARRANT	GRASSES & LEGUMES TOTALS	(D)
50	015	VT	LAMOILLE	SOD	(D)
37	007	NC	ANSON	HAY	5,696
36	013	NY	CHAUTAUQUA	HAY	21,810
20	113	KS	MCPHERSON	HAY	6,891
55	035	WI	EAU CLAIRE	HAY	3,341
20	075	KS	HAMILTON	HAY	1,689
22	007	LA	ASSUMPTION	HAY	(D)
37	057	NC	DAVIDSON	HAY	492
18	003	IN	ALLEN	HAY	17
51	033	VA	CAROLINE	HAY	3,235
22	079	LA	RAPIDES	HAY	192
13	163	GA	JEFFERSON	HAY	1,970
20	113	KS	MCPHERSON	HAY	101
26	013	MI	BARAGA	HAY	2,074
40	069	OK	JOHNSTON	HAY	743
36	021	NY	COLUMBIA	HAY	15,093
47	061	TN	GRUNDY	SOD	(D)
18	011	IN	BOONE	HAY	(D)
36	043	NY	HERKIMER	HAY	12,935
27	119	MN	POLK	HAY	18
48	213	TX	HENDERSON	HAY	175
26	025	MI	CALHOUN	HAY	9,196
41	037	OR	LAKE	HAY	48,231
28	035	MS	FORREST	HAY	(D)
39	139	OH	RICHLAND	HAY	7,129
29	107	MO	LAFAYETTE	GRASSES & LEGUMES TOTALS	(D)
48	021	TX	BASTROP	HAY	323
46	125	SD	TURNER	HAY	9,937
17	109	IL	MCDONOUGH	HAY	6,224
50	001	VT	ADDISON	HAY	512
22	013	LA	BIENVILLE	HAY	2,479
16	041	ID	FRANKLIN	HAY	45,028
13	209	GA	MONTGOMERY	HAY	945
29	057	MO	DADE	HAY	4,137
31	019	NE	BUFFALO	GRASSES & LEGUMES TOTALS	(D)
23	007	ME	FRANKLIN	HAY	4,255
40	087	OK	MCCLAIN	SOD	1,964
01	011	AL	BULLOCK	HAY	(D)
29	145	MO	NEWTON	HAY	49,480
20	121	KS	MIAMI	HAY	34,171
55	081	WI	MONROE	HAY	24,234
44	007	RI	PROVIDENCE	HAY	1,015
13	157	GA	JACKSON	HAY	10,459
47	159	TN	SMITH	HAY	16,722
54	075	WV	POCAHONTAS	HAY	11,302
54	005	WV	BOONE	HAY	(D)
31	013	NE	BOX BUTTE	HAY	20,584
48	131	TX	DUVAL	HAY	6,686
21	213	KY	SIMPSON	HAY	5,671
18	085	IN	KOSCIUSKO	HAY	1,558
19	095	IA	IOWA	HAY	3,079
18	133	IN	PUTNAM	HAY	3,298
27	093	MN	MEEKER	HAY	2,436
26	149	MI	ST JOSEPH	HAY	197
13	045	GA	CARROLL	HAY	13,174
13	007	GA	BAKER	HAY	(D)
39	119	OH	MUSKINGUM	HAY	(D)
47	189	TN	WILSON	HAY	(D)
17	033	IL	CRAWFORD	HAY	1,877
01	061	AL	GENEVA	GRASSES & LEGUMES TOTALS	(D)
29	041	MO	CHARITON	HAY	33,348
39	115	OH	MORGAN	HAY	(D)
37	121	NC	MITCHELL	HAY	(D)
13	245	GA	RICHMOND	HAY	114
13	211	GA	MORGAN	HAY	(D)
28	129	MS	SMITH	HAY	(D)
48	321	TX	MATAGORDA	HAY	372
47	109	TN	MCNAIRY	HAY	6,765
47	133	TN	OVERTON	HAY	165
37	143	NC	PERQUIMANS	HAY	16
48	121	TX	DENTON	HAY	1,434
17	075	IL	IROQUOIS	HAY	3,132
35	015	NM	EDDY	HAY	14,030
36	079	NY	PUTNAM	HAY	(D)
08	053	CO	HINSDALE	HAY	245
30	111	MT	YELLOWSTONE	HAY	59,038
40	037	OK	CREEK	HAY	37,524
29	027	MO	CALLAWAY	SOD	(D)
17	169	IL	SCHUYLER	HAY	2,024
40	129	OK	ROGER MILLS	HAY	22,340
23	003	ME	AROOSTOOK	HAY	3,496
21	185	KY	OLDHAM	HAY	(D)
34	035	NJ	SOMERSET	HAY	99
20	169	KS	SALINE	SOD	(D)
37	137	NC	PAMLICO	HAY	212
53	041	WA	LEWIS	GRASSES & LEGUMES TOTALS	1,784
20	111	KS	LYON	HAY	5,682
13	047	GA	CATOOSA	HAY	(D)
27	037	MN	DAKOTA	HAY	895
51	157	VA	RAPPAHANNOCK	HAY	14,033
47	143	TN	RHEA	HAY	198
20	097	KS	KIOWA	HAY	1,554
31	099	NE	KEARNEY	HAY	859
50	009	VT	ESSEX	HAY	815
35	043	NM	SANDOVAL	HAY	3,133
13	075	GA	COOK	HAY	1,042
46	047	SD	FALL RIVER	HAY	35,811
05	057	AR	HEMPSTEAD	HAY	738
48	325	TX	MEDINA	HAY	266
20	199	KS	WALLACE	HAY	1,030
21	123	KY	LARUE	HAY	1,387
17	013	IL	CALHOUN	HAY	1,244
35	027	NM	LINCOLN	HAY	(D)
13	319	GA	WILKINSON	HAY	(D)
55	055	WI	JEFFERSON	HAY	26
19	121	IA	MADISON	GRASSES & LEGUMES TOTALS	(D)
36	019	NY	CLINTON	HAY	7,998
17	047	IL	EDWARDS	HAY	2,171
06	019	CA	FRESNO	HAY	10,274
21	037	KY	CAMPBELL	HAY	565
48	267	TX	KIMBLE	HAY	1,011
37	193	NC	WILKES	HAY	17,864
13	119	GA	FRANKLIN	HAY	354
32	023	NV	NYE	HAY	1,810
39	049	OH	FRANKLIN	HAY	(D)
55	105	WI	ROCK	HAY	1,738
47	025	TN	CLAIBORNE	HAY	25,698
35	021	NM	HARDING	HAY	(D)
55	133	WI	WAUKESHA	HAY	6,916
29	157	MO	PERRY	HAY	17,827
05	125	AR	SALINE	HAY	(D)
46	111	SD	SANBORN	HAY	13,692
17	087	IL	JOHNSON	HAY	11,278
13	033	GA	BURKE	HAY	6,776
22	123	LA	WEST CARROLL	HAY	357
49	021	UT	IRON	HAY	(D)
30	071	MT	PHILLIPS	HAY	31,878
38	025	ND	DUNN	HAY	75,736
37	037	NC	CHATHAM	HAY	434
33	013	NH	MERRIMACK	HAY	788
39	165	OH	WARREN	HAY	70
01	107	AL	PICKENS	HAY	9,253
30	051	MT	LIBERTY	HAY	10,320
39	125	OH	PAULDING	HAY	1,212
38	037	ND	GRANT	HAY	(D)
16	031	ID	CASSIA	HAY	6,013
27	115	MN	PINE	HAY	(D)
16	041	ID	FRANKLIN	HAY	8,507
29	207	MO	STODDARD	HAY	7,880
38	011	ND	BOWMAN	HAY	63,587
27	111	MN	OTTER TAIL	HAY	513
47	085	TN	HUMPHREYS	HAY	13,700
47	063	TN	HAMBLEN	HAY	12,459
13	317	GA	WILKES	HAY	(D)
18	047	IN	FRANKLIN	HAY	9,353
39	045	OH	FAIRFIELD	HAY	7,800
05	001	AR	ARKANSAS	HAY	1,451
18	133	IN	PUTNAM	HAY	2,360
06	031	CA	KINGS	HAY	23,691
29	125	MO	MARIES	HAY	31,786
13	071	GA	COLQUITT	HAY	1,281
13	251	GA	SCREVEN	HAY	505
04	015	AZ	MOHAVE	HAY	3,764
48	243	TX	JEFF DAVIS	HAY	(D)
19	181	IA	WARREN	HAY	14,341
38	027	ND	EDDY	HAY	13,349
01	079	AL	LAWRENCE	HAY	18,863
23	007	ME	FRANKLIN	HAY	4
41	039	OR	LANE	HAY	663
55	053	WI	JACKSON	HAY	2,552
35	017	NM	GRANT	HAY	73
42	067	PA	JUNIATA	HAY	9,811
40	031	OK	COMANCHE	HAY	990
48	219	TX	HOCKLEY	HAY	(D)
51	127	VA	NEW KENT	HAY	588
26	137	MI	OTSEGO	HAY	9,009
05	049	AR	FULTON	HAY	24,146
18	113	IN	NOBLE	HAY	(D)
19	059	IA	DICKINSON	HAY	5
19	109	IA	KOSSUTH	HAY	1,353
17	189	IL	WASHINGTON	HAY	468
47	087	TN	JACKSON	HAY	177
48	135	TX	ECTOR	HAY	(D)
27	079	MN	LE SUEUR	HAY	2,763
27	173	MN	YELLOW MEDICINE	HAY	(D)
34	041	NJ	WARREN	HAY	8,944
55	141	WI	WOOD	HAY	180
17	117	IL	MACOUPIN	HAY	2,500
19	009	IA	AUDUBON	HAY	1,426
21	199	KY	PULASKI	HAY	34
20	117	KS	MARSHALL	HAY	726
47	173	TN	UNION	HAY	84
34	015	NJ	GLOUCESTER	HAY	(D)
13	153	GA	HOUSTON	HAY	(D)
05	095	AR	MONROE	HAY	(D)
25	001	MA	BARNSTABLE	HAY	59
01	027	AL	CLAY	HAY	373
36	031	NY	ESSEX	HAY	8,842
55	139	WI	WINNEBAGO	HAY	5,079
46	061	SD	HANSON	HAY	2,248
54	023	WV	GRANT	HAY	46
27	083	MN	LYON	HAY	1,779
13	161	GA	JEFF DAVIS	HAY	125
05	135	AR	SHARP	HAY	18,171
01	105	AL	PERRY	HAY	(D)
19	167	IA	SIOUX	HAY	(D)
27	051	MN	GRANT	HAY	206
26	143	MI	ROSCOMMON	HAY	1,038
19	153	IA	POLK	HAY	(D)
48	387	TX	RED RIVER	HAY	2,907
35	019	NM	GUADALUPE	HAY	1,321
08	001	CO	ADAMS	HAY	3,973
08	123	CO	WELD	HAY	71,452
54	017	WV	DODDRIDGE	HAY	(D)
38	019	ND	CAVALIER	HAY	2,156
20	153	KS	RAWLINS	HAY	617
27	073	MN	LAC QUI PARLE	HAY	925
46	039	SD	DEUEL	HAY	5,182
21	139	KY	LIVINGSTON	HAY	77
08	037	CO	EAGLE	HAY	6,729
20	179	KS	SHERIDAN	HAY	7,283
48	037	TX	BOWIE	HAY	1,194
13	129	GA	GORDON	SOD	1,000
39	067	OH	HARRISON	HAY	21,575
48	261	TX	KENEDY	HAY	(D)
06	013	CA	CONTRA COSTA	HAY	(D)
25	017	MA	MIDDLESEX	HAY	4,998
35	043	NM	SANDOVAL	HAY	781
12	055	FL	HIGHLANDS	SOD	(D)
05	077	AR	LEE	HAY	1,011
37	179	NC	UNION	HAY	796
22	047	LA	IBERVILLE	HAY	(D)
08	079	CO	MINERAL	HAY	1,230
21	043	KY	CARTER	HAY	10,524
05	117	AR	PRAIRIE	HAY	6,168
31	031	NE	CHERRY	HAY	276,596
49	013	UT	DUCHESNE	HAY	40,799
29	043	MO	CHRISTIAN	HAY	(D)
42	109	PA	SNYDER	HAY	6
19	109	IA	KOSSUTH	HAY	2,648
04	019	AZ	PIMA	HAY	5,416
16	033	ID	CLARK	HAY	(D)
47	177	TN	WARREN	HAY	201
17	085	IL	JO DAVIESS	HAY	(D)
21	103	KY	HENRY	HAY	4,746
42	007	PA	BEAVER	HAY	72
06	035	CA	LASSEN	HAY	32,867
37	137	NC	PAMLICO	HAY	212
34	001	NJ	ATLANTIC	HAY	62
48	087	TX	COLLINGSWORTH	HAY	(D)
19	111	IA	LEE	HAY	8,711
20	097	KS	KIOWA	HAY	3,360
13	105	GA	ELBERT	HAY	7,292
20	175	KS	SEWARD	HAY	6,319
48	005	TX	ANGELINA	HAY	86
21	133	KY	LETCHER	HAY	270
06	061	CA	PLACER	HAY	193
55	025	WI	DANE	HAY	53
31	017	NE	BROWN	HAY	3,196
19	133	IA	MONONA	HAY	(D)
42	121	PA	VENANGO	HAY	7,165
40	041	OK	DELAWARE	HAY	48,664
49	023	UT	JUAB	HAY	(D)
48	061	TX	CAMERON	HAY	5,868
19	055	IA	DELAWARE	HAY	(D)
42	023	PA	CAMERON	HAY	546
18	099	IN	MARSHALL	HAY	6,572
24	025	MD	HARFORD	HAY	1,650
37	083	NC	HALIFAX	HAY	3,469
01	101	AL	MONTGOMERY	HAY	(D)
16	031	ID	CASSIA	HAY	6,013
48	377	TX	PRESIDIO	HAY	581
01	037	AL	COOSA	HAY	89
21	087	KY	GREEN	HAY	(D)
40	151	OK	WOODS	HAY	3,079
48	011	TX	ARMSTRONG	HAY	(D)
40	137	OK	STEPHENS	HAY	26,215
20	197	KS	WABAUNSEE	HAY	25,711
22	049	LA	JACKSON	HAY	4,615
39	053	OH	GALLIA	HAY	2,293
46	013	SD	BROWN	HAY	175
08	083	CO	MONTEZUMA	HAY	22,135
28	041	MS	GREENE	SOD	64
18	059	IN	HANCOCK	HAY	791
19	181	IA	WARREN	HAY	(D)
31	117	NE	MCPHERSON	HAY	5,335
48	363	TX	PALO PINTO	HAY	17,918
42	121	PA	VENANGO	HAY	1,914
17	201	IL	WINNEBAGO	HAY	1,320
51	099	VA	KING GEORGE	HAY	4,094
28	117	MS	PRENTISS	HAY	5,795
28	015	MS	CARROLL	HAY	7,736
48	161	TX	FREESTONE	HAY	27,827
22	079	LA	RAPIDES	HAY	11,165
20	181	KS	SHERMAN	HAY	263
38	003	ND	BARNES	HAY	(D)
08	047	CO	GILPIN	HAY	280
26	137	MI	OTSEGO	HAY	5
18	085	IN	KOSCIUSKO	HAY	7,045
38	099	ND	WALSH	HAY	(D)
39	091	OH	LOGAN	HAY	1,520
25	011	MA	FRANKLIN	HAY	804
08	081	CO	MOFFAT	HAY	17,763
49	053	UT	WASHINGTON	HAY	(D)
20	091	KS	JOHNSON	HAY	632
08	093	CO	PARK	HAY	3,862
24	041	MD	TALBOT	HAY	(D)
31	017	NE	BROWN	HAY	43,544
26	111	MI	MIDLAND	HAY	42
29	181	MO	RIPLEY	HAY	618
17	121	IL	MARION	HAY	5,471
48	061	TX	CAMERON	HAY	4,533
40	061	OK	HASKELL	HAY	(D)
48	471	TX	WALKER	HAY	543
40	065	OK	JACKSON	HAY	511
13	131	GA	GRADY	HAY	5,181
19	025	IA	CALHOUN	HAY	1,072
12	109	FL	ST. JOHNS	HAY	(D)
01	127	AL	WALKER	HAY	7,123
19	157	IA	POWESHIEK	HAY	10,601
21	059	KY	DAVIESS	HAY	6
56	011	WY	CROOK	HAY	94,669
13	275	GA	THOMAS	HAY	(D)
21	025	KY	BREATHITT	HAY	1,001
28	129	MS	SMITH	HAY	(D)
01	109	AL	PIKE	HAY	600
21	197	KY	POWELL	HAY	(D)
36	079	NY	PUTNAM	HAY	296
19	021	IA	BUENA VISTA	HAY	1,900
48	009	TX	ARCHER	HAY	305
42	029	PA	CHESTER	HAY	48
22	123	LA	WEST CARROLL	HAY	357
20	153	KS	RAWLINS	HAY	1,133
16	021	ID	BOUNDARY	HAY	(D)
55	133	WI	WAUKESHA	HAY	(D)
22	065	LA	MADISON	HAY	2,366
35	037	NM	QUAY	HAY	9,586
39	093	OH	LORAIN	HAY	3,229
37	183	NC	WAKE	HAY	556
48	157	TX	FORT BEND	HAY	14,613
30	079	MT	PRAIRIE	HAY	15,129
28	091	MS	MARION	HAY	6,402
12	049	FL	HARDEE	HAY	8,070
42	037	PA	COLUMBIA	HAY	84
48	393	TX	ROBERTS	HAY	(D)
51	025	VA	BRUNSWICK	HAY	157
25	025	MA	SUFFOLK	HAY	18
13	159	GA	JASPER	HAY	(D)
47	135	TN	PERRY	HAY	18
17	063	IL	GRUNDY	HAY	230
53	035	WA	KITSAP	HAY	509
29	119	MO	MCDONALD	HAY	(D)
35	005	NM	CHAVES	HAY	(D)
29	141	MO	MORGAN	HAY	151
12	053	FL	HERNANDO	HAY	2,234
48	097	TX	COOKE	HAY	58,610
39	017	OH	BUTLER	HAY	139
48	201	TX	HARRIS	HAY	13,569
21	191	KY	PENDLETON	HAY	15,787
42	051	PA	FAYETTE	HAY	19,535
23	009	ME	HANCOCK	HAY	(D)
08	037	CO	EAGLE	HAY	6,764
41	017	OR	DESCHUTES	HAY	(D)
26	035	MI	CLARE	HAY	7,601
18	127	IN	PORTER	HAY	75
27	023	MN	CHIPPEWA	HAY	1,111
08	073	CO	LINCOLN	HAY	932
32	017	NV	LINCOLN	HAY	9,245
30	013	MT	CASCADE	HAY	18,947
48	199	TX	HARDIN	HAY	2,827
05	103	AR	OUACHITA	HAY	3,690
48	147	TX	FANNIN	HAY	1,031
20	087	KS	JEFFERSON	HAY	24,093
36	017	NY	CHENANGO	HAY	(D)
54	027	WV	HAMPSHIRE	HAY	(D)
48	353	TX	NOLAN	SOD	80
42	017	PA	BUCKS	HAY	13,369
26	151	MI	SANILAC	SOD	(D)
19	007	IA	APPANOOSE	HAY	27,874
34	023	NJ	MIDDLESEX	HAY	(D)
48	235	TX	IRION	HAY	381
18	093	IN	LAWRENCE	HAY	(D)
40	149	OK	WASHITA	HAY	30,100
39	063	OH	HANCOCK	HAY	(D)
20	037	KS	CRAWFORD	HAY	90
32	013	NV	HUMBOLDT	HAY	83,176
27	105	MN	NOBLES	HAY	1,582
54	005	WV	BOONE	HAY	(D)
40	069	OK	JOHNSTON	HAY	23,895
39	035	OH	CUYAHOGA	HAY	87
46	105	SD	PERKINS	HAY	(D)
48	391	TX	REFUGIO	HAY	(D)
26	101	MI	MANISTEE	HAY	4,118
41	041	OR	LINCOLN	HAY	1,590
56	029	WY	PARK	HAY	10,810
48	017	TX	BAILEY	GRASSES & LEGUMES TOTALS	(D)
19	029	IA	CASS	HAY	11,799
31	121	NE	MERRICK	HAY	9,482
05	137	AR	STONE	HAY	21,038
40	051	OK	GRADY	HAY	94,975
48	119	TX	DELTA	HAY	135
04	017	AZ	NAVAJO	HAY	956
22	121	LA	WEST BATON ROUGE	HAY	732
19	095	IA	IOWA	HAY	11,731
30	097	MT	SWEET GRASS	HAY	19,830
18	033	IN	DE KALB	HAY	3,500
29	107	MO	LAFAYETTE	HAY	(D)
27	093	MN	MEEKER	HAY	458
48	405	TX	SAN AUGUSTINE	HAY	3,957
55	109	WI	ST CROIX	HAY	20,473
31	045	NE	DAWES	HAY	50,488
29	109	MO	LAWRENCE	HAY	59,579
02		AK	ANCHORAGE	HAY	(D)
29	021	MO	BUCHANAN	HAY	7,510
40	005	OK	ATOKA	HAY	(D)
20	041	KS	DICKINSON	HAY	400
48	389	TX	REEVES	HAY	7,047
31	165	NE	SIOUX	HAY	11,961
42	019	PA	BUTLER	HAY	22,635
48	399	TX	RUNNELS	HAY	122
21	081	KY	GRANT	HAY	20,423
17	077	IL	JACKSON	HAY	(D)
42	017	PA	BUCKS	HAY	14,191
22	115	LA	VERNON	HAY	(D)
48	481	TX	WHARTON	HAY	(D)
34	011	NJ	CUMBERLAND	HAY	260
48	359	TX	OLDHAM	HAY	10,438
19	065	IA	FAYETTE	HAY	13,654
26	029	MI	CHARLEVOIX	HAY	2,797
30	077	MT	POWELL	HAY	30,806
38	023	ND	DIVIDE	HAY	31,209
40	003	OK	ALFALFA	HAY	20,153
13	069	GA	COFFEE	HAY	(D)
37	153	NC	RICHMOND	HAY	3,749
28	115	MS	PONTOTOC	HAY	(D)
45	059	SC	LAURENS	HAY	19,431
29	203	MO	SHANNON	HAY	14,422
29	163	MO	PIKE	HAY	420
47	063	TN	HAMBLEN	HAY	12,722
06	003	CA	ALPINE	HAY	(D)
20	037	KS	CRAWFORD	GRASSES & LEGUMES TOTALS	989
34	027	NJ	MORRIS	HAY	233
05	055	AR	GREENE	HAY	6,557
19	035	IA	CHEROKEE	HAY	3,187
18	121	IN	PARKE	HAY	2,991
06	081	CA	SAN MATEO	HAY	116
20	099	KS	LABETTE	GRASSES & LEGUMES TOTALS	(D)
31	027	NE	CEDAR	HAY	16,159
06	029	CA	KERN	HAY	15,069
01	107	AL	PICKENS	HAY	8,983
48	361	TX	ORANGE	HAY	(D)
29	205	MO	SHELBY	HAY	48
37	171	NC	SURRY	HAY	(D)
24	047	MD	WORCESTER	SOD	(D)
20	143	KS	OTTAWA	HAY	926
22	053	LA	JEFFERSON DAVIS	SOD	(D)
47	139	TN	POLK	HAY	(D)
45	073	SC	OCONEE	HAY	(D)
06	051	CA	MONO	HAY	(D)
21	079	KY	GARRARD	HAY	22,003
16	063	ID	LINCOLN	HAY	25,199
06	037	CA	LOS ANGELES	HAY	1,291
39	159	OH	UNION	HAY	6,306
33	009	NH	GRAFTON	HAY	6
48	157	TX	FORT BEND	HAY	277
13	291	GA	UNION	HAY	(D)
28	123	MS	SCOTT	HAY	(D)
06	039	CA	MADERA	HAY	18,241
37	075	NC	GRAHAM	HAY	(D)
47	049	TN	FENTRESS	HAY	15,992
31	003	NE	ANTELOPE	HAY	6,520
29	075	MO	GENTRY	HAY	(D)
19	137	IA	MONTGOMERY	HAY	4,532
54	003	WV	BERKELEY	HAY	(D)
09	013	CT	TOLLAND	HAY	(D)
41	045	OR	MALHEUR	GRASSES & LEGUMES TOTALS	685
01	103	AL	MORGAN	HAY	23,107
13	027	GA	BROOKS	HAY	63
22	123	LA	WEST CARROLL	HAY	3,897
48	195	TX	HANSFORD	HAY	13,567
12	093	FL	OKEECHOBEE	HAY	(D)
26	077	MI	KALAMAZOO	HAY	11,710
26	013	MI	BARAGA	HAY	1,945
06	091	CA	SIERRA	HAY	1,459
06	037	CA	LOS ANGELES	HAY	9,323
32	021	NV	MINERAL	HAY	2,441
24	001	MD	ALLEGANY	HAY	1,157
29	217	MO	VERNON	HAY	209
27	147	MN	STEELE	HAY	3,073
31	073	NE	GOSPER	HAY	1,684
39	031	OH	COSHOCTON	HAY	22,137
48	309	TX	MCLENNAN	HAY	24
48	167	TX	GALVESTON	HAY	2,445
21	151	KY	MADISON	HAY	1,529
18	095	IN	MADISON	HAY	1,162
40	093	OK	MAJOR	HAY	730
48	409	TX	SAN PATRICIO	HAY	35
37	133	NC	ONSLOW	SOD	2,205
18	175	IN	WASHINGTON	HAY	1,572
48	081	TX	COKE	HAY	3,920
19	183	IA	WASHINGTON	HAY	(D)
10	003	DE	NEW CASTLE	HAY	2,806
16	021	ID	BOUNDARY	HAY	(D)
17	043	IL	DU PAGE	HAY	(D)
13	005	GA	BACON	HAY	(D)
21	111	KY	JEFFERSON	HAY	2,394
56	031	WY	PLATTE	HAY	24,105
48	411	TX	SAN SABA	HAY	(D)
27	043	MN	FARIBAULT	HAY	47
45	001	SC	ABBEVILLE	HAY	177
55	081	WI	MONROE	SOD	(D)
32	031	NV	WASHOE	HAY	6,972
54	023	WV	GRANT	HAY	(D)
51	035	VA	CARROLL	HAY	19,658
38	013	ND	BURKE	HAY	27,357
20	071	KS	GREELEY	HAY	2,243
13	139	GA	HALL	HAY	7,365
20	203	KS	WICHITA	HAY	(D)
21	049	KY	CLARK	HAY	29,035
36	099	NY	SENECA	HAY	(D)
19	189	IA	WINNEBAGO	HAY	(D)
17	015	IL	CARROLL	HAY	4,657
30	037	MT	GOLDEN VALLEY	GRASSES & LEGUMES TOTALS	(D)
48	127	TX	DIMMIT	HAY	1,664
20	189	KS	STEVENS	HAY	1,852
06	017	CA	EL DORADO	HAY	105
18	045	IN	FOUNTAIN	HAY	(D)
32	033	NV	WHITE PINE	HAY	21,082
16	035	ID	CLEARWATER	HAY	6,269
39	037	OH	DARKE	HAY	8,155
08	011	CO	BENT	HAY	21,728
29	109	MO	LAWRENCE	GRASSES & LEGUMES TOTALS	551
48	251	TX	JOHNSON	HAY	39,866
28	093	MS	MARSHALL	HAY	13,209
28	103	MS	NOXUBEE	HAY	164
17	101	IL	LAWRENCE	HAY	15
30	103	MT	TREASURE	GRASSES & LEGUMES TOTALS	1,087
21	113	KY	JESSAMINE	HAY	16,268
20	125	KS	MONTGOMERY	HAY	1,419
32	031	NV	WASHOE	SOD	(D)
48	223	TX	HOPKINS	HAY	74,109
12	055	FL	HIGHLANDS	HAY	773
54	043	WV	LINCOLN	HAY	1,814
42	003	PA	ALLEGHENY	HAY	(D)
06	083	CA	SANTA BARBARA	HAY	2,973
48	473	TX	WALLER	HAY	1,073
39	025	OH	CLERMONT	SOD	(D)
40	011	OK	BLAINE	HAY	35,759
19	113	IA	LINN	HAY	2,714
37	187	NC	WASHINGTON	SOD	1,236
55	093	WI	PIERCE	HAY	2,150
48	027	TX	BELL	HAY	25,020
27	047	MN	FREEBORN	HAY	(D)
39	065	OH	HARDIN	HAY	2,546
16	023	ID	BUTTE	HAY	2,572
36	117	NY	WAYNE	HAY	(D)
48	291	TX	LIBERTY	SOD	940
56	017	WY	HOT SPRINGS	HAY	10,048
31	031	NE	CHERRY	HAY	26,726
31	133	NE	PAWNEE	HAY	7,383
16	069	ID	NEZ PERCE	HAY	6,692
46	059	SD	HAND	HAY	(D)
21	187	KY	OWEN	HAY	3,199
21	149	KY	MCLEAN	HAY	3,133
13	031	GA	BULLOCH	HAY	3,608
22	059	LA	LA SALLE	HAY	1,948
45	063	SC	LEXINGTON	HAY	8,517
19	181	IA	WARREN	HAY	9,280
40	121	OK	PITTSBURG	HAY	1,857
55	067	WI	LANGLADE	HAY	(D)
37	033	NC	CASWELL	HAY	90
37	187	NC	WASHINGTON	HAY	788
17	119	IL	MADISON	HAY	2,746
21	037	KY	CAMPBELL	HAY	(D)
37	135	NC	ORANGE	HAY	74
13	075	GA	COOK	SOD	(D)
48	003	TX	ANDREWS	HAY	(D)
39	021	OH	CHAMPAIGN	HAY	3,485
12	113	FL	SANTA ROSA	HAY	3,157
39	037	OH	DARKE	HAY	2,718
20	015	KS	BUTLER	HAY	616
12	041	FL	GILCHRIST	HAY	8,350
37	099	NC	JACKSON	HAY	72
13	249	GA	SCHLEY	HAY	(D)
36	057	NY	MONTGOMERY	HAY	82
23	005	ME	CUMBERLAND	HAY	6,797
51	141	VA	PATRICK	HAY	10,724
39	133	OH	PORTAGE	SOD	(D)
31	029	NE	CHASE	HAY	2,313
37	049	NC	CRAVEN	HAY	265
31	023	NE	BUTLER	HAY	1,722
05	009	AR	BOONE	GRASSES & LEGUMES TOTALS	(D)
42	129	PA	WESTMORELAND	HAY	140
45	043	SC	GEORGETOWN	HAY	390
25	005	MA	BRISTOL	HAY	33
29	201	MO	SCOTT	HAY	2,519
20	015	KS	BUTLER	HAY	66,197
13	167	GA	JOHNSON	HAY	4,383
37	195	NC	WILSON	HAY	(D)
16	053	ID	JEROME	HAY	1,140
42	011	PA	BERKS	GRASSES & LEGUMES TOTALS	3
17	077	IL	JACKSON	HAY	6,778
26	111	MI	MIDLAND	HAY	3,339
06	099	CA	STANISLAUS	HAY	14,865
21	083	KY	GRAVES	HAY	22
29	159	MO	PETTIS	HAY	106
39	101	OH	MARION	HAY	1,568
38	019	ND	CAVALIER	HAY	(D)
37	189	NC	WATAUGA	HAY	3,162
45	065	SC	MCCORMICK	HAY	1,329
30	109	MT	WIBAUX	HAY	35,697
29	095	MO	JACKSON	HAY	8,749
35	059	NM	UNION	GRASSES & LEGUMES TOTALS	(D)
48	395	TX	ROBERTSON	HAY	2,489
36	079	NY	PUTNAM	HAY	(D)
36	045	NY	JEFFERSON	HAY	19,800
55	093	WI	PIERCE	HAY	(D)
24	043	MD	WASHINGTON	HAY	22
21	135	KY	LEWIS	HAY	874
22	079	LA	RAPIDES	HAY	192
26	027	MI	CASS	HAY	810
56	019	WY	JOHNSON	HAY	20,635
30	083	MT	RICHLAND	HAY	34,424
16	003	ID	ADAMS	HAY	8,376
13	267	GA	TATTNALL	HAY	(D)
01	083	AL	LIMESTONE	HAY	14,344
37	039	NC	CHEROKEE	HAY	4,216
55	019	WI	CLARK	HAY	22,559
38	073	ND	RANSOM	HAY	1,784
42	033	PA	CLEARFIELD	HAY	(D)
04	013	AZ	MARICOPA	HAY	8,839
23	025	ME	SOMERSET	HAY	993
48	455	TX	TRINITY	HAY	5,713
20	019	KS	CHAUTAUQUA	HAY	2,215
37	151	NC	RANDOLPH	HAY	19,361
24	011	MD	CAROLINE	HAY	19
29	057	MO	DADE	GRASSES & LEGUMES TOTALS	3,782
48	177	TX	GONZALES	SOD	(D)
56	017	WY	HOT SPRINGS	HAY	4,414
27	029	MN	CLEARWATER	HAY	5,794
31	145	NE	RED WILLOW	SOD	(D)
12	125	FL	UNION	HAY	330
51	025	VA	BRUNSWICK	HAY	4,477
13	087	GA	DECATUR	HAY	2,373
23	013	ME	KNOX	HAY	(D)
30	053	MT	LINCOLN	HAY	2,397
20	183	KS	SMITH	HAY	9,969
08	117	CO	SUMMIT	HAY	(D)
39	073	OH	HOCKING	HAY	(D)
53	057	WA	SKAGIT	GRASSES & LEGUMES TOTALS	(D)
42	035	PA	CLINTON	HAY	170
21	077	KY	GALLATIN	HAY	3,064
31	145	NE	RED WILLOW	HAY	2,983
48	073	TX	CHEROKEE	HAY	(D)
12	065	FL	JEFFERSON	HAY	6,423
01	105	AL	PERRY	HAY	251
40	001	OK	ADAIR	HAY	25,489
39	055	OH	GEAUGA	HAY	(D)
40	089	OK	MCCURTAIN	HAY	1,172
12	115	FL	SARASOTA	HAY	228
48	333	TX	MILLS	HAY	8,253
42	003	PA	ALLEGHENY	HAY	(D)
40	099	OK	MURRAY	HAY	106
39	145	OH	SCIOTO	HAY	80
28	051	MS	HOLMES	HAY	(D)
17	203	IL	WOODFORD	HAY	4,640
29	221	MO	WASHINGTON	HAY	384
36	101	NY	STEUBEN	HAY	17,810
36	103	NY	SUFFOLK	HAY	(D)
20	101	KS	LANE	HAY	425
21	233	KY	WEBSTER	HAY	7,434
12	107	FL	PUTNAM	HAY	262
55	025	WI	DANE	HAY	21,585
28	119	MS	QUITMAN	HAY	(D)
48	031	TX	BLANCO	HAY	1,919
48	473	TX	WALLER	HAY	20,287
18	181	IN	WHITE	HAY	(D)
47	189	TN	WILSON	HAY	535
20	091	KS	JOHNSON	HAY	7,753
34	031	NJ	PASSAIC	HAY	62
47	185	TN	WHITE	HAY	472
01	123	AL	TALLAPOOSA	HAY	4,278
21	077	KY	GALLATIN	HAY	(D)
21	027	KY	BRECKINRIDGE	HAY	(D)
01	105	AL	PERRY	HAY	251
31	131	NE	OTOE	HAY	4,005
19	103	IA	JOHNSON	HAY	2,728
30	057	MT	MADISON	HAY	16,869
18	115	IN	OHIO	HAY	3,017
41	035	OR	KLAMATH	HAY	15,085
36	109	NY	TOMPKINS	HAY	6
09	009	CT	NEW HAVEN	HAY	46
45	021	SC	CHEROKEE	HAY	(D)
26	059	MI	HILLSDALE	HAY	14,226
20	159	KS	RICE	HAY	(D)
37	159	NC	ROWAN	HAY	(D)
12	081	FL	MANATEE	HAY	(D)
29	197	MO	SCHUYLER	HAY	21,086
28	083	MS	LEFLORE	HAY	763
40	093	OK	MAJOR	HAY	31,807
48	125	TX	DICKENS	HAY	2,610
29	201	MO	SCOTT	HAY	137
48	439	TX	TARRANT	HAY	57
46	039	SD	DEUEL	HAY	15,473
21	151	KY	MADISON	HAY	20
35	045	NM	SAN JUAN	HAY	27,077
55	111	WI	SAUK	HAY	(D)
05	049	AR	FULTON	HAY	70
30	053	MT	LINCOLN	HAY	2,888
22	067	LA	MOREHOUSE	HAY	4,537
48	287	TX	LEE	HAY	25,428
54	081	WV	RALEIGH	HAY	(D)
01	111	AL	RANDOLPH	HAY	327
46	013	SD	BROWN	HAY	122
18	009	IN	BLACKFORD	HAY	197
06	081	CA	SAN MATEO	HAY	803
31	101	NE	KEITH	HAY	5,162
31	041	NE	CUSTER	HAY	21,459
39	121	OH	NOBLE	HAY	17,433
13	197	GA	MARION	HAY	111
20	019	KS	CHAUTAUQUA	HAY	9,637
39	117	OH	MORROW	HAY	3,709
08	051	CO	GUNNISON	HAY	34,346
48	039	TX	BRAZORIA	HAY	1,465
12	023	FL	COLUMBIA	GRASSES & LEGUMES TOTALS	193
55	105	WI	ROCK	SOD	(D)
49	055	UT	WAYNE	HAY	10,568
41	001	OR	BAKER	HAY	29,019
08	087	CO	MORGAN	GRASSES & LEGUMES TOTALS	(D)
21	027	KY	BRECKINRIDGE	HAY	(D)
17	173	IL	SHELBY	HAY	38
39	099	OH	MAHONING	HAY	7,058
40	107	OK	OKFUSKEE	HAY	(D)
06	003	CA	ALPINE	HAY	(D)
40	111	OK	OKMULGEE	HAY	53,710
31	011	NE	BOONE	HAY	401
08	007	CO	ARCHULETA	HAY	11,774
18	109	IN	MORGAN	HAY	997
08	067	CO	LA PLATA	HAY	14,664
31	083	NE	HARLAN	HAY	1,095
31	111	NE	LINCOLN	HAY	27,327
31	081	NE	HAMILTON	HAY	2,747
18	023	IN	CLINTON	HAY	(D)
17	145	IL	PERRY	HAY	3,749
54	027	WV	HAMPSHIRE	HAY	24,477
17	057	IL	FULTON	HAY	7,707
40	047	OK	GARFIELD	GRASSES & LEGUMES TOTALS	(D)
27	063	MN	JACKSON	HAY	3,683
54	067	WV	NICHOLAS	HAY	(D)
16	075	ID	PAYETTE	GRASSES & LEGUMES TOTALS	(D)
26	047	MI	EMMET	HAY	733
46	055	SD	HAAKON	HAY	57,124
54	019	WV	FAYETTE	HAY	364
05	031	AR	CRAIGHEAD	HAY	516
27	149	MN	STEVENS	HAY	3,246
38	095	ND	TOWNER	HAY	5,251
20	065	KS	GRAHAM	HAY	533
28	029	MS	COPIAH	HAY	7,317
30	105	MT	VALLEY	HAY	77,302
12	041	FL	GILCHRIST	GRASSES & LEGUMES TOTALS	(D)
39	075	OH	HOLMES	HAY	5,391
13	189	GA	MCDUFFIE	HAY	4,913
24	015	MD	CECIL	HAY	8,724
39	133	OH	PORTAGE	HAY	7,570
40	083	OK	LOGAN	HAY	1,051
32	031	NV	WASHOE	GRASSES & LEGUMES TOTALS	(D)
40	145	OK	WAGONER	HAY	1,572
17	027	IL	CLINTON	HAY	(D)
08	123	CO	WELD	HAY	83,991
21	093	KY	HARDIN	HAY	30
29	175	MO	RANDOLPH	HAY	15,552
48	289	TX	LEON	HAY	32,322
20	183	KS	SMITH	HAY	50
35	006	NM	CIBOLA	HAY	852
21	205	KY	ROWAN	HAY	78
29	037	MO	CASS	SOD	2,012
12	007	FL	BRADFORD	HAY	4,195
40	009	OK	BECKHAM	HAY	24,831
37	141	NC	PENDER	SOD	1,440
53	051	WA	PEND OREILLE	HAY	1,201
19	101	IA	JEFFERSON	HAY	4,026
56	027	WY	NIOBRARA	HAY	6,587
48	229	TX	HUDSPETH	HAY	9,441
48	015	TX	AUSTIN	HAY	684
48	175	TX	GOLIAD	HAY	11,135
46	013	SD	BROWN	HAY	35,235
24	025	MD	HARFORD	HAY	(D)
37	147	NC	PITT	HAY	1,598
29	055	MO	CRAWFORD	HAY	27,418
12	119	FL	SUMTER	HAY	53
54	043	WV	LINCOLN	HAY	(D)
05	117	AR	PRAIRIE	HAY	(D)
48	017	TX	BAILEY	HAY	9,750
54	013	WV	CALHOUN	HAY	320
29	135	MO	MONITEAU	HAY	31,629
37	181	NC	VANCE	HAY	2,691
48	489	TX	WILLACY	HAY	691
39	085	OH	LAKE	HAY	(D)
42	049	PA	ERIE	HAY	14,950
18	103	IN	MIAMI	HAY	3,465
24	013	MD	CARROLL	HAY	15,594
13	111	GA	FANNIN	HAY	192
01	077	AL	LAUDERDALE	HAY	18,001
30	053	MT	LINCOLN	HAY	5,572
26	009	MI	ANTRIM	HAY	4,475
48	229	TX	HUDSPETH	HAY	(D)
26	159	MI	VAN BUREN	HAY	3,945
36	119	NY	WESTCHESTER	HAY	449
48	159	TX	FRANKLIN	HAY	280
21	069	KY	FLEMING	HAY	119
47	009	TN	BLOUNT	HAY	25,662
40	029	OK	COAL	SOD	16
17	163	IL	ST CLAIR	HAY	4,719
08	125	CO	YUMA	HAY	9,567
17	089	IL	KANE	SOD	(D)
12	133	FL	WASHINGTON	HAY	4,285
01	129	AL	WASHINGTON	GRASSES & LEGUMES TOTALS	(D)
18	171	IN	WARREN	HAY	(D)
05	147	AR	WOODRUFF	HAY	(D)
41	013	OR	CROOK	HAY	39,278
37	163	NC	SAMPSON	HAY	17,460
17	087	IL	JOHNSON	HAY	1,886
29	175	MO	RANDOLPH	HAY	16,505
23	001	ME	ANDROSCOGGIN	HAY	7,827
40	109	OK	OKLAHOMA	HAY	11,013
27	167	MN	WILKIN	HAY	850
36	067	NY	ONONDAGA	HAY	103
48	129	TX	DONLEY	HAY	1,825
26	031	MI	CHEBOYGAN	HAY	6,925
37	155	NC	ROBESON	SOD	(D)
29	173	MO	RALLS	HAY	(D)
17	103	IL	LEE	HAY	2,052
17	085	IL	JO DAVIESS	HAY	21,808
35	029	NM	LUNA	HAY	1,424
20	117	KS	MARSHALL	HAY	15,495
20	059	KS	FRANKLIN	HAY	(D)
48	415	TX	SCURRY	HAY	2,043
46	053	SD	GREGORY	HAY	20,370
01	061	AL	GENEVA	SOD	(D)
47	103	TN	LINCOLN	HAY	537
48	379	TX	RAINS	HAY	14,459
21	097	KY	HARRISON	SOD	(D)
29	079	MO	GRUNDY	HAY	(D)
41	001	OR	BAKER	HAY	26,133
48	239	TX	JACKSON	HAY	132
36	055	NY	MONROE	HAY	3,072
48	045	TX	BRISCOE	HAY	(D)
19	123	IA	MAHASKA	HAY	2,087
08	085	CO	MONTROSE	HAY	11,051
56	009	WY	CONVERSE	HAY	30,812
38	105	ND	WILLIAMS	HAY	3,324
06	007	CA	BUTTE	HAY	890
35	055	NM	TAOS	HAY	6,006
48	327	TX	MENARD	HAY	(D)
21	179	KY	NELSON	HAY	24,691
17	125	IL	MASON	HAY	470
17	183	IL	VERMILION	HAY	3,868
51	007	VA	AMELIA	HAY	332
12	041	FL	GILCHRIST	HAY	8,508
48	163	TX	FRIO	HAY	20,738
48	035	TX	BOSQUE	SOD	1,470
01	091	AL	MARENGO	HAY	12,046
27	129	MN	RENVILLE	HAY	3,035
21	019	KY	BOYD	HAY	71
37	161	NC	RUTHERFORD	HAY	(D)
47	141	TN	PUTNAM	HAY	(D)
30	065	MT	MUSSELSHELL	SOD	(D)
23	011	ME	KENNEBEC	HAY	(D)
04	003	AZ	COCHISE	HAY	24,508
38	013	ND	BURKE	HAY	38,192
19	099	IA	JASPER	HAY	2,961
06	011	CA	COLUSA	HAY	1,714
48	313	TX	MADISON	HAY	482
39	075	OH	HOLMES	HAY	103
27	037	MN	DAKOTA	GRASSES & LEGUMES TOTALS	(D)
04	021	AZ	PINAL	GRASSES & LEGUMES TOTALS	(D)
41	021	OR	GILLIAM	HAY	1,936
46	059	SD	HAND	HAY	(D)
47	093	TN	KNOX	HAY	12,742
12	037	FL	FRANKLIN	HAY	(D)
26	035	MI	CLARE	HAY	1,285
29	225	MO	WEBSTER	HAY	(D)
40	051	OK	GRADY	HAY	1,251
38	047	ND	LOGAN	HAY	41,962
56	001	WY	ALBANY	HAY	46,755
38	069	ND	PIERCE	HAY	15,522
45	045	SC	GREENVILLE	HAY	254
26	023	MI	BRANCH	HAY	515
21	079	KY	GARRARD	HAY	24,392
55	011	WI	BUFFALO	HAY	4,434
35	031	NM	MCKINLEY	HAY	(D)
35	029	NM	LUNA	HAY	5,587
45	089	SC	WILLIAMSBURG	SOD	1,500
06	053	CA	MONTEREY	HAY	5,722
36	027	NY	DUTCHESS	HAY	4,518
21	145	KY	MCCRACKEN	HAY	147
13	029	GA	BRYAN	HAY	3,126
38	077	ND	RICHLAND	HAY	11,089
05	125	AR	SALINE	HAY	18,375
08	015	CO	CHAFFEE	HAY	3,908
26	051	MI	GLADWIN	HAY	2,549
23	021	ME	PISCATAQUIS	HAY	2,942
18	049	IN	FULTON	HAY	168
41	019	OR	DOUGLAS	HAY	6,232
18	131	IN	PULASKI	HAY	232
01	001	AL	AUTAUGA	HAY	362
35	003	NM	CATRON	HAY	570
21	009	KY	BARREN	HAY	(D)
29	113	MO	LINCOLN	HAY	12,589
30	089	MT	SANDERS	HAY	5,968
48	327	TX	MENARD	HAY	(D)
31	071	NE	GARFIELD	HAY	4,423
27	015	MN	BROWN	HAY	9
29	097	MO	JASPER	HAY	(D)
48	201	TX	HARRIS	HAY	191
20	131	KS	NEMAHA	HAY	14,850
47	075	TN	HAYWOOD	HAY	102
16	059	ID	LEMHI	HAY	20,336
55	067	WI	LANGLADE	HAY	(D)
26	003	MI	ALGER	HAY	4,082
27	015	MN	BROWN	HAY	5,343
36	003	NY	ALLEGANY	HAY	4,091
56	025	WY	NATRONA	HAY	(D)
48	207	TX	HASKELL	HAY	8,871
25	027	MA	WORCESTER	HAY	(D)
48	151	TX	FISHER	HAY	496
31	083	NE	HARLAN	HAY	4,583
37	115	NC	MADISON	HAY	40
39	141	OH	ROSS	HAY	76
55	113	WI	SAWYER	HAY	2,528
48	357	TX	OCHILTREE	HAY	6,243
36	101	NY	STEUBEN	HAY	62,830
39	099	OH	MAHONING	HAY	2,310
01	045	AL	DALE	HAY	6,214
16	015	ID	BOISE	HAY	802
27	095	MN	MILLE LACS	HAY	8,322
47	133	TN	OVERTON	HAY	21,783
40	109	OK	OKLAHOMA	HAY	1,486
30	097	MT	SWEET GRASS	HAY	37,823
20	155	KS	RENO	HAY	6,628
27	047	MN	FREEBORN	HAY	3,170
26	145	MI	SAGINAW	HAY	70
37	157	NC	ROCKINGHAM	HAY	14,655
19	117	IA	LUCAS	HAY	12,394
48	317	TX	MARTIN	HAY	10,522
08	101	CO	PUEBLO	HAY	3,859
48	041	TX	BRAZOS	HAY	425
21	033	KY	CALDWELL	HAY	4
06	111	CA	VENTURA	HAY	576
48	089	TX	COLORADO	HAY	17,791
37	179	NC	UNION	SOD	(D)
39	063	OH	HANCOCK	HAY	(D)
35	047	NM	SAN MIGUEL	HAY	2,582
53	013	WA	COLUMBIA	HAY	6,032
45	055	SC	KERSHAW	HAY	9,484
18	057	IN	HAMILTON	HAY	708
13	001	GA	APPLING	HAY	11,796
18	085	IN	KOSCIUSKO	HAY	162
13	105	GA	ELBERT	HAY	318
31	149	NE	ROCK	HAY	2,877
53	071	WA	WALLA WALLA	HAY	13,828
46	117	SD	STANLEY	HAY	22,934
45	065	SC	MCCORMICK	HAY	(D)
48	189	TX	HALE	HAY	504
21	029	KY	BULLITT	HAY	5,374
31	121	NE	MERRICK	HAY	1,007
48	147	TX	FANNIN	HAY	619
55	045	WI	GREEN	HAY	(D)
27	025	MN	CHISAGO	HAY	3,023
28	065	MS	JEFFERSON DAVIS	HAY	66
27	115	MN	PINE	HAY	19,582
55	127	WI	WALWORTH	HAY	(D)
12	073	FL	LEON	HAY	3,600
30	031	MT	GALLATIN	HAY	10,593
47	105	TN	LOUDON	HAY	12,518
21	239	KY	WOODFORD	HAY	(D)
21	211	KY	SHELBY	HAY	5,612
54	015	WV	CLAY	HAY	1,829
29	167	MO	POLK	HAY	2,446
08	045	CO	GARFIELD	HAY	6,578
05	001	AR	ARKANSAS	HAY	1,451
13	299	GA	WARE	HAY	157
29	047	MO	CLAY	HAY	9,719
48	497	TX	WISE	HAY	1,116
42	029	PA	CHESTER	HAY	8,430
38	003	ND	BARNES	HAY	(D)
13	245	GA	RICHMOND	HAY	1,333
18	077	IN	JEFFERSON	HAY	6,381
21	227	KY	WARREN	HAY	1,630
08	117	CO	SUMMIT	HAY	(D)
29	099	MO	JEFFERSON	SOD	(D)
13	043	GA	CANDLER	HAY	6,248
29	157	MO	PERRY	GRASSES & LEGUMES TOTALS	(D)
08	027	CO	CUSTER	HAY	5,158
06	101	CA	SUTTER	HAY	(D)
05	093	AR	MISSISSIPPI	HAY	1,022
49	057	UT	WEBER	HAY	4,171
56	043	WY	WASHAKIE	HAY	(D)
21	007	KY	BALLARD	HAY	(D)
38	019	ND	CAVALIER	HAY	(D)
26	129	MI	OGEMAW	HAY	8,002
39	063	OH	HANCOCK	HAY	3,557
28	155	MS	WEBSTER	HAY	(D)
48	045	TX	BRISCOE	HAY	(D)
40	071	OK	KAY	HAY	33,928
38	063	ND	NELSON	HAY	21
19	011	IA	BENTON	HAY	1,538
38	049	ND	MCHENRY	HAY	118,316
46	019	SD	BUTTE	HAY	5,207
50	007	VT	CHITTENDEN	HAY	10,248
13	043	GA	CANDLER	HAY	100
55	023	WI	CRAWFORD	HAY	20,086
39	047	OH	FAYETTE	HAY	(D)
40	151	OK	WOODS	HAY	892
48	111	TX	DALLAM	HAY	360
17	003	IL	ALEXANDER	HAY	9
20	069	KS	GRAY	HAY	4,677
02		AK	FAIRBANKS NORTH STAR	HAY	11,988
48	487	TX	WILBARGER	HAY	12,863
46	091	SD	MARSHALL	HAY	27,520
20	021	KS	CHEROKEE	HAY	16,980
41	029	OR	JACKSON	HAY	13,448
51	063	VA	FLOYD	HAY	16,610
16	039	ID	ELMORE	HAY	(D)
17	033	IL	CRAWFORD	HAY	(D)
47	091	TN	JOHNSON	SOD	3
36	029	NY	ERIE	HAY	6,384
19	159	IA	RINGGOLD	HAY	13,375
37	017	NC	BLADEN	HAY	(D)
40	067	OK	JEFFERSON	HAY	(D)
47	045	TN	DYER	HAY	96
17	145	IL	PERRY	HAY	627
31	073	NE	GOSPER	HAY	160
19	173	IA	TAYLOR	HAY	16,507
17	093	IL	KENDALL	SOD	(D)
41	061	OR	UNION	GRASSES & LEGUMES TOTALS	3,683
31	005	NE	ARTHUR	HAY	18,608
51	091	VA	HIGHLAND	HAY	7,384
18	017	IN	CASS	HAY	6
31	173	NE	THURSTON	HAY	323
45	027	SC	CLARENDON	HAY	1,333
41	013	OR	CROOK	HAY	26,413
48	259	TX	KENDALL	HAY	2,282
26	069	MI	IOSCO	HAY	(D)
19	083	IA	HARDIN	HAY	870
21	037	KY	CAMPBELL	HAY	(D)
46	063	SD	HARDING	HAY	296
12	057	FL	HILLSBOROUGH	HAY	379
51	810	VA	VIRGINIA BEACH CITY	HAY	196
39	151	OH	STARK	HAY	6,530
48	095	TX	CONCHO	HAY	(D)
47	145	TN	ROANE	HAY	6,502
46	105	SD	PERKINS	HAY	32,598
16	061	ID	LEWIS	HAY	3,283
40	019	OK	CARTER	HAY	1,821
27	049	MN	GOODHUE	HAY	158
17	045	IL	EDGAR	HAY	1,364
36	069	NY	ONTARIO	HAY	(D)
04	009	AZ	GRAHAM	HAY	5,026
20	033	KS	COMANCHE	HAY	8,446
53	003	WA	ASOTIN	HAY	(D)
55	123	WI	VERNON	HAY	83
12	011	FL	BROWARD	HAY	12
39	021	OH	CHAMPAIGN	HAY	100
30	013	MT	CASCADE	HAY	68,673
42	049	PA	ERIE	HAY	208
55	023	WI	CRAWFORD	GRASSES & LEGUMES TOTALS	12
16	005	ID	BANNOCK	HAY	5,160
51	047	VA	CULPEPER	HAY	22,053
45	009	SC	BAMBERG	SOD	(D)
28	101	MS	NEWTON	HAY	10,454
31	053	NE	DODGE	HAY	3,952
53	015	WA	COWLITZ	HAY	(D)
39	001	OH	ADAMS	HAY	(D)
41	039	OR	LANE	HAY	2,113
17	007	IL	BOONE	SOD	(D)
21	165	KY	MENIFEE	HAY	220
29	083	MO	HENRY	GRASSES & LEGUMES TOTALS	1,543
42	045	PA	DELAWARE	HAY	(D)
29	141	MO	MORGAN	HAY	121
37	053	NC	CURRITUCK	HAY	85
16	043	ID	FREMONT	HAY	2,495
37	105	NC	LEE	HAY	(D)
13	205	GA	MITCHELL	SOD	(D)
37	079	NC	GREENE	HAY	208
20	107	KS	LINN	HAY	1,874
17	055	IL	FRANKLIN	HAY	3,232
55	121	WI	TREMPEALEAU	HAY	3,794
19	061	IA	DUBUQUE	HAY	(D)
17	105	IL	LIVINGSTON	HAY	1,445
19	187	IA	WEBSTER	HAY	(D)
17	149	IL	PIKE	HAY	9,441
24	033	MD	PRINCE GEORGES	HAY	3,548
13	275	GA	THOMAS	HAY	(D)
21	207	KY	RUSSELL	HAY	17,160
17	131	IL	MERCER	HAY	106
06	037	CA	LOS ANGELES	HAY	1,501
27	065	MN	KANABEC	HAY	(D)
30	009	MT	CARBON	GRASSES & LEGUMES TOTALS	(D)
54	071	WV	PENDLETON	HAY	14,769
48	345	TX	MOTLEY	HAY	(D)
08	005	CO	ARAPAHOE	HAY	556
19	049	IA	DALLAS	GRASSES & LEGUMES TOTALS	(D)
13	181	GA	LINCOLN	HAY	2,529
08	021	CO	CONEJOS	HAY	50,260
39	005	OH	ASHLAND	HAY	(D)
24	019	MD	DORCHESTER	HAY	405
48	101	TX	COTTLE	HAY	1,360
36	051	NY	LIVINGSTON	HAY	21,060
56	023	WY	LINCOLN	HAY	22,076
50	005	VT	CALEDONIA	HAY	98
12	103	FL	PINELLAS	HAY	(D)
29	029	MO	CAMDEN	HAY	21,819
37	193	NC	WILKES	HAY	17,203
36	051	NY	LIVINGSTON	HAY	12,712
28	067	MS	JONES	HAY	9,271
48	019	TX	BANDERA	HAY	(D)
49	015	UT	EMERY	HAY	15,902
46	031	SD	CORSON	HAY	(D)
21	153	KY	MAGOFFIN	HAY	337
55	101	WI	RACINE	HAY	4,508
42	021	PA	CAMBRIA	HAY	(D)
13	311	GA	WHITE	HAY	15
06	093	CA	SISKIYOU	HAY	22,090
15	007	HI	KAUAI	HAY	(D)
20	129	KS	MORTON	HAY	3,032
39	131	OH	PIKE	HAY	7,146
55	111	WI	SAUK	HAY	6,301
10	005	DE	SUSSEX	SOD	(D)
12	081	FL	MANATEE	HAY	1,305
31	173	NE	THURSTON	HAY	2,458
26	063	MI	HURON	HAY	12,826
17	073	IL	HENRY	HAY	4,092
06	021	CA	GLENN	GRASSES & LEGUMES TOTALS	(D)
37	155	NC	ROBESON	HAY	12,337
54	033	WV	HARRISON	HAY	86
21	215	KY	SPENCER	HAY	11,313
19	099	IA	JASPER	HAY	12,712
13	229	GA	PIERCE	HAY	2,093
40	111	OK	OKMULGEE	HAY	274
19	045	IA	CLINTON	HAY	9,287
31	137	NE	PHELPS	HAY	866
20	157	KS	REPUBLIC	HAY	669
17	101	IL	LAWRENCE	HAY	122
18	037	IN	DUBOIS	HAY	9,434
26	155	MI	SHIAWASSEE	HAY	50
13	155	GA	IRWIN	HAY	914
39	163	OH	VINTON	HAY	3,948
29	019	MO	BOONE	HAY	(D)
42	015	PA	BRADFORD	HAY	(D)
09	001	CT	FAIRFIELD	HAY	779
34	011	NJ	CUMBERLAND	HAY	4,253
16	077	ID	POWER	HAY	17,146
50	015	VT	LAMOILLE	HAY	289
45	087	SC	UNION	HAY	6,249
47	145	TN	ROANE	HAY	6,284
40	111	OK	OKMULGEE	HAY	1,135
29	101	MO	JOHNSON	HAY	60,235
27	121	MN	POPE	HAY	115
49	033	UT	RICH	HAY	(D)
08	053	CO	HINSDALE	HAY	245
20	137	KS	NORTON	HAY	548
21	083	KY	GRAVES	HAY	9,751
08	017	CO	CHEYENNE	HAY	(D)
39	015	OH	BROWN	HAY	16,308
39	139	OH	RICHLAND	HAY	4,489
17	011	IL	BUREAU	HAY	2,217
47	037	TN	DAVIDSON	HAY	104
22	111	LA	UNION	HAY	12,804
42	117	PA	TIOGA	HAY	428
50	001	VT	ADDISON	HAY	7,523
40	033	OK	COTTON	HAY	(D)
40	037	OK	CREEK	HAY	478
16	063	ID	LINCOLN	HAY	23,443
08	027	CO	CUSTER	HAY	(D)
45	067	SC	MARION	HAY	47
37	077	NC	GRANVILLE	HAY	12
12	031	FL	DUVAL	HAY	369
47	003	TN	BEDFORD	HAY	7
06	011	CA	COLUSA	HAY	3,791
16	041	ID	FRANKLIN	HAY	28,402
05	033	AR	CRAWFORD	HAY	22,292
01	131	AL	WILCOX	HAY	229
30	047	MT	LAKE	HAY	42,881
13	015	GA	BARTOW	HAY	247
31	181	NE	WEBSTER	HAY	6,326
31	143	NE	POLK	HAY	1,948
05	035	AR	CRITTENDEN	HAY	2,189
06	005	CA	AMADOR	HAY	1,927
30	077	MT	POWELL	HAY	30,065
41	043	OR	LINN	GRASSES & LEGUMES TOTALS	14,215
48	435	TX	SUTTON	HAY	432
54	087	WV	ROANE	HAY	13,228
47	093	TN	KNOX	HAY	455
27	107	MN	NORMAN	HAY	2,088
19	165	IA	SHELBY	HAY	4,933
01	007	AL	BIBB	SOD	81
36	013	NY	CHAUTAUQUA	HAY	72
47	181	TN	WAYNE	HAY	(D)
13	143	GA	HARALSON	HAY	4,179
47	019	TN	CARTER	HAY	79
13	317	GA	WILKES	HAY	6,341
22	083	LA	RICHLAND	HAY	237
22	097	LA	SAINT LANDRY	HAY	348
48	457	TX	TYLER	GRASSES & LEGUMES TOTALS	(D)
06	077	CA	SAN JOAQUIN	HAY	69,535
49	005	UT	CACHE	HAY	42,059
27	045	MN	FILLMORE	GRASSES & LEGUMES TOTALS	(D)
51	041	VA	CHESTERFIELD	HAY	2,191
08	035	CO	DOUGLAS	HAY	218
31	101	NE	KEITH	HAY	8,575
55	137	WI	WAUSHARA	HAY	592
39	141	OH	ROSS	HAY	12,943
29	003	MO	ANDREW	HAY	(D)
01	009	AL	BLOUNT	HAY	17,324
37	177	NC	TYRRELL	HAY	(D)
53	069	WA	WAHKIAKUM	HAY	(D)
30	037	MT	GOLDEN VALLEY	HAY	4,323
18	149	IN	STARKE	HAY	1,596
39	005	OH	ASHLAND	HAY	(D)
08	091	CO	OURAY	HAY	6,943
51	001	VA	ACCOMACK	HAY	192
25	009	MA	ESSEX	HAY	2,549
13	283	GA	TREUTLEN	HAY	1,310
55	019	WI	CLARK	HAY	39,807
56	015	WY	GOSHEN	HAY	48,360
48	169	TX	GARZA	HAY	2,580
48	473	TX	WALLER	HAY	368
35	005	NM	CHAVES	GRASSES & LEGUMES TOTALS	493
47	145	TN	ROANE	HAY	24
48	259	TX	KENDALL	HAY	51
36	017	NY	CHENANGO	HAY	25,973
16	033	ID	CLARK	HAY	2,331
47	045	TN	DYER	HAY	3,099
19	125	IA	MARION	HAY	9,558
21	149	KY	MCLEAN	HAY	3,498
39	143	OH	SANDUSKY	HAY	2,347
40	093	OK	MAJOR	GRASSES & LEGUMES TOTALS	(D)
18	071	IN	JACKSON	HAY	4,868
48	389	TX	REEVES	HAY	8,438
51	165	VA	ROCKINGHAM	HAY	4,840
55	123	WI	VERNON	HAY	83
13	099	GA	EARLY	HAY	3,759
01	127	AL	WALKER	HAY	135
22	113	LA	VERMILION	HAY	1,185
19	149	IA	PLYMOUTH	HAY	(D)
31	049	NE	DEUEL	HAY	5,786
18	055	IN	GREENE	HAY	9,919
13	213	GA	MURRAY	HAY	(D)
19	139	IA	MUSCATINE	HAY	149
31	175	NE	VALLEY	HAY	2,202
24	025	MD	HARFORD	HAY	4,612
08	075	CO	LOGAN	HAY	6,654
19	197	IA	WRIGHT	HAY	307
37	127	NC	NASH	SOD	(D)
17	067	IL	HANCOCK	HAY	5,326
27	055	MN	HOUSTON	HAY	16,795
39	139	OH	RICHLAND	HAY	11,618
31	103	NE	KEYA PAHA	HAY	8,893
01	103	AL	MORGAN	HAY	99
51	193	VA	WESTMORELAND	HAY	1,636
06	037	CA	LOS ANGELES	GRASSES & LEGUMES TOTALS	(D)
09	011	CT	NEW LONDON	HAY	(D)
27	091	MN	MARTIN	HAY	820
49	049	UT	UTAH	HAY	27,579
24	001	MD	ALLEGANY	HAY	(D)
13	147	GA	HART	HAY	266
05	109	AR	PIKE	HAY	20
40	059	OK	HARPER	HAY	656
48	183	TX	GREGG	HAY	(D)
19	087	IA	HENRY	HAY	6,515
16	083	ID	TWIN FALLS	HAY	59,958
48	091	TX	COMAL	HAY	131
13	299	GA	WARE	HAY	157
38	081	ND	SARGENT	HAY	(D)
13	025	GA	BRANTLEY	HAY	1,828
56	003	WY	BIG HORN	HAY	5,262
13	279	GA	TOOMBS	HAY	(D)
23	019	ME	PENOBSCOT	HAY	9,776
49	047	UT	UINTAH	HAY	28,555
53	057	WA	SKAGIT	HAY	1,504
01	103	AL	MORGAN	HAY	(D)
48	359	TX	OLDHAM	HAY	758
24	039	MD	SOMERSET	HAY	(D)
18	179	IN	WELLS	HAY	1,471
36	035	NY	FULTON	HAY	2,567
22	083	LA	RICHLAND	HAY	8,638
45	037	SC	EDGEFIELD	HAY	4,097
08	057	CO	JACKSON	HAY	15,568
55	135	WI	WAUPACA	HAY	3,796
37	003	NC	ALEXANDER	HAY	8,587
38	015	ND	BURLEIGH	HAY	27,967
16	029	ID	CARIBOU	GRASSES & LEGUMES TOTALS	(D)
40	123	OK	PONTOTOC	HAY	1,191
47	045	TN	DYER	HAY	3,147
38	027	ND	EDDY	HAY	19,857
29	129	MO	MERCER	HAY	15,734
06	081	CA	SAN MATEO	HAY	(D)
36	103	NY	SUFFOLK	HAY	77
12	109	FL	ST. JOHNS	SOD	175
46	085	SD	LYMAN	HAY	70,878
22	053	LA	JEFFERSON DAVIS	HAY	6,084
05	017	AR	CHICOT	HAY	1,416
51	177	VA	SPOTSYLVANIA	HAY	5,362
13	219	GA	OCONEE	HAY	4,009
26	069	MI	IOSCO	HAY	4,583
22	091	LA	SAINT HELENA	HAY	(D)
25	027	MA	WORCESTER	HAY	16,743
40	033	OK	COTTON	HAY	(D)
08	029	CO	DELTA	HAY	27,597
32	027	NV	PERSHING	HAY	7,626
37	123	NC	MONTGOMERY	HAY	(D)
19	169	IA	STORY	SOD	(D)
24	003	MD	ANNE ARUNDEL	HAY	263
47	129	TN	MORGAN	HAY	11,308
39	089	OH	LICKING	HAY	65
47	071	TN	HARDIN	HAY	11,515
32	027	NV	PERSHING	HAY	7,626
49	049	UT	UTAH	GRASSES & LEGUMES TOTALS	(D)
13	073	GA	COLUMBIA	HAY	371
21	155	KY	MARION	HAY	(D)
55	073	WI	MARATHON	HAY	(D)
30	009	MT	CARBON	SOD	(D)
37	009	NC	ASHE	HAY	7,022
18	079	IN	JENNINGS	HAY	4,357
48	139	TX	ELLIS	HAY	20
30	035	MT	GLACIER	HAY	7,892
55	021	WI	COLUMBIA	HAY	12,225
41	051	OR	MULTNOMAH	HAY	523
24	005	MD	BALTIMORE	HAY	(D)
48	505	TX	ZAPATA	HAY	(D)
27	031	MN	COOK	HAY	(D)
53	007	WA	CHELAN	HAY	138
13	175	GA	LAURENS	HAY	5,703
08	099	CO	PROWERS	HAY	4,156
48	225	TX	HOUSTON	HAY	46,181
28	149	MS	WARREN	HAY	1,963
01	107	AL	PICKENS	SOD	90
06	073	CA	SAN DIEGO	HAY	(D)
13	025	GA	BRANTLEY	HAY	270
27	147	MN	STEELE	HAY	2,030
49	041	UT	SEVIER	HAY	17,391
29	159	MO	PETTIS	HAY	(D)
37	147	NC	PITT	HAY	307
40	021	OK	CHEROKEE	HAY	(D)
13	057	GA	CHEROKEE	HAY	(D)
39	145	OH	SCIOTO	HAY	7,125
36	091	NY	SARATOGA	HAY	15,289
16	003	ID	ADAMS	HAY	(D)
40	053	OK	GRANT	HAY	271
55	113	WI	SAWYER	HAY	8,414
30	107	MT	WHEATLAND	HAY	5,241
12	013	FL	CALHOUN	HAY	156
51	105	VA	LEE	HAY	1,808
37	115	NC	MADISON	HAY	40
17	115	IL	MACON	HAY	614
13	285	GA	TROUP	SOD	(D)
16	023	ID	BUTTE	HAY	41,728
08	101	CO	PUEBLO	HAY	5,759
01	001	AL	AUTAUGA	HAY	362
55	095	WI	POLK	HAY	(D)
28	147	MS	WALTHALL	GRASSES & LEGUMES TOTALS	(D)
42	061	PA	HUNTINGDON	HAY	20,184
05	145	AR	WHITE	HAY	58,061
41	049	OR	MORROW	HAY	24,898
37	103	NC	JONES	HAY	452
18	027	IN	DAVIESS	HAY	5,750
41	015	OR	CURRY	HAY	(D)
13	267	GA	TATTNALL	HAY	424
21	109	KY	JACKSON	HAY	(D)
06	055	CA	NAPA	HAY	795
22	073	LA	OUACHITA	HAY	5,506
21	145	KY	MCCRACKEN	HAY	(D)
06	115	CA	YUBA	HAY	1,250
41	069	OR	WHEELER	HAY	2,428
54	015	WV	CLAY	HAY	297
48	399	TX	RUNNELS	HAY	1,078
38	017	ND	CASS	HAY	2,951
01	075	AL	LAMAR	HAY	(D)
16	073	ID	OWYHEE	HAY	47,332
05	063	AR	INDEPENDENCE	HAY	1,209
20	009	KS	BARTON	HAY	1,892
27	149	MN	STEVENS	HAY	(D)
31	075	NE	GRANT	HAY	(D)
48	017	TX	BAILEY	HAY	21,452
47	089	TN	JEFFERSON	HAY	21,515
28	001	MS	ADAMS	HAY	1,938
47	119	TN	MAURY	HAY	410
21	007	KY	BALLARD	HAY	2,755
17	019	IL	CHAMPAIGN	HAY	2,000
23	009	ME	HANCOCK	HAY	28
17	099	IL	LA SALLE	HAY	1,182
38	017	ND	CASS	HAY	10,605
30	025	MT	FALLON	HAY	72,105
50	021	VT	RUTLAND	HAY	12,971
37	163	NC	SAMPSON	GRASSES & LEGUMES TOTALS	(D)
16	003	ID	ADAMS	HAY	10,374
13	223	GA	PAULDING	HAY	2,621
47	031	TN	COFFEE	HAY	17,867
40	027	OK	CLEVELAND	HAY	797
46	041	SD	DEWEY	HAY	58,381
12	067	FL	LAFAYETTE	HAY	5,509
36	003	NY	ALLEGANY	HAY	16,957
17	133	IL	MONROE	HAY	2,081
22	051	LA	JEFFERSON	HAY	249
37	063	NC	DURHAM	HAY	(D)
48	321	TX	MATAGORDA	SOD	7,783
55	001	WI	ADAMS	HAY	5,571
31	003	NE	ANTELOPE	GRASSES & LEGUMES TOTALS	(D)
13	257	GA	STEPHENS	HAY	1,760
40	133	OK	SEMINOLE	HAY	1,907
20	055	KS	FINNEY	HAY	49,898
51	163	VA	ROCKBRIDGE	HAY	17,631
36	017	NY	CHENANGO	HAY	416
27	155	MN	TRAVERSE	HAY	285
42	025	PA	CARBON	HAY	896
38	065	ND	OLIVER	HAY	(D)
18	081	IN	JOHNSON	HAY	2,823
13	299	GA	WARE	HAY	772
37	131	NC	NORTHAMPTON	HAY	(D)
30	039	MT	GRANITE	HAY	(D)
37	025	NC	CABARRUS	HAY	10,467
48	171	TX	GILLESPIE	HAY	48
12	119	FL	SUMTER	HAY	(D)
48	343	TX	MORRIS	HAY	62
05	093	AR	MISSISSIPPI	HAY	(D)
04	017	AZ	NAVAJO	HAY	991
04	012	AZ	LAPAZ	HAY	63,156
19	189	IA	WINNEBAGO	HAY	128
27	085	MN	MCLEOD	HAY	4,283
46	125	SD	TURNER	HAY	98
47	119	TN	MAURY	HAY	31,091
38	005	ND	BENSON	HAY	30,522
08	023	CO	COSTILLA	HAY	4,813
24	039	MD	SOMERSET	HAY	496
19	135	IA	MONROE	HAY	6,267
20	123	KS	MITCHELL	HAY	238
13	133	GA	GREENE	HAY	(D)
38	025	ND	DUNN	HAY	42,052
29	099	MO	JEFFERSON	HAY	17,730
41	033	OR	JOSEPHINE	HAY	2,878
53	055	WA	SAN JUAN	HAY	2,083
12	047	FL	HAMILTON	HAY	420
19	129	IA	MILLS	HAY	2,289
37	061	NC	DUPLIN	HAY	20,648
01	127	AL	WALKER	HAY	135
19	013	IA	BLACK HAWK	HAY	1,364
48	357	TX	OCHILTREE	HAY	240
53	017	WA	DOUGLAS	HAY	6,165
31	085	NE	HAYES	HAY	3,713
16	027	ID	CANYON	GRASSES & LEGUMES TOTALS	7,480
01	065	AL	HALE	HAY	40
27	119	MN	POLK	SOD	(D)
20	007	KS	BARBER	HAY	1,764
49	057	UT	WEBER	HAY	3,735
31	113	NE	LOGAN	HAY	14,652
48	017	TX	BAILEY	HAY	9,565
31	039	NE	CUMING	HAY	1,671
24	035	MD	QUEEN ANNES	HAY	(D)
01	005	AL	BARBOUR	HAY	388
13	161	GA	JEFF DAVIS	HAY	888
38	043	ND	KIDDER	HAY	34,869
51	037	VA	CHARLOTTE	HAY	357
46	093	SD	MEADE	HAY	961
19	005	IA	ALLAMAKEE	GRASSES & LEGUMES TOTALS	(D)
35	013	NM	DONA ANA	HAY	2,118
04	015	AZ	MOHAVE	GRASSES & LEGUMES TOTALS	1,007
48	503	TX	YOUNG	HAY	15,322
48	421	TX	SHERMAN	HAY	1,630
20	163	KS	ROOKS	HAY	305
48	331	TX	MILAM	HAY	91
24	027	MD	HOWARD	HAY	12
17	161	IL	ROCK ISLAND	HAY	42
29	079	MO	GRUNDY	HAY	92
27	007	MN	BELTRAMI	HAY	29,805
06	007	CA	BUTTE	HAY	1,536
13	195	GA	MADISON	HAY	195
55	105	WI	ROCK	HAY	68
40	075	OK	KIOWA	HAY	29,164
28	009	MS	BENTON	HAY	84
44	009	RI	WASHINGTON	HAY	1,409
31	025	NE	CASS	HAY	4,369
01	129	AL	WASHINGTON	HAY	(D)
54	093	WV	TUCKER	HAY	2,234
48	459	TX	UPSHUR	HAY	384
48	391	TX	REFUGIO	HAY	(D)
47	147	TN	ROBERTSON	HAY	19,738
20	197	KS	WABAUNSEE	HAY	20,305
44	005	RI	NEWPORT	HAY	(D)
18	129	IN	POSEY	HAY	2,317
29	215	MO	TEXAS	HAY	3,002
21	135	KY	LEWIS	HAY	13,498
41	045	OR	MALHEUR	HAY	70,177
21	229	KY	WASHINGTON	HAY	35,233
20	193	KS	THOMAS	HAY	3,374
51	051	VA	DICKENSON	HAY	45
49	019	UT	GRAND	HAY	5,348
37	173	NC	SWAIN	HAY	(D)
21	121	KY	KNOX	HAY	5,919
38	003	ND	BARNES	HAY	(D)
13	303	GA	WASHINGTON	HAY	345
20	133	KS	NEOSHO	HAY	22,348
24	015	MD	CECIL	HAY	7,294
17	019	IL	CHAMPAIGN	HAY	1,388
06	059	CA	ORANGE	HAY	(D)
32	011	NV	EUREKA	HAY	4,799
45	021	SC	CHEROKEE	HAY	(D)
05	051	AR	GARLAND	HAY	18
49	051	UT	WASATCH	HAY	(D)
37	077	NC	GRANVILLE	HAY	12
38	049	ND	MCHENRY	HAY	3,936
20	149	KS	POTTAWATOMIE	HAY	767
48	449	TX	TITUS	HAY	341
29	057	MO	DADE	HAY	45,497
31	153	NE	SARPY	HAY	1,956
35	057	NM	TORRANCE	HAY	(D)
40	015	OK	CADDO	HAY	51,506
29	069	MO	DUNKLIN	HAY	(D)
37	143	NC	PERQUIMANS	SOD	(D)
53	045	WA	MASON	HAY	2,058
29	153	MO	OZARK	HAY	21,914
47	163	TN	SULLIVAN	HAY	244
28	045	MS	HANCOCK	HAY	2,606
12	059	FL	HOLMES	HAY	70
36	099	NY	SENECA	HAY	4,760
29	021	MO	BUCHANAN	HAY	9,016
45	013	SC	BEAUFORT	HAY	334
35	015	NM	EDDY	HAY	796
48	117	TX	DEAF SMITH	GRASSES & LEGUMES TOTALS	(D)
55	089	WI	OZAUKEE	HAY	5,381
49	009	UT	DAGGETT	HAY	887
30	075	MT	POWDER RIVER	HAY	13,572
17	123	IL	MARSHALL	HAY	1,735
30	077	MT	POWELL	HAY	50,166
37	027	NC	CALDWELL	HAY	659
37	199	NC	YANCEY	HAY	92
41	041	OR	LINCOLN	HAY	107
13	233	GA	POLK	HAY	7,050
36	031	NY	ESSEX	GRASSES & LEGUMES TOTALS	6
48	501	TX	YOAKUM	HAY	(D)
42	019	PA	BUTLER	SOD	(D)
05	125	AR	SALINE	HAY	130
29	115	MO	LINN	HAY	(D)
47	061	TN	GRUNDY	HAY	(D)
37	021	NC	BUNCOMBE	HAY	(D)
49	053	UT	WASHINGTON	SOD	342
21	029	KY	BULLITT	SOD	(D)
22	113	LA	VERMILION	HAY	10,035
27	089	MN	MARSHALL	HAY	301
39	069	OH	HENRY	HAY	(D)
13	021	GA	BIBB	HAY	656
46	093	SD	MEADE	HAY	3,538
31	059	NE	FILLMORE	HAY	1,143
18	041	IN	FAYETTE	HAY	1,109
31	065	NE	FURNAS	HAY	7,737
19	025	IA	CALHOUN	HAY	610
29	185	MO	ST CLAIR	GRASSES & LEGUMES TOTALS	2,153
37	117	NC	MARTIN	HAY	(D)
17	007	IL	BOONE	HAY	750
18	143	IN	SCOTT	HAY	2,087
47	171	TN	UNICOI	HAY	(D)
17	057	IL	FULTON	HAY	(D)
05	107	AR	PHILLIPS	HAY	(D)
16	005	ID	BANNOCK	HAY	26,261
18	117	IN	ORANGE	HAY	1,085
29	186	MO	STE GENEVIEVE	HAY	19,727
16	031	ID	CASSIA	HAY	52,722
20	083	KS	HODGEMAN	HAY	129
22	035	LA	EAST CARROLL	HAY	153
46	071	SD	JACKSON	HAY	731
31	025	NE	CASS	HAY	(D)
01	065	AL	HALE	HAY	140
20	131	KS	NEMAHA	HAY	(D)
46	069	SD	HYDE	HAY	14,464
05	149	AR	YELL	HAY	41,623
18	109	IN	MORGAN	HAY	3,567
46	135	SD	YANKTON	HAY	(D)
27	173	MN	YELLOW MEDICINE	HAY	6,618
29	051	MO	COLE	HAY	(D)
21	203	KY	ROCKCASTLE	HAY	17,758
51	133	VA	NORTHUMBERLAND	HAY	322
47	029	TN	COCKE	HAY	173
01	005	AL	BARBOUR	HAY	12,438
31	065	NE	FURNAS	HAY	1,773
37	155	NC	ROBESON	HAY	2,139
42	097	PA	NORTHUMBERLAND	HAY	(D)
48	453	TX	TRAVIS	HAY	14,937
29	213	MO	TANEY	HAY	251
39	011	OH	AUGLAIZE	HAY	1,099
31	005	NE	ARTHUR	HAY	4,412
20	031	KS	COFFEY	HAY	(D)
48	409	TX	SAN PATRICIO	HAY	3,602
31	151	NE	SALINE	HAY	7,241
47	139	TN	POLK	HAY	4,149
17	019	IL	CHAMPAIGN	GRASSES & LEGUMES TOTALS	(D)
47	053	TN	GIBSON	SOD	(D)
48	353	TX	NOLAN	HAY	188
40	093	OK	MAJOR	HAY	3,683
19	073	IA	GREENE	HAY	(D)
48	145	TX	FALLS	HAY	39,941
31	079	NE	HALL	SOD	(D)
16	051	ID	JEFFERSON	HAY	68,757
45	051	SC	HORRY	HAY	71
35	009	NM	CURRY	HAY	78,534
17	185	IL	WABASH	HAY	733
04	007	AZ	GILA	HAY	243
28	055	MS	ISSAQUENA	HAY	86
10	001	DE	KENT	HAY	255
26	047	MI	EMMET	HAY	(D)
45	023	SC	CHESTER	HAY	8,349
31	077	NE	GREELEY	HAY	(D)
47	017	TN	CARROLL	HAY	8,434
26	165	MI	WEXFORD	HAY	175
13	061	GA	CLAY	HAY	(D)
46	017	SD	BUFFALO	HAY	2,873
22	043	LA	GRANT	HAY	2,534
31	035	NE	CLAY	HAY	96
22	115	LA	VERNON	HAY	(D)
47	037	TN	DAVIDSON	HAY	430
29	097	MO	JASPER	HAY	217
37	131	NC	NORTHAMPTON	HAY	296
17	087	IL	JOHNSON	HAY	9,392
37	193	NC	WILKES	HAY	665
06	077	CA	SAN JOAQUIN	GRASSES & LEGUMES TOTALS	196
30	005	MT	BLAINE	HAY	32,282
31	167	NE	STANTON	HAY	1,330
30	033	MT	GARFIELD	HAY	39,372
20	129	KS	MORTON	HAY	4,738
48	211	TX	HEMPHILL	HAY	7,278
17	009	IL	BROWN	HAY	5,763
24	045	MD	WICOMICO	SOD	6,483
20	205	KS	WILSON	HAY	21,883
22	001	LA	ACADIA	HAY	5,107
48	315	TX	MARION	HAY	130
29	083	MO	HENRY	HAY	50,084
13	183	GA	LONG	HAY	478
19	163	IA	SCOTT	HAY	3,866
29	147	MO	NODAWAY	HAY	414
36	095	NY	SCHOHARIE	HAY	25,470
41	053	OR	POLK	GRASSES & LEGUMES TOTALS	7,679
05	075	AR	LAWRENCE	HAY	13,951
36	009	NY	CATTARAUGUS	HAY	13,071
54	101	WV	WEBSTER	HAY	221
36	113	NY	WARREN	HAY	(D)
37	019	NC	BRUNSWICK	HAY	(D)
13	311	GA	WHITE	HAY	3,366
30	033	MT	GARFIELD	HAY	2,839
29	127	MO	MARION	HAY	(D)
41	011	OR	COOS	HAY	(D)
01	039	AL	COVINGTON	HAY	262
37	125	NC	MOORE	HAY	200
01	001	AL	AUTAUGA	HAY	11,203
13	307	GA	WEBSTER	HAY	326
17	023	IL	CLARK	HAY	2,365
47	067	TN	HANCOCK	HAY	(D)
47	041	TN	DE KALB	HAY	13,554
48	255	TX	KARNES	HAY	804
48	039	TX	BRAZORIA	HAY	23,764
17	151	IL	POPE	HAY	7,684
32	009	NV	ESMERALDA	HAY	9,981
02		AK	FAIRBANKS NORTH STAR	GRASSES & LEGUMES TOTALS	(D)
17	085	IL	JO DAVIESS	HAY	24,929
04	001	AZ	APACHE	HAY	2,162
29	133	MO	MISSISSIPPI	HAY	(D)
19	043	IA	CLAYTON	HAY	26,825
31	043	NE	DAKOTA	HAY	2,451
42	103	PA	PIKE	HAY	(D)
37	111	NC	MCDOWELL	HAY	1,717
20	169	KS	SALINE	HAY	210
12	035	FL	FLAGLER	HAY	(D)
31	079	NE	HALL	HAY	2,780
47	019	TN	CARTER	HAY	4,864
20	045	KS	DOUGLAS	HAY	(D)
48	043	TX	BREWSTER	HAY	(D)
22	033	LA	EAST BATON ROUGE	HAY	300
17	011	IL	BUREAU	HAY	3,625
36	053	NY	MADISON	SOD	(D)
50	001	VT	ADDISON	HAY	25,459
21	027	KY	BRECKINRIDGE	HAY	25,742
51	127	VA	NEW KENT	HAY	644
20	039	KS	DECATUR	HAY	3,693
05	075	AR	LAWRENCE	HAY	417
26	139	MI	OTTAWA	SOD	(D)
20	073	KS	GREENWOOD	HAY	(D)
01	123	AL	TALLAPOOSA	HAY	4,206
30	073	MT	PONDERA	HAY	20,768
46	029	SD	CODINGTON	HAY	(D)
26	101	MI	MANISTEE	HAY	(D)
19	143	IA	OSCEOLA	HAY	(D)
05	079	AR	LINCOLN	HAY	5,771
20	009	KS	BARTON	HAY	14,403
26	031	MI	CHEBOYGAN	HAY	8,461
18	063	IN	HENDRICKS	HAY	1,928
18	025	IN	CRAWFORD	HAY	5,143
17	091	IL	KANKAKEE	HAY	11
18	161	IN	UNION	HAY	436
48	037	TX	BOWIE	HAY	1,194
53	017	WA	DOUGLAS	HAY	(D)
22	083	LA	RICHLAND	HAY	8,638
41	063	OR	WALLOWA	GRASSES & LEGUMES TOTALS	(D)
42	073	PA	LAWRENCE	HAY	126
48	313	TX	MADISON	HAY	(D)
40	049	OK	GARVIN	GRASSES & LEGUMES TOTALS	420
26	019	MI	BENZIE	HAY	(D)
54	075	WV	POCAHONTAS	HAY	(D)
31	069	NE	GARDEN	HAY	6,519
22	069	LA	NATCHITOCHES	HAY	80
31	169	NE	THAYER	HAY	363
45	027	SC	CLARENDON	HAY	1,333
18	037	IN	DUBOIS	HAY	(D)
06	045	CA	MENDOCINO	HAY	6,859
31	063	NE	FRONTIER	HAY	2,267
28	115	MS	PONTOTOC	HAY	10,061
38	061	ND	MOUNTRAIL	HAY	84,113
41	041	OR	LINCOLN	HAY	(D)
41	035	OR	KLAMATH	HAY	22,095
18	151	IN	STEUBEN	HAY	110
55	025	WI	DANE	HAY	25,922
48	051	TX	BURLESON	HAY	27,646
18	071	IN	JACKSON	HAY	34
47	001	TN	ANDERSON	HAY	(D)
27	087	MN	MAHNOMEN	HAY	(D)
46	025	SD	CLARK	HAY	(D)
05	105	AR	PERRY	SOD	1,195
26	081	MI	KENT	HAY	436
26	159	MI	VAN BUREN	HAY	5,399
36	123	NY	YATES	HAY	27
19	099	IA	JASPER	HAY	(D)
48	365	TX	PANOLA	HAY	18,685
28	001	MS	ADAMS	HAY	1,938
26	111	MI	MIDLAND	HAY	42
16	027	ID	CANYON	HAY	43,364
35	019	NM	GUADALUPE	HAY	(D)
22	077	LA	POINTE COUPEE	HAY	5,913
26	065	MI	INGHAM	HAY	(D)
54	085	WV	RITCHIE	HAY	(D)
26	093	MI	LIVINGSTON	HAY	4,088
27	117	MN	PIPESTONE	HAY	7,632
29	173	MO	RALLS	HAY	9,834
24	023	MD	GARRETT	HAY	14,225
13	001	GA	APPLING	HAY	(D)
12	117	FL	SEMINOLE	HAY	(D)
19	033	IA	CERRO GORDO	HAY	2,686
30	087	MT	ROSEBUD	HAY	34,978
48	001	TX	ANDERSON	HAY	43,628
27	075	MN	LAKE	HAY	(D)
46	121	SD	TODD	HAY	17,349
48	439	TX	TARRANT	HAY	(D)
24	033	MD	PRINCE GEORGES	GRASSES & LEGUMES TOTALS	(D)
05	127	AR	SCOTT	HAY	170
48	117	TX	DEAF SMITH	HAY	37,571
39	015	OH	BROWN	HAY	13,838
18	135	IN	RANDOLPH	HAY	3,519
29	155	MO	PEMISCOT	HAY	(D)
16	045	ID	GEM	HAY	10,469
08	103	CO	RIO BLANCO	HAY	7,268
51	103	VA	LANCASTER	HAY	200
20	199	KS	WALLACE	HAY	2,812
16	049	ID	IDAHO	HAY	18
17	077	IL	JACKSON	HAY	(D)
45	063	SC	LEXINGTON	HAY	265
08	067	CO	LA PLATA	HAY	(D)
20	177	KS	SHAWNEE	HAY	(D)
17	041	IL	DOUGLAS	HAY	1,691
31	093	NE	HOWARD	HAY	2,935
27	147	MN	STEELE	HAY	38
48	377	TX	PRESIDIO	HAY	50
37	005	NC	ALLEGHANY	HAY	293
53	005	WA	BENTON	GRASSES & LEGUMES TOTALS	4,424
30	071	MT	PHILLIPS	HAY	30,605
46	061	SD	HANSON	HAY	(D)
42	049	PA	ERIE	HAY	1,747
29	223	MO	WAYNE	HAY	423
31	013	NE	BOX BUTTE	HAY	4,566
48	155	TX	FOARD	HAY	(D)
20	177	KS	SHAWNEE	HAY	388
18	107	IN	MONTGOMERY	HAY	946
18	037	IN	DUBOIS	HAY	10,938
13	121	GA	FULTON	HAY	343
20	139	KS	OSAGE	HAY	29,087
48	215	TX	HIDALGO	HAY	867
20	173	KS	SEDGWICK	HAY	820
21	105	KY	HICKMAN	HAY	1,131
49	007	UT	CARBON	HAY	6,453
36	067	NY	ONONDAGA	HAY	46
53	077	WA	YAKIMA	HAY	32,493
04	011	AZ	GREENLEE	HAY	833
40	075	OK	KIOWA	HAY	22,335
13	293	GA	UPSON	HAY	84
51	027	VA	BUCHANAN	HAY	128
48	069	TX	CASTRO	HAY	53,388
13	119	GA	FRANKLIN	HAY	354
38	021	ND	DICKEY	HAY	13,067
12	123	FL	TAYLOR	HAY	162
18	103	IN	MIAMI	HAY	1,197
31	133	NE	PAWNEE	HAY	10,005
21	217	KY	TAYLOR	HAY	28
49	051	UT	WASATCH	HAY	4,908
47	013	TN	CAMPBELL	HAY	117
01	007	AL	BIBB	HAY	6,836
39	137	OH	PUTNAM	HAY	1,811
30	111	MT	YELLOWSTONE	HAY	21,753
48	295	TX	LIPSCOMB	HAY	1,370
22	041	LA	FRANKLIN	HAY	11,488
19	087	IA	HENRY	HAY	4,854
01	111	AL	RANDOLPH	SOD	600
46	107	SD	POTTER	HAY	(D)
36	119	NY	WESTCHESTER	HAY	(D)
47	105	TN	LOUDON	HAY	44
06	053	CA	MONTEREY	HAY	1,027
29	107	MO	LAFAYETTE	HAY	17,154
20	087	KS	JEFFERSON	HAY	(D)
09	011	CT	NEW LONDON	HAY	118
48	123	TX	DE WITT	HAY	18,980
42	043	PA	DAUPHIN	HAY	(D)
12	001	FL	ALACHUA	HAY	4,807
54	095	WV	TYLER	HAY	(D)
29	211	MO	SULLIVAN	HAY	1,354
17	151	IL	POPE	HAY	283
34	041	NJ	WARREN	GRASSES & LEGUMES TOTALS	(D)
39	017	OH	BUTLER	SOD	(D)
47	039	TN	DECATUR	HAY	9,573
09	013	CT	TOLLAND	HAY	4,937
47	017	TN	CARROLL	HAY	14
48	245	TX	JEFFERSON	HAY	458
20	173	KS	SEDGWICK	HAY	688
21	051	KY	CLAY	HAY	4
22	023	LA	CAMERON	HAY	2,271
37	175	NC	TRANSYLVANIA	SOD	(D)
12	115	FL	SARASOTA	HAY	5,565
04	023	AZ	SANTA CRUZ	HAY	(D)
55	065	WI	LAFAYETTE	HAY	3,338
21	101	KY	HENDERSON	HAY	132
17	159	IL	RICHLAND	HAY	2,430
42	035	PA	CLINTON	HAY	2,120
54	105	WV	WIRT	HAY	(D)
18	097	IN	MARION	HAY	365
48	171	TX	GILLESPIE	HAY	(D)
27	109	MN	OLMSTED	HAY	13,696
42	109	PA	SNYDER	HAY	26
47	051	TN	FRANKLIN	SOD	(D)
31	151	NE	SALINE	HAY	916
48	473	TX	WALLER	HAY	20,655
05	061	AR	HOWARD	HAY	23,921
53	047	WA	OKANOGAN	HAY	12,292
21	227	KY	WARREN	SOD	(D)
23	021	ME	PISCATAQUIS	HAY	477
36	015	NY	CHEMUNG	HAY	4,545
13	151	GA	HENRY	HAY	1,852
19	051	IA	DAVIS	HAY	30
20	059	KS	FRANKLIN	HAY	(D)
35	009	NM	CURRY	HAY	15,922
13	317	GA	WILKES	HAY	(D)
46	123	SD	TRIPP	HAY	1,860
13	097	GA	DOUGLAS	HAY	(D)
35	055	NM	TAOS	HAY	6,022
40	057	OK	HARMON	HAY	23,462
54	049	WV	MARION	HAY	893
48	367	TX	PARKER	HAY	1,408
06	023	CA	HUMBOLDT	SOD	(D)
48	311	TX	MCMULLEN	HAY	(D)
48	131	TX	DUVAL	HAY	740
37	079	NC	GREENE	HAY	1,585
18	081	IN	JOHNSON	HAY	(D)
45	069	SC	MARLBORO	HAY	1,941
51	141	VA	PATRICK	HAY	11,447
37	081	NC	GUILFORD	HAY	(D)
48	273	TX	KLEBERG	HAY	170
36	013	NY	CHAUTAUQUA	GRASSES & LEGUMES TOTALS	(D)
17	051	IL	FAYETTE	GRASSES & LEGUMES TOTALS	(D)
19	187	IA	WEBSTER	HAY	673
40	031	OK	COMANCHE	HAY	2,296
42	025	PA	CARBON	HAY	4,059
06	097	CA	SONOMA	HAY	(D)
06	051	CA	MONO	HAY	(D)
06	095	CA	SOLANO	HAY	46,679
05	037	AR	CROSS	HAY	2,081
21	093	KY	HARDIN	HAY	1,817
42	093	PA	MONTOUR	HAY	1,795
21	239	KY	WOODFORD	HAY	15,211
16	003	ID	ADAMS	HAY	(D)
32	510	NV	CARSON CITY	HAY	(D)
40	133	OK	SEMINOLE	HAY	(D)
20	163	KS	ROOKS	HAY	8,090
48	129	TX	DONLEY	HAY	1,987
48	181	TX	GRAYSON	SOD	(D)
29	051	MO	COLE	HAY	26,319
32	001	NV	CHURCHILL	HAY	20,995
48	429	TX	STEPHENS	HAY	(D)
06	095	CA	SOLANO	HAY	24,575
47	099	TN	LAWRENCE	HAY	131
05	027	AR	COLUMBIA	HAY	7,087
29	099	MO	JEFFERSON	HAY	1,130
49	053	UT	WASHINGTON	HAY	(D)
55	095	WI	POLK	HAY	15,197
45	051	SC	HORRY	HAY	99
01	047	AL	DALLAS	HAY	178
12	121	FL	SUWANNEE	HAY	1,188
55	085	WI	ONEIDA	HAY	2,362
48	407	TX	SAN JACINTO	HAY	208
18	119	IN	OWEN	HAY	66
55	117	WI	SHEBOYGAN	HAY	15,657
21	179	KY	NELSON	HAY	(D)
08	091	CO	OURAY	HAY	6,943
22	057	LA	LAFOURCHE	HAY	6,362
06	005	CA	AMADOR	HAY	(D)
42	039	PA	CRAWFORD	HAY	388
20	129	KS	MORTON	HAY	3,425
16	039	ID	ELMORE	GRASSES & LEGUMES TOTALS	(D)
22	033	LA	EAST BATON ROUGE	HAY	6,846
29	001	MO	ADAIR	HAY	2,833
04	013	AZ	MARICOPA	GRASSES & LEGUMES TOTALS	527
44	003	RI	KENT	HAY	(D)
22	083	LA	RICHLAND	HAY	237
06	011	CA	COLUSA	HAY	5,505
47	169	TN	TROUSDALE	HAY	139
18	151	IN	STEUBEN	HAY	907
20	011	KS	BOURBON	HAY	(D)
29	091	MO	HOWELL	HAY	43,046
20	161	KS	RILEY	HAY	10,618
54	033	WV	HARRISON	HAY	11,362
21	189	KY	OWSLEY	HAY	17
08	039	CO	ELBERT	HAY	1,937
23	025	ME	SOMERSET	HAY	10,144
40	047	OK	GARFIELD	HAY	(D)
55	063	WI	LA CROSSE	HAY	9,863
01	069	AL	HOUSTON	HAY	9,338
55	139	WI	WINNEBAGO	HAY	300
26	023	MI	BRANCH	HAY	597
45	009	SC	BAMBERG	HAY	795
22	055	LA	LAFAYETTE	HAY	5,216
29	015	MO	BENTON	HAY	33,479
16	011	ID	BINGHAM	HAY	70,266
20	151	KS	PRATT	HAY	5,575
08	107	CO	ROUTT	GRASSES & LEGUMES TOTALS	(D)
47	025	TN	CLAIBORNE	GRASSES & LEGUMES TOTALS	(D)
47	077	TN	HENDERSON	HAY	(D)
13	247	GA	ROCKDALE	HAY	(D)
48	365	TX	PANOLA	HAY	18,395
06	041	CA	MARIN	SOD	(D)
46	091	SD	MARSHALL	HAY	(D)
13	251	GA	SCREVEN	SOD	(D)
37	091	NC	HERTFORD	HAY	(D)
16	045	ID	GEM	HAY	2,749
24	041	MD	TALBOT	HAY	935
40	127	OK	PUSHMATAHA	HAY	16,730
21	013	KY	BELL	HAY	302
04	001	AZ	APACHE	HAY	3,475
39	061	OH	HAMILTON	HAY	172
48	451	TX	TOM GREEN	HAY	2,157
49	015	UT	EMERY	HAY	2,726
45	061	SC	LEE	HAY	(D)
47	091	TN	JOHNSON	HAY	(D)
28	023	MS	CLARKE	HAY	6,000
51	117	VA	MECKLENBURG	SOD	(D)
18	111	IN	NEWTON	HAY	2,393
36	075	NY	OSWEGO	GRASSES & LEGUMES TOTALS	(D)
48	489	TX	WILLACY	HAY	258
29	119	MO	MCDONALD	HAY	817
56	025	WY	NATRONA	HAY	25,397
17	177	IL	STEPHENSON	HAY	12,523
37	147	NC	PITT	SOD	(D)
12	035	FL	FLAGLER	HAY	(D)
55	127	WI	WALWORTH	HAY	8,690
27	033	MN	COTTONWOOD	HAY	1,168
49	033	UT	RICH	HAY	19,888
17	071	IL	HENDERSON	HAY	(D)
18	041	IN	FAYETTE	HAY	1,487
36	069	NY	ONTARIO	HAY	15
26	045	MI	EATON	HAY	11,927
16	001	ID	ADA	HAY	8,424
29	009	MO	BARRY	HAY	(D)
39	059	OH	GUERNSEY	HAY	(D)
29	163	MO	PIKE	HAY	300
35	051	NM	SIERRA	HAY	2,107
12	041	FL	GILCHRIST	HAY	6
13	191	GA	MCINTOSH	HAY	(D)
48	025	TX	BEE	HAY	(D)
21	085	KY	GRAYSON	HAY	(D)
20	169	KS	SALINE	HAY	267
41	055	OR	SHERMAN	HAY	859
27	107	MN	NORMAN	HAY	8,724
18	087	IN	LAGRANGE	HAY	21,525
46	031	SD	CORSON	HAY	(D)
05	003	AR	ASHLEY	HAY	(D)
06	043	CA	MARIPOSA	HAY	(D)
37	103	NC	JONES	HAY	204
16	015	ID	BOISE	HAY	61
47	161	TN	STEWART	HAY	46
37	155	NC	ROBESON	HAY	(D)
28	103	MS	NOXUBEE	HAY	(D)
37	035	NC	CATAWBA	HAY	8,826
17	189	IL	WASHINGTON	HAY	3,275
06	089	CA	SHASTA	HAY	7,956
40	151	OK	WOODS	HAY	34,910
19	105	IA	JONES	HAY	12,549
54	061	WV	MONONGALIA	HAY	(D)
27	165	MN	WATONWAN	HAY	(D)
02		AK	FAIRBANKS NORTH STAR	HAY	(D)
37	165	NC	SCOTLAND	HAY	1,111
25	013	MA	HAMPDEN	HAY	2,782
20	063	KS	GOVE	HAY	1,465
08	049	CO	GRAND	HAY	(D)
55	063	WI	LA CROSSE	HAY	(D)
48	053	TX	BURNET	HAY	5,879
31	133	NE	PAWNEE	HAY	2,622
42	055	PA	FRANKLIN	HAY	39,015
42	035	PA	CLINTON	HAY	4,194
21	001	KY	ADAIR	HAY	1,380
29	207	MO	STODDARD	HAY	(D)
01	091	AL	MARENGO	HAY	914
38	085	ND	SIOUX	HAY	41,263
53	045	WA	MASON	HAY	(D)
51	089	VA	HENRY	HAY	8,271
20	011	KS	BOURBON	HAY	(D)
39	073	OH	HOCKING	SOD	(D)
17	155	IL	PUTNAM	HAY	(D)
31	067	NE	GAGE	HAY	606
01	047	AL	DALLAS	HAY	17,457
55	005	WI	BARRON	HAY	(D)
40	093	OK	MAJOR	HAY	4,413
06	009	CA	CALAVERAS	HAY	(D)
02		AK	FAIRBANKS NORTH STAR	HAY	(D)
01	071	AL	JACKSON	HAY	542
30	109	MT	WIBAUX	HAY	1,550
26	011	MI	ARENAC	HAY	(D)
45	073	SC	OCONEE	HAY	7,903
12	055	FL	HIGHLANDS	HAY	9,666
29	071	MO	FRANKLIN	HAY	990
29	019	MO	BOONE	HAY	1,979
46	007	SD	BENNETT	HAY	42,911
20	041	KS	DICKINSON	HAY	22
17	101	IL	LAWRENCE	HAY	137
41	037	OR	LAKE	HAY	105,029
53	025	WA	GRANT	HAY	28,784
36	123	NY	YATES	HAY	7,904
19	053	IA	DECATUR	HAY	11,398
51	059	VA	FAIRFAX	HAY	206
21	071	KY	FLOYD	HAY	244
17	141	IL	OGLE	HAY	6,686
17	145	IL	PERRY	HAY	3,122
05	139	AR	UNION	HAY	6,743
35	055	NM	TAOS	GRASSES & LEGUMES TOTALS	210
50	013	VT	GRAND ISLE	HAY	4,475
29	029	MO	CAMDEN	HAY	(D)
17	083	IL	JERSEY	HAY	1,135
45	071	SC	NEWBERRY	HAY	11,917
29	003	MO	ANDREW	HAY	8,572
31	123	NE	MORRILL	HAY	18,017
48	357	TX	OCHILTREE	HAY	(D)
20	161	KS	RILEY	HAY	(D)
17	021	IL	CHRISTIAN	HAY	1,394
26	019	MI	BENZIE	HAY	(D)
46	085	SD	LYMAN	HAY	36,462
40	139	OK	TEXAS	GRASSES & LEGUMES TOTALS	(D)
37	039	NC	CHEROKEE	HAY	7
55	057	WI	JUNEAU	HAY	(D)
31	033	NE	CHEYENNE	HAY	2,717
20	093	KS	KEARNY	HAY	37,315
28	043	MS	GRENADA	SOD	(D)
17	143	IL	PEORIA	HAY	5,024
06	027	CA	INYO	HAY	6,139
39	095	OH	LUCAS	HAY	711
17	099	IL	LA SALLE	HAY	(D)
45	091	SC	YORK	HAY	15,189
54	001	WV	BARBOUR	HAY	108
08	063	CO	KIT CARSON	HAY	20,387
28	007	MS	ATTALA	HAY	(D)
21	211	KY	SHELBY	HAY	(D)
21	043	KY	CARTER	HAY	697
42	109	PA	SNYDER	HAY	20
48	221	TX	HOOD	HAY	18,974
05	079	AR	LINCOLN	HAY	(D)
21	191	KY	PENDLETON	SOD	(D)
21	029	KY	BULLITT	HAY	428
30	031	MT	GALLATIN	HAY	63,191
27	073	MN	LAC QUI PARLE	HAY	4,633
08	049	CO	GRAND	HAY	26,975
55	139	WI	WINNEBAGO	HAY	300
19	195	IA	WORTH	HAY	216
13	231	GA	PIKE	HAY	(D)
55	139	WI	WINNEBAGO	SOD	(D)
28	161	MS	YALOBUSHA	HAY	(D)
20	161	KS	RILEY	HAY	(D)
21	051	KY	CLAY	HAY	3,593
48	169	TX	GARZA	HAY	298
20	199	KS	WALLACE	HAY	1,613
37	019	NC	BRUNSWICK	HAY	(D)
47	013	TN	CAMPBELL	HAY	8,607
35	025	NM	LEA	HAY	(D)
37	089	NC	HENDERSON	SOD	(D)
31	013	NE	BOX BUTTE	HAY	10,672
31	049	NE	DEUEL	HAY	1,351
46	097	SD	MINER	HAY	5,686
21	191	KY	PENDLETON	HAY	2,336
38	033	ND	GOLDEN VALLEY	HAY	33,538
36	025	NY	DELAWARE	HAY	192
12	093	FL	OKEECHOBEE	HAY	(D)
26	121	MI	MUSKEGON	HAY	(D)
27	097	MN	MORRISON	HAY	45,301
27	027	MN	CLAY	HAY	3,404
37	113	NC	MACON	HAY	394
18	163	IN	VANDERBURGH	HAY	413
48	223	TX	HOPKINS	HAY	74,778
20	053	KS	ELLSWORTH	HAY	12,405
29	033	MO	CARROLL	HAY	657
12	065	FL	JEFFERSON	HAY	96
40	127	OK	PUSHMATAHA	HAY	260
31	123	NE	MORRILL	HAY	26,507
48	309	TX	MCLENNAN	HAY	525
55	105	WI	ROCK	HAY	10,757
18	155	IN	SWITZERLAND	HAY	45
22	121	LA	WEST BATON ROUGE	HAY	732
16	027	ID	CANYON	HAY	9,727
37	065	NC	EDGECOMBE	HAY	(D)
42	073	PA	LAWRENCE	HAY	6,227
48	013	TX	ATASCOSA	SOD	(D)
56	041	WY	UINTA	HAY	37,928
45	029	SC	COLLETON	HAY	(D)
39	079	OH	JACKSON	HAY	30
39	091	OH	LOGAN	HAY	5,898
55	073	WI	MARATHON	HAY	16,533
19	115	IA	LOUISA	HAY	1,851
47	099	TN	LAWRENCE	HAY	821
54	007	WV	BRAXTON	HAY	1,126
48	475	TX	WARD	HAY	60
48	099	TX	CORYELL	HAY	24,242
21	163	KY	MEADE	HAY	10,723
48	315	TX	MARION	HAY	12,095
13	109	GA	EVANS	HAY	1,391
55	053	WI	JACKSON	HAY	16,002
41	063	OR	WALLOWA	GRASSES & LEGUMES TOTALS	(D)
39	047	OH	FAYETTE	HAY	(D)
48	173	TX	GLASSCOCK	HAY	(D)
06	073	CA	SAN DIEGO	HAY	318
47	181	TN	WAYNE	HAY	18,875
17	111	IL	MCHENRY	HAY	78
48	315	TX	MARION	HAY	(D)
01	065	AL	HALE	HAY	140
48	249	TX	JIM WELLS	HAY	770
01	061	AL	GENEVA	HAY	95
21	137	KY	LINCOLN	HAY	27,296
36	063	NY	NIAGARA	HAY	9,173
35	037	NM	QUAY	HAY	718
05	105	AR	PERRY	HAY	11,898
48	479	TX	WEBB	GRASSES & LEGUMES TOTALS	(D)
29	101	MO	JOHNSON	HAY	63,049
21	127	KY	LAWRENCE	HAY	(D)
35	011	NM	DE BACA	HAY	3,395
45	023	SC	CHESTER	HAY	8,233
30	099	MT	TETON	GRASSES & LEGUMES TOTALS	(D)
45	051	SC	HORRY	SOD	3,901
21	071	KY	FLOYD	HAY	449
28	127	MS	SIMPSON	HAY	25
49	031	UT	PIUTE	GRASSES & LEGUMES TOTALS	(D)
54	095	WV	TYLER	HAY	6,445
30	089	MT	SANDERS	HAY	19,701
37	183	NC	WAKE	HAY	5,728
53	015	WA	COWLITZ	GRASSES & LEGUMES TOTALS	3,918
16	013	ID	BLAINE	HAY	33,151
39	003	OH	ALLEN	HAY	1,438
40	119	OK	PAYNE	HAY	30,449
21	001	KY	ADAIR	HAY	51
38	105	ND	WILLIAMS	HAY	690
42	085	PA	MERCER	HAY	14,361
47	027	TN	CLAY	HAY	239
06	047	CA	MERCED	HAY	80,298
45	053	SC	JASPER	HAY	166
31	051	NE	DIXON	HAY	6,769
15	007	HI	KAUAI	HAY	(D)
35	043	NM	SANDOVAL	HAY	(D)
31	033	NE	CHEYENNE	HAY	6,752
45	087	SC	UNION	HAY	6,379
55	001	WI	ADAMS	HAY	460
47	027	TN	CLAY	HAY	11,955
29	167	MO	POLK	HAY	(D)
08	085	CO	MONTROSE	HAY	17,391
30	047	MT	LAKE	HAY	35,195
13	249	GA	SCHLEY	HAY	(D)
21	019	KY	BOYD	HAY	(D)
51	021	VA	BLAND	HAY	746
51	183	VA	SUSSEX	HAY	741
48	215	TX	HIDALGO	HAY	6,521
46	009	SD	BON HOMME	HAY	14,192
32	003	NV	CLARK	HAY	(D)
37	049	NC	CRAVEN	HAY	2,557
21	037	KY	CAMPBELL	HAY	6,764
36	009	NY	CATTARAUGUS	GRASSES & LEGUMES TOTALS	(D)
01	007	AL	BIBB	HAY	(D)
54	093	WV	TUCKER	HAY	(D)
17	089	IL	KANE	HAY	1,503
38	103	ND	WELLS	HAY	13,938
48	025	TX	BEE	HAY	8,861
31	117	NE	MCPHERSON	HAY	4,581
30	093	MT	SILVER BOW	HAY	3,364
08	113	CO	SAN MIGUEL	HAY	1,119
36	037	NY	GENESEE	HAY	3,147
41	045	OR	MALHEUR	HAY	50,599
38	047	ND	LOGAN	HAY	17,160
56	003	WY	BIG HORN	GRASSES & LEGUMES TOTALS	(D)
04	027	AZ	YUMA	HAY	23,496
21	113	KY	JESSAMINE	HAY	28
12	065	FL	JEFFERSON	HAY	96
30	077	MT	POWELL	HAY	18,740
05	141	AR	VAN BUREN	HAY	170
39	129	OH	PICKAWAY	HAY	2,332
31	037	NE	COLFAX	HAY	1,238
37	185	NC	WARREN	HAY	(D)
20	135	KS	NESS	HAY	6,320
20	011	KS	BOURBON	HAY	1,583
18	147	IN	SPENCER	HAY	7,728
28	065	MS	JEFFERSON DAVIS	HAY	66
05	063	AR	INDEPENDENCE	HAY	(D)
50	027	VT	WINDSOR	HAY	1,033
37	047	NC	COLUMBUS	HAY	2,214
21	157	KY	MARSHALL	HAY	8,806
18	057	IN	HAMILTON	HAY	1,264
32	003	NV	CLARK	HAY	597
12	081	FL	MANATEE	HAY	(D)
26	075	MI	JACKSON	HAY	(D)
51	191	VA	WASHINGTON	HAY	27,569
17	053	IL	FORD	HAY	938
48	367	TX	PARKER	GRASSES & LEGUMES TOTALS	(D)
20	085	KS	JACKSON	HAY	(D)
53	061	WA	SNOHOMISH	SOD	(D)
17	171	IL	SCOTT	HAY	(D)
40	119	OK	PAYNE	HAY	1,610
16	023	ID	BUTTE	HAY	41,728
39	161	OH	VAN WERT	HAY	(D)
48	161	TX	FREESTONE	HAY	27,244
45	087	SC	UNION	HAY	(D)
13	289	GA	TWIGGS	HAY	(D)
16	061	ID	LEWIS	HAY	(D)
37	163	NC	SAMPSON	HAY	16,710
41	041	OR	LINCOLN	HAY	(D)
54	057	WV	MINERAL	HAY	12,830
39	009	OH	ATHENS	HAY	13,055
48	487	TX	WILBARGER	HAY	1,673
17	039	IL	DE WITT	HAY	387
17	089	IL	KANE	HAY	3,410
19	027	IA	CARROLL	HAY	123
46	125	SD	TURNER	HAY	13,248
30	007	MT	BROADWATER	HAY	24,019
36	115	NY	WASHINGTON	HAY	17,530
29	139	MO	MONTGOMERY	HAY	12,726
37	007	NC	ANSON	HAY	(D)
22	029	LA	CONCORDIA	HAY	(D)
31	125	NE	NANCE	HAY	6,363
55	073	WI	MARATHON	HAY	(D)
46	121	SD	TODD	HAY	1,493
39	051	OH	FULTON	SOD	3
53	013	WA	COLUMBIA	GRASSES & LEGUMES TOTALS	(D)
40	085	OK	LOVE	HAY	11,690
47	167	TN	TIPTON	HAY	60
37	179	NC	UNION	HAY	85
28	059	MS	JACKSON	HAY	1,945
29	199	MO	SCOTLAND	HAY	(D)
21	153	KY	MAGOFFIN	HAY	4,771
31	123	NE	MORRILL	HAY	24,504
30	071	MT	PHILLIPS	GRASSES & LEGUMES TOTALS	60
40	089	OK	MCCURTAIN	HAY	588
38	077	ND	RICHLAND	HAY	(D)
29	205	MO	SHELBY	HAY	48
47	125	TN	MONTGOMERY	HAY	(D)
13	189	GA	MCDUFFIE	SOD	(D)
29	163	MO	PIKE	HAY	18,904
21	017	KY	BOURBON	HAY	4,526
31	111	NE	LINCOLN	HAY	37,447
20	017	KS	CHASE	HAY	16,182
36	123	NY	YATES	HAY	27
16	037	ID	CUSTER	HAY	28,485
17	133	IL	MONROE	SOD	(D)
19	001	IA	ADAIR	HAY	2,839
01	073	AL	JEFFERSON	HAY	(D)
47	049	TN	FENTRESS	HAY	74
46	079	SD	LAKE	GRASSES & LEGUMES TOTALS	(D)
38	075	ND	RENVILLE	HAY	2,685
54	065	WV	MORGAN	HAY	5,529
06	057	CA	NEVADA	HAY	(D)
26	037	MI	CLINTON	HAY	12,092
30	035	MT	GLACIER	HAY	21,706
30	059	MT	MEAGHER	HAY	15,049
53	073	WA	WHATCOM	HAY	141
42	057	PA	FULTON	HAY	14,199
08	099	CO	PROWERS	HAY	64,685
09	013	CT	TOLLAND	HAY	585
45	023	SC	CHESTER	HAY	143
54	047	WV	MCDOWELL	HAY	109
55	015	WI	CALUMET	HAY	183
54	003	WV	BERKELEY	HAY	1,185
13	007	GA	BAKER	HAY	(D)
41	055	OR	SHERMAN	HAY	531
29	089	MO	HOWARD	HAY	386
23	031	ME	YORK	HAY	(D)
42	001	PA	ADAMS	HAY	(D)
06	081	CA	SAN MATEO	HAY	(D)
40	005	OK	ATOKA	HAY	82
29	009	MO	BARRY	HAY	47,948
45	025	SC	CHESTERFIELD	HAY	7,249
13	187	GA	LUMPKIN	HAY	5,208
30	063	MT	MISSOULA	HAY	14,416
08	021	CO	CONEJOS	HAY	(D)
01	043	AL	CULLMAN	GRASSES & LEGUMES TOTALS	3
28	013	MS	CALHOUN	SOD	122
35	006	NM	CIBOLA	GRASSES & LEGUMES TOTALS	(D)
18	023	IN	CLINTON	HAY	693
54	027	WV	HAMPSHIRE	HAY	25,926
41	031	OR	JEFFERSON	HAY	4,207
13	015	GA	BARTOW	SOD	1,374
41	011	OR	COOS	HAY	(D)
45	031	SC	DARLINGTON	HAY	25
46	027	SD	CLAY	HAY	6,578
41	035	OR	KLAMATH	HAY	52,278
13	139	GA	HALL	HAY	167
39	153	OH	SUMMIT	HAY	2,195
29	015	MO	BENTON	HAY	146
55	025	WI	DANE	HAY	304
08	015	CO	CHAFFEE	HAY	7,155
55	057	WI	JUNEAU	HAY	(D)
26	005	MI	ALLEGAN	HAY	250
48	109	TX	CULBERSON	HAY	(D)
48	031	TX	BLANCO	HAY	94
31	119	NE	MADISON	HAY	9,433
53	005	WA	BENTON	HAY	5,183
05	013	AR	CALHOUN	HAY	2,255
48	063	TX	CAMP	HAY	9,495
33	015	NH	ROCKINGHAM	HAY	2,431
17	137	IL	MORGAN	HAY	2,142
13	185	GA	LOWNDES	SOD	217
27	079	MN	LE SUEUR	HAY	(D)
13	281	GA	TOWNS	HAY	60
12	027	FL	DE SOTO	HAY	(D)
56	029	WY	PARK	GRASSES & LEGUMES TOTALS	(D)
37	069	NC	FRANKLIN	HAY	178
22	039	LA	EVANGELINE	HAY	6,842
54	107	WV	WOOD	HAY	1,407
20	019	KS	CHAUTAUQUA	HAY	11,852
46	031	SD	CORSON	HAY	(D)
22	077	LA	POINTE COUPEE	HAY	502
22	047	LA	IBERVILLE	HAY	2,047
53	053	WA	PIERCE	HAY	579
31	143	NE	POLK	HAY	4,311
48	501	TX	YOAKUM	HAY	(D)
38	047	ND	LOGAN	HAY	(D)
08	035	CO	DOUGLAS	HAY	3,164
45	079	SC	RICHLAND	HAY	(D)
12	085	FL	MARTIN	HAY	8,252
41	065	OR	WASCO	HAY	3,562
54	017	WV	DODDRIDGE	HAY	522
31	111	NE	LINCOLN	HAY	27,285
13	081	GA	CRISP	HAY	3,127
55	135	WI	WAUPACA	HAY	47
16	047	ID	GOODING	HAY	1,223
55	065	WI	LAFAYETTE	HAY	(D)
13	279	GA	TOOMBS	HAY	3,819
30	099	MT	TETON	HAY	21,175
29	155	MO	PEMISCOT	HAY	(D)
18	033	IN	DE KALB	HAY	4,593
47	011	TN	BRADLEY	HAY	13,951
13	219	GA	OCONEE	HAY	(D)
23	011	ME	KENNEBEC	HAY	1,686
32	510	NV	CARSON CITY	HAY	(D)
47	187	TN	WILLIAMSON	HAY	613
29	133	MO	MISSISSIPPI	HAY	(D)
38	023	ND	DIVIDE	HAY	1,643
26	141	MI	PRESQUE ISLE	HAY	7,495
06	077	CA	SAN JOAQUIN	HAY	13,551
21	019	KY	BOYD	HAY	2,284
48	015	TX	AUSTIN	HAY	30,027
21	099	KY	HART	GRASSES & LEGUMES TOTALS	(D)
23	005	ME	CUMBERLAND	HAY	7,250
36	009	NY	CATTARAUGUS	HAY	342
54	077	WV	PRESTON	HAY	3,052
17	179	IL	TAZEWELL	HAY	133
38	055	ND	MCLEAN	HAY	429
42	081	PA	LYCOMING	HAY	17,680
28	083	MS	LEFLORE	HAY	763
49	047	UT	UINTAH	HAY	32,192
40	107	OK	OKFUSKEE	HAY	512
48	251	TX	JOHNSON	HAY	420
25	027	MA	WORCESTER	HAY	14,750
28	157	MS	WILKINSON	HAY	(D)
31	085	NE	HAYES	HAY	10,190
51	067	VA	FRANKLIN	HAY	1,463
19	083	IA	HARDIN	HAY	4,597
13	219	GA	OCONEE	HAY	(D)
51	037	VA	CHARLOTTE	HAY	14,048
19	157	IA	POWESHIEK	HAY	(D)
48	375	TX	POTTER	HAY	(D)
21	049	KY	CLARK	HAY	1,421
21	077	KY	GALLATIN	HAY	3,647
06	051	CA	MONO	HAY	(D)
20	203	KS	WICHITA	HAY	(D)
17	023	IL	CLARK	HAY	2,742
48	371	TX	PECOS	HAY	4,959
54	079	WV	PUTNAM	HAY	20
13	071	GA	COLQUITT	HAY	(D)
18	157	IN	TIPPECANOE	HAY	(D)
47	179	TN	WASHINGTON	HAY	32,896
18	029	IN	DEARBORN	HAY	5,589
08	057	CO	JACKSON	HAY	15,568
48	373	TX	POLK	HAY	10,380
48	095	TX	CONCHO	HAY	2,392
36	065	NY	ONEIDA	HAY	162
06	103	CA	TEHAMA	HAY	4,074
18	177	IN	WAYNE	HAY	1,871
27	153	MN	TODD	HAY	230
01	011	AL	BULLOCK	HAY	(D)
20	149	KS	POTTAWATOMIE	HAY	36,096
37	069	NC	FRANKLIN	HAY	9,276
56	001	WY	ALBANY	HAY	47,514
36	075	NY	OSWEGO	HAY	7,309
36	033	NY	FRANKLIN	HAY	8,096
39	139	OH	RICHLAND	HAY	42
40	083	OK	LOGAN	GRASSES & LEGUMES TOTALS	129
45	007	SC	ANDERSON	HAY	129
20	051	KS	ELLIS	HAY	17,186
53	025	WA	GRANT	GRASSES & LEGUMES TOTALS	(D)
21	211	KY	SHELBY	HAY	23,329
24	041	MD	TALBOT	HAY	812
31	131	NE	OTOE	HAY	7,902
42	113	PA	SULLIVAN	HAY	(D)
18	071	IN	JACKSON	HAY	220
17	073	IL	HENRY	HAY	990
19	051	IA	DAVIS	HAY	11,593
48	137	TX	EDWARDS	HAY	420
45	081	SC	SALUDA	GRASSES & LEGUMES TOTALS	(D)
42	071	PA	LANCASTER	HAY	223
05	029	AR	CONWAY	HAY	3,846
39	153	OH	SUMMIT	HAY	(D)
05	005	AR	BAXTER	HAY	(D)
48	055	TX	CALDWELL	HAY	14,910
38	035	ND	GRAND FORKS	HAY	3,179
53	063	WA	SPOKANE	HAY	31,435
53	021	WA	FRANKLIN	GRASSES & LEGUMES TOTALS	5,290
30	003	MT	BIG HORN	HAY	4,830
29	185	MO	ST CLAIR	HAY	36,810
45	047	SC	GREENWOOD	HAY	6,389
23	007	ME	FRANKLIN	HAY	4,109
13	225	GA	PEACH	HAY	833
20	037	KS	CRAWFORD	HAY	1,393
05	081	AR	LITTLE RIVER	HAY	23,384
46	017	SD	BUFFALO	HAY	15,064
29	083	MO	HENRY	HAY	1,781
21	111	KY	JEFFERSON	HAY	2,530
30	029	MT	FLATHEAD	HAY	7,352
13	061	GA	CLAY	HAY	(D)
28	063	MS	JEFFERSON	HAY	3,203
20	175	KS	SEWARD	HAY	7,760
48	465	TX	VAL VERDE	HAY	1,534
22	009	LA	AVOYELLES	HAY	14,778
46	079	SD	LAKE	HAY	(D)
48	047	TX	BROOKS	HAY	101
31	113	NE	LOGAN	HAY	4,227
17	055	IL	FRANKLIN	HAY	286
55	021	WI	COLUMBIA	HAY	15,418
13	117	GA	FORSYTH	HAY	2,805
21	163	KY	MEADE	SOD	(D)
53	019	WA	FERRY	HAY	946
31	105	NE	KIMBALL	HAY	8,356
19	195	IA	WORTH	HAY	(D)
26	117	MI	MONTCALM	HAY	13,235
41	057	OR	TILLAMOOK	HAY	(D)
50	003	VT	BENNINGTON	HAY	(D)
06	019	CA	FRESNO	HAY	38,408
16	047	ID	GOODING	HAY	27,531
18	053	IN	GRANT	HAY	586
12	055	FL	HIGHLANDS	HAY	(D)
16	049	ID	IDAHO	HAY	199
12	085	FL	MARTIN	HAY	(D)
37	141	NC	PENDER	HAY	(D)
40	125	OK	POTTAWATOMIE	SOD	(D)
08	121	CO	WASHINGTON	HAY	1,505
29	183	MO	ST CHARLES	HAY	69
23	013	ME	KNOX	HAY	2,504
48	429	TX	STEPHENS	HAY	2,950
19	081	IA	HANCOCK	HAY	(D)
18	073	IN	JASPER	HAY	784
54	057	WV	MINERAL	HAY	(D)
13	103	GA	EFFINGHAM	HAY	(D)
47	125	TN	MONTGOMERY	HAY	346
39	027	OH	CLINTON	HAY	2,637
01	097	AL	MOBILE	HAY	104
55	037	WI	FLORENCE	HAY	4,210
29	107	MO	LAFAYETTE	HAY	22
36	053	NY	MADISON	HAY	32,632
16	051	ID	JEFFERSON	HAY	4,011
48	017	TX	BAILEY	HAY	185
12	033	FL	ESCAMBIA	HAY	3,242
49	013	UT	DUCHESNE	HAY	8,732
50	027	VT	WINDSOR	HAY	(D)
04	007	AZ	GILA	HAY	269
12	075	FL	LEVY	HAY	2,541
28	073	MS	LAMAR	HAY	50
35	019	NM	GUADALUPE	HAY	(D)
17	143	IL	PEORIA	HAY	760
08	085	CO	MONTROSE	HAY	11,137
41	037	OR	LAKE	HAY	(D)
16	033	ID	CLARK	HAY	36,296
37	149	NC	POLK	HAY	5,012
40	037	OK	CREEK	HAY	1,202
17	163	IL	ST CLAIR	HAY	110
13	171	GA	LAMAR	HAY	(D)
35	061	NM	VALENCIA	HAY	6,697
20	149	KS	POTTAWATOMIE	HAY	390
06	031	CA	KINGS	HAY	22,918
48	425	TX	SOMERVELL	HAY	1,277
29	017	MO	BOLLINGER	HAY	24,400
30	095	MT	STILLWATER	HAY	8,550
48	139	TX	ELLIS	HAY	284
01	069	AL	HOUSTON	HAY	(D)
53	005	WA	BENTON	HAY	8,399
55	043	WI	GRANT	HAY	45,352
19	019	IA	BUCHANAN	HAY	4,953
26	063	MI	HURON	HAY	1,181
13	153	GA	HOUSTON	HAY	305
30	103	MT	TREASURE	HAY	424
37	169	NC	STOKES	SOD	(D)
48	465	TX	VAL VERDE	HAY	(D)
36	089	NY	ST LAWRENCE	HAY	47,443
01	021	AL	CHILTON	HAY	46
20	067	KS	GRANT	HAY	1,425
21	001	KY	ADAIR	HAY	(D)
08	117	CO	SUMMIT	HAY	(D)
56	005	WY	CAMPBELL	HAY	38,324
34	029	NJ	OCEAN	HAY	(D)
48	093	TX	COMANCHE	HAY	342
41	067	OR	WASHINGTON	HAY	1,078
21	195	KY	PIKE	HAY	2,109
26	155	MI	SHIAWASSEE	SOD	(D)
47	071	TN	HARDIN	SOD	554
35	037	NM	QUAY	HAY	10,304
40	015	OK	CADDO	SOD	2,634
31	119	NE	MADISON	HAY	(D)
08	037	CO	EAGLE	HAY	11,745
05	019	AR	CLARK	HAY	(D)
26	053	MI	GOGEBIC	HAY	193
39	003	OH	ALLEN	HAY	61
12	033	FL	ESCAMBIA	GRASSES & LEGUMES TOTALS	(D)
31	157	NE	SCOTTS BLUFF	HAY	6,314
32	003	NV	CLARK	HAY	597
08	109	CO	SAGUACHE	HAY	(D)
21	107	KY	HOPKINS	SOD	(D)
05	099	AR	NEVADA	HAY	22,486
17	111	IL	MCHENRY	HAY	2,398
51	023	VA	BOTETOURT	HAY	14,355
45	011	SC	BARNWELL	HAY	235
48	333	TX	MILLS	HAY	70
40	001	OK	ADAIR	HAY	406
29	087	MO	HOLT	HAY	1,869
29	087	MO	HOLT	HAY	427
31	057	NE	DUNDY	HAY	16,230
55	077	WI	MARQUETTE	HAY	461
17	151	IL	POPE	HAY	7,401
06	013	CA	CONTRA COSTA	HAY	(D)
17	083	IL	JERSEY	HAY	1,334
01	013	AL	BUTLER	HAY	(D)
50	021	VT	RUTLAND	HAY	3,135
48	097	TX	COOKE	HAY	1,089
26	127	MI	OCEANA	HAY	5,667
30	075	MT	POWDER RIVER	HAY	21,830
53	063	WA	SPOKANE	GRASSES & LEGUMES TOTALS	17,151
38	067	ND	PEMBINA	HAY	2,242
51	101	VA	KING WILLIAM	HAY	1,529
26	043	MI	DICKINSON	HAY	845
21	079	KY	GARRARD	HAY	(D)
48	133	TX	EASTLAND	HAY	23,844
48	421	TX	SHERMAN	HAY	7,336
30	083	MT	RICHLAND	HAY	21,546
08	043	CO	FREMONT	HAY	2,954
05	113	AR	POLK	HAY	425
16	029	ID	CARIBOU	GRASSES & LEGUMES TOTALS	(D)
31	121	NE	MERRICK	HAY	4,712
42	117	PA	TIOGA	HAY	200
40	153	OK	WOODWARD	SOD	(D)
48	221	TX	HOOD	SOD	1,350
46	005	SD	BEADLE	HAY	1,651
35	003	NM	CATRON	HAY	564
19	177	IA	VAN BUREN	HAY	9,024
12	091	FL	OKALOOSA	HAY	2,670
48	223	TX	HOPKINS	HAY	(D)
17	107	IL	LOGAN	HAY	30
31	019	NE	BUFFALO	GRASSES & LEGUMES TOTALS	(D)
29	007	MO	AUDRAIN	HAY	14,680
13	055	GA	CHATTOOGA	HAY	(D)
35	001	NM	BERNALILLO	GRASSES & LEGUMES TOTALS	78
56	011	WY	CROOK	HAY	30,264
46	107	SD	POTTER	HAY	(D)
27	003	MN	ANOKA	HAY	(D)
34	001	NJ	ATLANTIC	SOD	(D)
46	087	SD	MCCOOK	HAY	3,295
27	105	MN	NOBLES	HAY	3,662
40	107	OK	OKFUSKEE	HAY	(D)
06	109	CA	TUOLUMNE	HAY	(D)
48	317	TX	MARTIN	HAY	11,906
54	093	WV	TUCKER	HAY	(D)
01	121	AL	TALLADEGA	HAY	(D)
48	043	TX	BREWSTER	HAY	4,054
01	025	AL	CLARKE	HAY	3,287
22	021	LA	CALDWELL	HAY	82
28	155	MS	WEBSTER	HAY	2,866
39	153	OH	SUMMIT	HAY	1,599
37	155	NC	ROBESON	HAY	(D)
49	045	UT	TOOELE	GRASSES & LEGUMES TOTALS	(D)
26	085	MI	LAKE	HAY	4,209
21	159	KY	MARTIN	HAY	(D)
39	067	OH	HARRISON	HAY	5,378
38	079	ND	ROLETTE	HAY	8,147
22	025	LA	CATAHOULA	HAY	2,913
28	009	MS	BENTON	HAY	3,349
22	015	LA	BOSSIER	HAY	650
18	059	IN	HANCOCK	HAY	2,472
55	019	WI	CLARK	HAY	17,248
47	107	TN	MCMINN	HAY	29,175
26	127	MI	OCEANA	HAY	1,718
51	081	VA	GREENSVILLE	HAY	456
37	119	NC	MECKLENBURG	HAY	67
48	401	TX	RUSK	HAY	26,572
48	137	TX	EDWARDS	HAY	(D)
56	045	WY	WESTON	HAY	27,335
39	167	OH	WASHINGTON	HAY	20,373
48	469	TX	VICTORIA	SOD	(D)
37	057	NC	DAVIDSON	HAY	134
37	007	NC	ANSON	HAY	(D)
21	117	KY	KENTON	HAY	(D)
42	035	PA	CLINTON	HAY	2,074
01	027	AL	CLAY	HAY	12,739
55	061	WI	KEWAUNEE	HAY	13,368
30	105	MT	VALLEY	HAY	14,213
21	013	KY	BELL	SOD	(D)
17	105	IL	LIVINGSTON	HAY	853
12	061	FL	INDIAN RIVER	HAY	12
48	237	TX	JACK	HAY	9,186
13	113	GA	FAYETTE	HAY	779
55	127	WI	WALWORTH	HAY	860
32	031	NV	WASHOE	HAY	1,392
51	155	VA	PULASKI	HAY	15,868
19	071	IA	FREMONT	HAY	1,714
34	009	NJ	CAPE MAY	HAY	575
08	093	CO	PARK	HAY	(D)
29	015	MO	BENTON	HAY	68
39	107	OH	MERCER	HAY	7,420
13	219	GA	OCONEE	HAY	34
08	081	CO	MOFFAT	HAY	11,107
42	011	PA	BERKS	HAY	21
55	131	WI	WASHINGTON	HAY	10,331
29	063	MO	DE KALB	HAY	22,202
30	017	MT	CUSTER	HAY	51,649
26	029	MI	CHARLEVOIX	HAY	4,903
21	235	KY	WHITLEY	HAY	11,444
12	091	FL	OKALOOSA	HAY	2,761
48	303	TX	LUBBOCK	HAY	9,729
16	075	ID	PAYETTE	HAY	19,585
17	029	IL	COLES	HAY	996
27	009	MN	BENTON	HAY	(D)
37	057	NC	DAVIDSON	SOD	(D)
18	017	IN	CASS	SOD	(D)
49	009	UT	DAGGETT	HAY	3,818
01	013	AL	BUTLER	HAY	7,863
20	011	KS	BOURBON	GRASSES & LEGUMES TOTALS	220
49	051	UT	WASATCH	GRASSES & LEGUMES TOTALS	(D)
20	051	KS	ELLIS	HAY	199
39	041	OH	DELAWARE	HAY	1,388
40	091	OK	MCINTOSH	HAY	32,796
45	021	SC	CHEROKEE	HAY	7,472
37	171	NC	SURRY	HAY	15,589
26	133	MI	OSCEOLA	HAY	23,644
08	081	CO	MOFFAT	HAY	5,520
34	037	NJ	SUSSEX	GRASSES & LEGUMES TOTALS	(D)
41	039	OR	LANE	HAY	30,445
34	013	NJ	ESSEX	HAY	(D)
27	113	MN	PENNINGTON	GRASSES & LEGUMES TOTALS	2,721
06	101	CA	SUTTER	HAY	3,909
41	019	OR	DOUGLAS	GRASSES & LEGUMES TOTALS	(D)
49	015	UT	EMERY	HAY	17,079
48	455	TX	TRINITY	HAY	6,087
31	111	NE	LINCOLN	HAY	5,837
21	237	KY	WOLFE	HAY	5,036
46	051	SD	GRANT	HAY	(D)
24	037	MD	ST MARYS	HAY	3,960
48	339	TX	MONTGOMERY	HAY	9,429
06	105	CA	TRINITY	HAY	(D)
24	045	MD	WICOMICO	HAY	(D)
27	149	MN	STEVENS	HAY	(D)
37	059	NC	DAVIE	HAY	166
37	179	NC	UNION	HAY	10,236
22	103	LA	SAINT TAMMANY	HAY	13
22	057	LA	LAFOURCHE	HAY	134
38	011	ND	BOWMAN	HAY	32,040
54	011	WV	CABELL	HAY	43
13	235	GA	PULASKI	HAY	842
26	149	MI	ST JOSEPH	HAY	1,587
08	125	CO	YUMA	HAY	5,908
13	259	GA	STEWART	HAY	729
40	055	OK	GREER	HAY	8,719
31	097	NE	JOHNSON	HAY	6,952
05	135	AR	SHARP	HAY	(D)
16	061	ID	LEWIS	HAY	4,360
21	231	KY	WAYNE	HAY	49
13	297	GA	WALTON	HAY	41
48	355	TX	NUECES	HAY	(D)
06	095	CA	SOLANO	SOD	(D)
40	035	OK	CRAIG	HAY	1,049
01	111	AL	RANDOLPH	HAY	(D)
48	143	TX	ERATH	HAY	48,303
48	113	TX	DALLAS	HAY	13,674
29	151	MO	OSAGE	HAY	(D)
19	075	IA	GRUNDY	HAY	299
28	039	MS	GEORGE	HAY	4,388
56	027	WY	NIOBRARA	HAY	926
53	033	WA	KING	SOD	720
22	127	LA	WINN	HAY	1,410
55	029	WI	DOOR	HAY	9,874
31	113	NE	LOGAN	HAY	5,007
20	139	KS	OSAGE	HAY	32,185
47	127	TN	MOORE	HAY	(D)
31	035	NE	CLAY	HAY	5,137
08	023	CO	COSTILLA	HAY	5,369
31	115	NE	LOUP	HAY	9,374
31	003	NE	ANTELOPE	HAY	10,195
40	029	OK	COAL	HAY	28,384
29	145	MO	NEWTON	HAY	47,659
13	301	GA	WARREN	HAY	(D)
17	077	IL	JACKSON	SOD	(D)
31	055	NE	DOUGLAS	HAY	28
48	067	TX	CASS	HAY	16,999
37	191	NC	WAYNE	HAY	4,665
54	105	WV	WIRT	HAY	(D)
47	067	TN	HANCOCK	HAY	58
47	189	TN	WILSON	HAY	494
35	003	NM	CATRON	HAY	213
48	087	TX	COLLINGSWORTH	HAY	490
47	165	TN	SUMNER	HAY	495
21	073	KY	FRANKLIN	HAY	12,898
20	009	KS	BARTON	HAY	4,800
06	011	CA	COLUSA	HAY	(D)
08	037	CO	EAGLE	HAY	11,780
12	009	FL	BREVARD	HAY	1,546
17	103	IL	LEE	HAY	(D)
01	053	AL	ESCAMBIA	HAY	5,500
47	059	TN	GREENE	HAY	286
32	019	NV	LYON	HAY	4,416
48	493	TX	WILSON	HAY	310
16	039	ID	ELMORE	HAY	4,895
21	125	KY	LAUREL	HAY	2,260
19	133	IA	MONONA	HAY	4,320
31	183	NE	WHEELER	HAY	31,404
26	035	MI	CLARE	HAY	8,886
53	049	WA	PACIFIC	HAY	78
53	001	WA	ADAMS	HAY	9,888
53	065	WA	STEVENS	HAY	32,034
06	011	CA	COLUSA	HAY	(D)
19	195	IA	WORTH	HAY	2,466
31	139	NE	PIERCE	HAY	2,437
48	449	TX	TITUS	HAY	92
22	009	LA	AVOYELLES	HAY	14,778
19	065	IA	FAYETTE	HAY	1,616
37	021	NC	BUNCOMBE	HAY	50
39	137	OH	PUTNAM	HAY	6,091
53	053	WA	PIERCE	HAY	(D)
36	091	NY	SARATOGA	SOD	(D)
30	001	MT	BEAVERHEAD	HAY	87,308
54	037	WV	JEFFERSON	HAY	(D)
26	123	MI	NEWAYGO	HAY	4,078
36	115	NY	WASHINGTON	HAY	(D)
17	037	IL	DE KALB	HAY	2,766
31	171	NE	THOMAS	HAY	1,918
16	073	ID	OWYHEE	HAY	46,550
17	011	IL	BUREAU	HAY	(D)
12	113	FL	SANTA ROSA	HAY	(D)
55	055	WI	JEFFERSON	HAY	26
27	139	MN	SCOTT	HAY	5,392
13	249	GA	SCHLEY	HAY	1,652
36	037	NY	GENESEE	HAY	12,448
04	025	AZ	YAVAPAI	HAY	851
37	143	NC	PERQUIMANS	HAY	1,445
34	033	NJ	SALEM	HAY	7,640
49	005	UT	CACHE	SOD	(D)
19	049	IA	DALLAS	HAY	8
19	087	IA	HENRY	HAY	1,661
20	041	KS	DICKINSON	HAY	32,070
29	035	MO	CARTER	HAY	5,029
21	207	KY	RUSSELL	SOD	(D)
20	035	KS	COWLEY	HAY	5,719
51	063	VA	FLOYD	HAY	18,537
55	043	WI	GRANT	HAY	(D)
31	173	NE	THURSTON	HAY	2,979
32	017	NV	LINCOLN	HAY	4,591
56	003	WY	BIG HORN	HAY	5,912
49	047	UT	UINTAH	HAY	(D)
27	155	MN	TRAVERSE	HAY	3,936
31	091	NE	HOOKER	HAY	1,750
26	153	MI	SCHOOLCRAFT	HAY	2,291
48	145	TX	FALLS	GRASSES & LEGUMES TOTALS	80
48	049	TX	BROWN	HAY	182
16	013	ID	BLAINE	HAY	4,473
37	117	NC	MARTIN	HAY	278
46	011	SD	BROOKINGS	HAY	(D)
46	055	SD	HAAKON	HAY	(D)
37	197	NC	YADKIN	HAY	62
47	131	TN	OBION	HAY	5,751
28	079	MS	LEAKE	HAY	10,295
27	127	MN	REDWOOD	HAY	2,192
26	113	MI	MISSAUKEE	HAY	1,988
49	041	UT	SEVIER	GRASSES & LEGUMES TOTALS	(D)
48	401	TX	RUSK	HAY	550
13	033	GA	BURKE	GRASSES & LEGUMES TOTALS	(D)
39	097	OH	MADISON	HAY	(D)
48	105	TX	CROCKETT	HAY	912
49	001	UT	BEAVER	HAY	17,659
53	007	WA	CHELAN	HAY	346
20	033	KS	COMANCHE	HAY	1,344
19	015	IA	BOONE	HAY	1,524
45	001	SC	ABBEVILLE	HAY	11,364
42	039	PA	CRAWFORD	HAY	20,167
05	035	AR	CRITTENDEN	HAY	2,189
21	063	KY	ELLIOTT	HAY	(D)
16	069	ID	NEZ PERCE	HAY	149
27	049	MN	GOODHUE	HAY	2,238
48	221	TX	HOOD	HAY	119
18	063	IN	HENDRICKS	HAY	1,491
35	055	NM	TAOS	HAY	4,862
21	143	KY	LYON	HAY	3,666
45	027	SC	CLARENDON	HAY	(D)
18	043	IN	FLOYD	HAY	(D)
42	049	PA	ERIE	HAY	13,203
27	077	MN	LAKE OF THE WOODS	GRASSES & LEGUMES TOTALS	4,792
46	102	SD	OGLALA LAKOTA	HAY	(D)
01	019	AL	CHEROKEE	HAY	(D)
39	097	OH	MADISON	HAY	4,616
55	027	WI	DODGE	HAY	19,460
24	013	MD	CARROLL	HAY	3,023
20	131	KS	NEMAHA	HAY	5,455
01	119	AL	SUMTER	HAY	10,494
48	493	TX	WILSON	HAY	34,066
20	139	KS	OSAGE	HAY	3,098
40	073	OK	KINGFISHER	HAY	40,716
17	139	IL	MOULTRIE	HAY	566
34	027	NJ	MORRIS	HAY	2,133
21	039	KY	CARLISLE	HAY	(D)
27	041	MN	DOUGLAS	HAY	2,289
13	253	GA	SEMINOLE	HAY	1,735
48	245	TX	JEFFERSON	HAY	(D)
49	005	UT	CACHE	HAY	55,058
39	049	OH	FRANKLIN	SOD	(D)
39	041	OH	DELAWARE	HAY	(D)
22	011	LA	BEAUREGARD	HAY	294
40	053	OK	GRANT	HAY	28,597
21	099	KY	HART	HAY	116
48	469	TX	VICTORIA	HAY	234
13	265	GA	TALIAFERRO	HAY	1,141
19	185	IA	WAYNE	HAY	9,279
19	033	IA	CERRO GORDO	HAY	2,005
49	001	UT	BEAVER	HAY	2,877
18	177	IN	WAYNE	HAY	(D)
18	007	IN	BENTON	HAY	338
17	145	IL	PERRY	GRASSES & LEGUMES TOTALS	(D)
29	145	MO	NEWTON	GRASSES & LEGUMES TOTALS	223
20	035	KS	COWLEY	HAY	19,293
29	009	MO	BARRY	HAY	2,131
19	139	IA	MUSCATINE	HAY	5,978
48	061	TX	CAMERON	HAY	195
21	005	KY	ANDERSON	HAY	1,078
36	003	NY	ALLEGANY	HAY	21,048
20	063	KS	GOVE	HAY	292
46	107	SD	POTTER	HAY	(D)
13	031	GA	BULLOCH	HAY	(D)
05	009	AR	BOONE	HAY	30,328
48	325	TX	MEDINA	HAY	652
28	105	MS	OKTIBBEHA	HAY	11,503
46	047	SD	FALL RIVER	HAY	15,876
48	353	TX	NOLAN	HAY	4,767
41	063	OR	WALLOWA	HAY	23,174
31	031	NE	CHERRY	HAY	23,861
12	029	FL	DIXIE	HAY	(D)
48	193	TX	HAMILTON	HAY	856
01	115	AL	SAINT CLAIR	HAY	(D)
13	161	GA	JEFF DAVIS	HAY	125
12	129	FL	WAKULLA	HAY	(D)
29	059	MO	DALLAS	HAY	397
36	065	NY	ONEIDA	HAY	(D)
01	095	AL	MARSHALL	HAY	22,060
08	053	CO	HINSDALE	HAY	245
12	045	FL	GULF	HAY	(D)
31	013	NE	BOX BUTTE	HAY	10,593
41	023	OR	GRANT	HAY	26,924
12	049	FL	HARDEE	GRASSES & LEGUMES TOTALS	(D)
31	021	NE	BURT	HAY	3,141
05	099	AR	NEVADA	HAY	22,486
20	039	KS	DECATUR	HAY	2,652
41	049	OR	MORROW	GRASSES & LEGUMES TOTALS	8,213
49	037	UT	SAN JUAN	HAY	2,774
26	057	MI	GRATIOT	HAY	78
38	005	ND	BENSON	HAY	14,585
50	015	VT	LAMOILLE	HAY	1,740
35	057	NM	TORRANCE	HAY	3,981
48	457	TX	TYLER	HAY	4,889
42	091	PA	MONTGOMERY	HAY	960
39	171	OH	WILLIAMS	HAY	1,691
16	057	ID	LATAH	HAY	28,610
30	111	MT	YELLOWSTONE	HAY	6,186
39	095	OH	LUCAS	HAY	498
37	191	NC	WAYNE	HAY	131
13	231	GA	PIKE	HAY	(D)
28	007	MS	ATTALA	HAY	7,962
48	489	TX	WILLACY	HAY	1,635
47	087	TN	JACKSON	HAY	11,338
29	143	MO	NEW MADRID	HAY	(D)
42	051	PA	FAYETTE	HAY	226
21	169	KY	METCALFE	HAY	20
05	029	AR	CONWAY	HAY	31,238
12	003	FL	BAKER	SOD	2,250
48	035	TX	BOSQUE	HAY	901
21	167	KY	MERCER	HAY	4,435
27	099	MN	MOWER	HAY	3,540
40	071	OK	KAY	HAY	28,903
51	047	VA	CULPEPER	SOD	(D)
31	015	NE	BOYD	HAY	5,561
55	077	WI	MARQUETTE	HAY	46
48	323	TX	MAVERICK	HAY	4,771
45	085	SC	SUMTER	SOD	(D)
27	053	MN	HENNEPIN	HAY	4,396
22	007	LA	ASSUMPTION	HAY	(D)
49	041	UT	SEVIER	HAY	2,707
48	377	TX	PRESIDIO	HAY	531
21	051	KY	CLAY	HAY	4
39	065	OH	HARDIN	SOD	(D)
01	005	AL	BARBOUR	GRASSES & LEGUMES TOTALS	(D)
55	049	WI	IOWA	HAY	165
18	079	IN	JENNINGS	HAY	32
47	065	TN	HAMILTON	HAY	10,144
26	157	MI	TUSCOLA	HAY	(D)
17	113	IL	MCLEAN	HAY	3,727
39	155	OH	TRUMBULL	HAY	24
55	075	WI	MARINETTE	HAY	1,366
13	319	GA	WILKINSON	HAY	1,140
16	029	ID	CARIBOU	HAY	18,532
53	067	WA	THURSTON	HAY	1,290
47	093	TN	KNOX	HAY	12,287
39	093	OH	LORAIN	HAY	6,263
13	209	GA	MONTGOMERY	HAY	909
56	035	WY	SUBLETTE	HAY	(D)
46	025	SD	CLARK	HAY	455
05	015	AR	CARROLL	HAY	36,096
05	019	AR	CLARK	HAY	12,981
18	105	IN	MONROE	HAY	(D)
48	299	TX	LLANO	HAY	317
50	001	VT	ADDISON	HAY	32,982
55	063	WI	LA CROSSE	HAY	89
05	069	AR	JEFFERSON	GRASSES & LEGUMES TOTALS	(D)
19	165	IA	SHELBY	HAY	3,858
18	143	IN	SCOTT	HAY	890
47	027	TN	CLAY	HAY	63
17	071	IL	HENDERSON	HAY	1,358
41	013	OR	CROOK	GRASSES & LEGUMES TOTALS	137
27	121	MN	POPE	HAY	1,019
37	139	NC	PASQUOTANK	HAY	(D)
31	149	NE	ROCK	HAY	89,012
08	001	CO	ADAMS	GRASSES & LEGUMES TOTALS	(D)
39	019	OH	CARROLL	HAY	(D)
40	097	OK	MAYES	HAY	(D)
45	025	SC	CHESTERFIELD	HAY	131
20	029	KS	CLOUD	HAY	12,339
31	185	NE	YORK	HAY	2,297
20	109	KS	LOGAN	HAY	1,319
55	119	WI	TAYLOR	HAY	18,293
24	019	MD	DORCHESTER	HAY	(D)
36	063	NY	NIAGARA	HAY	185
36	001	NY	ALBANY	HAY	3,027
38	037	ND	GRANT	HAY	63,642
20	013	KS	BROWN	HAY	11,401
31	047	NE	DAWSON	HAY	3,049
38	045	ND	LA MOURE	HAY	18,758
12	085	FL	MARTIN	SOD	(D)
13	001	GA	APPLING	HAY	41
55	065	WI	LAFAYETTE	HAY	23,568
27	003	MN	ANOKA	HAY	22
55	129	WI	WASHBURN	HAY	(D)
20	125	KS	MONTGOMERY	HAY	25,950
48	139	TX	ELLIS	HAY	666
16	077	ID	POWER	HAY	1,342
13	283	GA	TREUTLEN	SOD	(D)
46	043	SD	DOUGLAS	HAY	4,250
36	105	NY	SULLIVAN	HAY	(D)
17	139	IL	MOULTRIE	HAY	(D)
29	031	MO	CAPE GIRARDEAU	HAY	24,269
31	173	NE	THURSTON	SOD	(D)
13	115	GA	FLOYD	HAY	49
46	095	SD	MELLETTE	HAY	(D)
41	017	OR	DESCHUTES	GRASSES & LEGUMES TOTALS	164
48	213	TX	HENDERSON	HAY	42,584
19	031	IA	CEDAR	HAY	5,645
28	095	MS	MONROE	HAY	(D)
53	029	WA	ISLAND	HAY	2,044
47	153	TN	SEQUATCHIE	HAY	(D)
05	113	AR	POLK	HAY	19,943
42	111	PA	SOMERSET	HAY	35,852
47	125	TN	MONTGOMERY	HAY	19,435
48	409	TX	SAN PATRICIO	SOD	468
24	005	MD	BALTIMORE	HAY	4,977
29	073	MO	GASCONADE	HAY	25,085
27	043	MN	FARIBAULT	HAY	(D)
54	027	WV	HAMPSHIRE	HAY	1,449
12	079	FL	MADISON	HAY	11,147
51	143	VA	PITTSYLVANIA	HAY	37,903
56	033	WY	SHERIDAN	HAY	19,913
48	189	TX	HALE	HAY	11,980
13	111	GA	FANNIN	HAY	1,872
18	057	IN	HAMILTON	HAY	556
28	107	MS	PANOLA	HAY	(D)
49	057	UT	WEBER	HAY	13,727
08	069	CO	LARIMER	HAY	11,608
26	107	MI	MECOSTA	HAY	270
42	065	PA	JEFFERSON	HAY	6,920
13	039	GA	CAMDEN	HAY	(D)
28	109	MS	PEARL RIVER	SOD	1,109
06	025	CA	IMPERIAL	HAY	153,798
46	135	SD	YANKTON	HAY	16,180
38	079	ND	ROLETTE	HAY	22,016
18	095	IN	MADISON	SOD	(D)
54	053	WV	MASON	HAY	16,479
27	139	MN	SCOTT	HAY	1,354
28	071	MS	LAFAYETTE	HAY	60
13	257	GA	STEPHENS	HAY	1,278
05	041	AR	DESHA	HAY	(D)
40	073	OK	KINGFISHER	HAY	(D)
36	055	NY	MONROE	GRASSES & LEGUMES TOTALS	(D)
56	029	WY	PARK	HAY	32,331
12	049	FL	HARDEE	HAY	(D)
21	089	KY	GREENUP	HAY	25
46	029	SD	CODINGTON	HAY	14,488
56	031	WY	PLATTE	SOD	(D)
30	013	MT	CASCADE	GRASSES & LEGUMES TOTALS	(D)
18	001	IN	ADAMS	HAY	6,856
31	057	NE	DUNDY	HAY	6,876
36	019	NY	CLINTON	HAY	11,349
40	011	OK	BLAINE	HAY	622
48	145	TX	FALLS	HAY	41,651
46	043	SD	DOUGLAS	HAY	7,542
18	019	IN	CLARK	SOD	(D)
37	047	NC	COLUMBUS	SOD	(D)
27	009	MN	BENTON	HAY	6,358
56	037	WY	SWEETWATER	HAY	15,464
49	039	UT	SANPETE	HAY	11,056
20	003	KS	ANDERSON	HAY	1,970
21	221	KY	TRIGG	HAY	32
47	121	TN	MEIGS	HAY	6,705
42	089	PA	MONROE	HAY	(D)
40	069	OK	JOHNSTON	HAY	(D)
31	183	NE	WHEELER	HAY	5,604
18	037	IN	DUBOIS	HAY	1,504
13	085	GA	DAWSON	HAY	(D)
20	193	KS	THOMAS	HAY	871
42	125	PA	WASHINGTON	HAY	44,011
13	105	GA	ELBERT	HAY	7,202
30	007	MT	BROADWATER	HAY	18,247
28	073	MS	LAMAR	HAY	50
48	351	TX	NEWTON	HAY	1,922
35	011	NM	DE BACA	HAY	(D)
49	017	UT	GARFIELD	HAY	1,952
36	121	NY	WYOMING	HAY	10
13	285	GA	TROUP	HAY	5,776
48	065	TX	CARSON	HAY	9,893
12	079	FL	MADISON	HAY	11,883
39	159	OH	UNION	SOD	(D)
55	073	WI	MARATHON	HAY	26,117
48	307	TX	MCCULLOCH	HAY	680
05	061	AR	HOWARD	HAY	120
05	115	AR	POPE	HAY	328
25	013	MA	HAMPDEN	HAY	724
13	245	GA	RICHMOND	HAY	(D)
17	021	IL	CHRISTIAN	HAY	2,355
45	009	SC	BAMBERG	HAY	(D)
01	069	AL	HOUSTON	HAY	125
21	137	KY	LINCOLN	HAY	23,112
47	047	TN	FAYETTE	HAY	15,421
51	550	VA	CHESAPEAKE CITY	HAY	855
38	039	ND	GRIGGS	HAY	(D)
30	043	MT	JEFFERSON	HAY	24,991
29	167	MO	POLK	HAY	63,275
51	187	VA	WARREN	HAY	524
06	043	CA	MARIPOSA	HAY	(D)
39	113	OH	MONTGOMERY	HAY	1,952
51	053	VA	DINWIDDIE	HAY	5,112
01	095	AL	MARSHALL	HAY	545
30	005	MT	BLAINE	HAY	27,484
47	167	TN	TIPTON	HAY	7,954
26	161	MI	WASHTENAW	HAY	13,319
48	425	TX	SOMERVELL	HAY	(D)
06	077	CA	SAN JOAQUIN	SOD	(D)
06	023	CA	HUMBOLDT	HAY	2,702
31	067	NE	GAGE	HAY	741
46	025	SD	CLARK	HAY	11,319
49	041	UT	SEVIER	HAY	14,649
08	025	CO	CROWLEY	HAY	2,303
48	371	TX	PECOS	HAY	(D)
28	099	MS	NESHOBA	HAY	15,531
48	041	TX	BRAZOS	HAY	242
19	109	IA	KOSSUTH	HAY	1,295
49	025	UT	KANE	HAY	1,679
04	005	AZ	COCONINO	HAY	(D)
45	079	SC	RICHLAND	HAY	2,754
54	067	WV	NICHOLAS	HAY	6,344
39	123	OH	OTTAWA	HAY	(D)
21	139	KY	LIVINGSTON	HAY	(D)
20	179	KS	SHERIDAN	HAY	1,941
54	085	WV	RITCHIE	HAY	(D)
13	319	GA	WILKINSON	HAY	(D)
48	417	TX	SHACKELFORD	HAY	(D)
13	051	GA	CHATHAM	HAY	(D)
26	075	MI	JACKSON	HAY	11,415
08	009	CO	BACA	HAY	13,052
42	071	PA	LANCASTER	HAY	385
40	077	OK	LATIMER	HAY	(D)
40	111	OK	OKMULGEE	HAY	60
19	067	IA	FLOYD	HAY	4,571
31	089	NE	HOLT	HAY	66,077
48	189	TX	HALE	HAY	504
20	145	KS	PAWNEE	HAY	2,482
06	029	CA	KERN	SOD	(D)
41	025	OR	HARNEY	GRASSES & LEGUMES TOTALS	(D)
20	147	KS	PHILLIPS	HAY	19,173
26	051	MI	GLADWIN	HAY	9,714
19	185	IA	WAYNE	HAY	13,681
05	021	AR	CLAY	HAY	(D)
06	067	CA	SACRAMENTO	GRASSES & LEGUMES TOTALS	(D)
27	145	MN	STEARNS	HAY	44,601
20	095	KS	KINGMAN	HAY	1,529
17	197	IL	WILL	HAY	67
12	051	FL	HENDRY	HAY	(D)
05	047	AR	FRANKLIN	HAY	37
32	005	NV	DOUGLAS	HAY	17,695
20	109	KS	LOGAN	HAY	5,878
29	021	MO	BUCHANAN	HAY	414
24	045	MD	WICOMICO	HAY	319
27	089	MN	MARSHALL	GRASSES & LEGUMES TOTALS	9,531
01	113	AL	RUSSELL	HAY	7,631
20	055	KS	FINNEY	HAY	48,814
47	177	TN	WARREN	HAY	(D)
49	055	UT	WAYNE	HAY	8,818
13	277	GA	TIFT	HAY	(D)
51	179	VA	STAFFORD	HAY	4
39	063	OH	HANCOCK	HAY	(D)
13	005	GA	BACON	HAY	(D)
40	129	OK	ROGER MILLS	HAY	590
49	035	UT	SALT LAKE	GRASSES & LEGUMES TOTALS	(D)
13	015	GA	BARTOW	HAY	(D)
06	065	CA	RIVERSIDE	SOD	4,477
13	017	GA	BEN HILL	HAY	(D)
39	151	OH	STARK	HAY	(D)
19	083	IA	HARDIN	HAY	5,467
06	015	CA	DEL NORTE	HAY	(D)
19	169	IA	STORY	HAY	(D)
20	161	KS	RILEY	HAY	(D)
37	043	NC	CLAY	HAY	(D)
38	011	ND	BOWMAN	HAY	(D)
39	133	OH	PORTAGE	HAY	3,113
48	471	TX	WALKER	HAY	17,254
13	095	GA	DOUGHERTY	HAY	(D)
20	035	KS	COWLEY	GRASSES & LEGUMES TOTALS	(D)
21	159	KY	MARTIN	HAY	(D)
30	049	MT	LEWIS AND CLARK	HAY	29,125
28	073	MS	LAMAR	HAY	6,123
48	321	TX	MATAGORDA	HAY	6,482
06	105	CA	TRINITY	HAY	140
38	069	ND	PIERCE	HAY	13,738
30	023	MT	DEER LODGE	HAY	4,544
06	031	CA	KINGS	GRASSES & LEGUMES TOTALS	176
48	115	TX	DAWSON	HAY	6,343
30	039	MT	GRANITE	HAY	(D)
35	061	NM	VALENCIA	HAY	1,734
29	125	MO	MARIES	HAY	190
49	035	UT	SALT LAKE	HAY	617
28	145	MS	UNION	HAY	11,382
22	111	LA	UNION	HAY	(D)
48	231	TX	HUNT	HAY	1,587
46	129	SD	WALWORTH	HAY	(D)
20	127	KS	MORRIS	HAY	19,600
38	065	ND	OLIVER	HAY	22,184
26	061	MI	HOUGHTON	HAY	(D)
48	237	TX	JACK	HAY	9,066
08	123	CO	WELD	GRASSES & LEGUMES TOTALS	967
20	073	KS	GREENWOOD	HAY	1,496
36	045	NY	JEFFERSON	HAY	108
49	045	UT	TOOELE	HAY	6,428
05	003	AR	ASHLEY	HAY	(D)
49	039	UT	SANPETE	HAY	38,646
31	079	NE	HALL	HAY	5,627
01	037	AL	COOSA	HAY	2,058
46	101	SD	MOODY	HAY	2,162
29	209	MO	STONE	HAY	13,183
20	033	KS	COMANCHE	HAY	5,055
39	089	OH	LICKING	HAY	211
26	141	MI	PRESQUE ISLE	HAY	8,909
13	301	GA	WARREN	HAY	1,996
05	053	AR	GRANT	HAY	12,958
38	085	ND	SIOUX	HAY	31,926
31	093	NE	HOWARD	HAY	13,304
16	079	ID	SHOSHONE	HAY	175
29	029	MO	CAMDEN	HAY	561
29	055	MO	CRAWFORD	HAY	(D)
20	205	KS	WILSON	HAY	880
48	341	TX	MOORE	HAY	5,814
13	283	GA	TREUTLEN	HAY	120
42	099	PA	PERRY	HAY	62
30	057	MT	MADISON	HAY	53,711
48	119	TX	DELTA	HAY	433
19	153	IA	POLK	HAY	(D)
48	191	TX	HALL	HAY	(D)
26	079	MI	KALKASKA	HAY	78
55	119	WI	TAYLOR	HAY	(D)
22	001	LA	ACADIA	HAY	5,107
39	043	OH	ERIE	HAY	1,130
31	177	NE	WASHINGTON	HAY	32
37	087	NC	HAYWOOD	HAY	5,055
19	057	IA	DES MOINES	HAY	(D)
35	023	NM	HIDALGO	HAY	666
25	015	MA	HAMPSHIRE	HAY	(D)
30	055	MT	MCCONE	HAY	6,294
56	037	WY	SWEETWATER	HAY	10,990
42	005	PA	ARMSTRONG	HAY	25,775
53	039	WA	KLICKITAT	HAY	11,649
48	149	TX	FAYETTE	HAY	(D)
35	049	NM	SANTA FE	HAY	521
30	105	MT	VALLEY	HAY	21,824
45	047	SC	GREENWOOD	GRASSES & LEGUMES TOTALS	(D)
48	095	TX	CONCHO	HAY	6,298
13	085	GA	DAWSON	HAY	(D)
29	097	MO	JASPER	HAY	34,334
20	183	KS	SMITH	HAY	12
19	181	IA	WARREN	HAY	(D)
19	193	IA	WOODBURY	HAY	6,606
51	153	VA	PRINCE WILLIAM	HAY	3,268
45	075	SC	ORANGEBURG	HAY	7,151
16	021	ID	BOUNDARY	HAY	9,058
29	213	MO	TANEY	HAY	10,366
17	001	IL	ADAMS	HAY	65
26	077	MI	KALAMAZOO	HAY	(D)
30	085	MT	ROOSEVELT	HAY	1,265
42	089	PA	MONROE	HAY	(D)
13	035	GA	BUTTS	HAY	1,886
26	033	MI	CHIPPEWA	HAY	26,808
53	067	WA	THURSTON	HAY	6,663
41	015	OR	CURRY	HAY	(D)
06	015	CA	DEL NORTE	HAY	2,879
47	105	TN	LOUDON	HAY	199
20	049	KS	ELK	HAY	10,873
39	127	OH	PERRY	HAY	(D)
29	059	MO	DALLAS	HAY	31,585
48	135	TX	ECTOR	HAY	(D)
29	109	MO	LAWRENCE	HAY	3,170
29	001	MO	ADAIR	HAY	38,104
41	045	OR	MALHEUR	HAY	19,578
39	111	OH	MONROE	HAY	4,123
55	009	WI	BROWN	HAY	16,755
48	279	TX	LAMB	HAY	(D)
54	011	WV	CABELL	HAY	4,645
54	061	WV	MONONGALIA	HAY	929
21	005	KY	ANDERSON	HAY	10,884
21	219	KY	TODD	HAY	8,479
28	151	MS	WASHINGTON	HAY	1,224
38	027	ND	EDDY	HAY	33,206
04	003	AZ	COCHISE	HAY	24,508
18	117	IN	ORANGE	HAY	(D)
04	019	AZ	PIMA	HAY	1,512
09	015	CT	WINDHAM	HAY	604
40	057	OK	HARMON	HAY	(D)
48	007	TX	ARANSAS	HAY	376
42	007	PA	BEAVER	HAY	5,399
49	013	UT	DUCHESNE	HAY	(D)
38	047	ND	LOGAN	HAY	(D)
36	089	NY	ST LAWRENCE	HAY	273
55	113	WI	SAWYER	HAY	(D)
48	057	TX	CALHOUN	HAY	1,450
19	131	IA	MITCHELL	HAY	(D)
53	041	WA	LEWIS	HAY	1,367
26	057	MI	GRATIOT	HAY	7,881
48	215	TX	HIDALGO	SOD	1,980
18	157	IN	TIPPECANOE	HAY	1,475
36	067	NY	ONONDAGA	GRASSES & LEGUMES TOTALS	(D)
18	041	IN	FAYETTE	HAY	2,596
24	035	MD	QUEEN ANNES	HAY	(D)
55	045	WI	GREEN	HAY	41
47	141	TN	PUTNAM	HAY	(D)
33	009	NH	GRAFTON	HAY	5,387
18	061	IN	HARRISON	HAY	11,405
27	171	MN	WRIGHT	HAY	201
13	295	GA	WALKER	HAY	(D)
18	039	IN	ELKHART	HAY	1,507
17	081	IL	JEFFERSON	HAY	11,283
13	005	GA	BACON	HAY	(D)
13	153	GA	HOUSTON	SOD	(D)
17	041	IL	DOUGLAS	HAY	(D)
27	137	MN	ST. LOUIS	HAY	53,962
36	035	NY	FULTON	HAY	3,800
19	005	IA	ALLAMAKEE	HAY	22,427
31	117	NE	MCPHERSON	HAY	16,183
19	131	IA	MITCHELL	HAY	903
08	035	CO	DOUGLAS	HAY	876
54	011	WV	CABELL	HAY	63
29	137	MO	MONROE	HAY	(D)
29	061	MO	DAVIESS	HAY	(D)
53	023	WA	GARFIELD	GRASSES & LEGUMES TOTALS	(D)
48	271	TX	KINNEY	HAY	1,965
31	127	NE	NEMAHA	HAY	(D)
25	007	MA	DUKES	HAY	239
21	157	KY	MARSHALL	HAY	(D)
18	131	IN	PULASKI	HAY	1,661
39	049	OH	FRANKLIN	HAY	1,035
26	165	MI	WEXFORD	HAY	54
30	027	MT	FERGUS	HAY	1,470
22	031	LA	DE SOTO	HAY	27,469
54	049	WV	MARION	HAY	162
23	031	ME	YORK	HAY	755
54	031	WV	HARDY	HAY	16,162
31	169	NE	THAYER	HAY	1,940
28	081	MS	LEE	SOD	(D)
30	013	MT	CASCADE	HAY	3,233
53	031	WA	JEFFERSON	HAY	104
13	109	GA	EVANS	HAY	4,263
48	205	TX	HARTLEY	HAY	(D)
48	199	TX	HARDIN	HAY	2,658
08	103	CO	RIO BLANCO	HAY	11,097
17	159	IL	RICHLAND	HAY	(D)
48	025	TX	BEE	HAY	349
20	089	KS	JEWELL	HAY	2,098
29	091	MO	HOWELL	HAY	1,782
46	067	SD	HUTCHINSON	HAY	12
13	091	GA	DODGE	HAY	127
16	085	ID	VALLEY	HAY	(D)
54	093	WV	TUCKER	HAY	395
36	107	NY	TIOGA	HAY	(D)
31	155	NE	SAUNDERS	SOD	(D)
48	177	TX	GONZALES	HAY	25,205
40	015	OK	CADDO	HAY	7,650
31	091	NE	HOOKER	HAY	2,704
46	011	SD	BROOKINGS	HAY	21,917
21	215	KY	SPENCER	HAY	10,137
01	057	AL	FAYETTE	SOD	(D)
42	039	PA	CRAWFORD	HAY	968
05	071	AR	JOHNSON	HAY	26,056
12	083	FL	MARION	HAY	16,923
18	003	IN	ALLEN	SOD	(D)
16	065	ID	MADISON	HAY	(D)
08	109	CO	SAGUACHE	HAY	20,157
53	041	WA	LEWIS	HAY	13,954
20	083	KS	HODGEMAN	HAY	6,651
18	011	IN	BOONE	HAY	937
40	019	OK	CARTER	HAY	29,050
36	023	NY	CORTLAND	HAY	(D)
26	021	MI	BERRIEN	HAY	2,257
47	141	TN	PUTNAM	HAY	15,546
53	015	WA	COWLITZ	HAY	1,206
40	097	OK	MAYES	HAY	959
48	019	TX	BANDERA	HAY	1,043
39	003	OH	ALLEN	HAY	993
18	105	IN	MONROE	HAY	1,520
13	123	GA	GILMER	HAY	(D)
48	461	TX	UPTON	HAY	2,030
16	057	ID	LATAH	HAY	23,613
47	073	TN	HAWKINS	HAY	27,940
26	121	MI	MUSKEGON	HAY	202
48	241	TX	JASPER	HAY	56
12	053	FL	HERNANDO	HAY	9,718
47	167	TN	TIPTON	HAY	(D)
42	019	PA	BUTLER	HAY	12,990
13	045	GA	CARROLL	HAY	234
48	299	TX	LLANO	HAY	204
27	173	MN	YELLOW MEDICINE	HAY	1,832
55	071	WI	MANITOWOC	HAY	20,271
26	059	MI	HILLSDALE	HAY	1,111
19	013	IA	BLACK HAWK	HAY	4,167
05	023	AR	CLEBURNE	HAY	30,575
48	111	TX	DALLAM	HAY	52,711
42	055	PA	FRANKLIN	HAY	24,834
05	097	AR	MONTGOMERY	HAY	15,264
27	085	MN	MCLEOD	HAY	1,989
37	183	NC	WAKE	HAY	5,579
01	011	AL	BULLOCK	GRASSES & LEGUMES TOTALS	180
40	081	OK	LINCOLN	HAY	53,214
26	071	MI	IRON	HAY	2,366
08	081	CO	MOFFAT	HAY	16,627
28	155	MS	WEBSTER	HAY	(D)
48	291	TX	LIBERTY	HAY	32,703
08	103	CO	RIO BLANCO	GRASSES & LEGUMES TOTALS	(D)
13	027	GA	BROOKS	HAY	1,970
13	253	GA	SEMINOLE	HAY	1,735
48	297	TX	LIVE OAK	HAY	144
13	069	GA	COFFEE	HAY	(D)
26	089	MI	LEELANAU	HAY	2,629
37	021	NC	BUNCOMBE	HAY	913
16	085	ID	VALLEY	HAY	2,539
12	127	FL	VOLUSIA	SOD	346
36	091	NY	SARATOGA	HAY	(D)
05	103	AR	OUACHITA	HAY	220
27	139	MN	SCOTT	HAY	4,038
05	107	AR	PHILLIPS	HAY	2,625
18	077	IN	JEFFERSON	HAY	1,086
01	101	AL	MONTGOMERY	HAY	(D)
21	117	KY	KENTON	HAY	(D)
21	143	KY	LYON	HAY	3,729
48	159	TX	FRANKLIN	HAY	480
47	149	TN	RUTHERFORD	HAY	944
37	117	NC	MARTIN	HAY	9
21	113	KY	JESSAMINE	HAY	17,093
34	033	NJ	SALEM	HAY	4,481
51	065	VA	FLUVANNA	HAY	6,794
42	089	PA	MONROE	HAY	560
56	031	WY	PLATTE	HAY	13,243
50	007	VT	CHITTENDEN	GRASSES & LEGUMES TOTALS	(D)
32	001	NV	CHURCHILL	HAY	24,209
48	421	TX	SHERMAN	SOD	(D)
08	007	CO	ARCHULETA	HAY	(D)
36	045	NY	JEFFERSON	HAY	49,862
48	445	TX	TERRY	SOD	(D)
01	075	AL	LAMAR	HAY	5,192
13	121	GA	FULTON	HAY	343
20	185	KS	STAFFORD	HAY	5,635
30	027	MT	FERGUS	HAY	17,562
48	069	TX	CASTRO	HAY	(D)
47	179	TN	WASHINGTON	HAY	33,504
13	175	GA	LAURENS	HAY	(D)
48	157	TX	FORT BEND	HAY	475
32	007	NV	ELKO	HAY	18,417
39	125	OH	PAULDING	HAY	3,149
54	037	WV	JEFFERSON	HAY	10,765
28	051	MS	HOLMES	HAY	7,376
01	007	AL	BIBB	HAY	6,836
42	047	PA	ELK	HAY	3,647
20	153	KS	RAWLINS	HAY	4,331
40	005	OK	ATOKA	HAY	(D)
20	055	KS	FINNEY	HAY	2,359
31	179	NE	WAYNE	HAY	2,660
41	035	OR	KLAMATH	HAY	41,092
42	073	PA	LAWRENCE	HAY	4,808
42	047	PA	ELK	HAY	2,331
12	093	FL	OKEECHOBEE	HAY	(D)
12	067	FL	LAFAYETTE	HAY	840
39	099	OH	MAHONING	HAY	4,748
48	287	TX	LEE	HAY	25,522
48	253	TX	JONES	HAY	1,707
45	085	SC	SUMTER	HAY	324
48	371	TX	PECOS	HAY	(D)
08	067	CO	LA PLATA	HAY	(D)
15	009	HI	MAUI & KALAWAO	HAY	(D)
46	037	SD	DAY	HAY	8,785
48	397	TX	ROCKWALL	HAY	(D)
13	137	GA	HABERSHAM	HAY	860
17	125	IL	MASON	HAY	(D)
51	117	VA	MECKLENBURG	HAY	13,841
47	097	TN	LAUDERDALE	HAY	(D)
48	351	TX	NEWTON	HAY	(D)
32	031	NV	WASHOE	HAY	5,580
35	055	NM	TAOS	HAY	1,144
42	109	PA	SNYDER	HAY	4,448
48	211	TX	HEMPHILL	HAY	1,283
42	073	PA	LAWRENCE	HAY	11,035
55	045	WI	GREEN	HAY	31,426
27	017	MN	CARLTON	HAY	10,709
54	001	WV	BARBOUR	HAY	16,898
06	053	CA	MONTEREY	HAY	1,574
17	157	IL	RANDOLPH	HAY	(D)
54	023	WV	GRANT	HAY	14,036
16	007	ID	BEAR LAKE	HAY	35,332
27	113	MN	PENNINGTON	SOD	(D)
19	069	IA	FRANKLIN	HAY	1,946
27	035	MN	CROW WING	HAY	15,146
17	049	IL	EFFINGHAM	HAY	3,956
18	151	IN	STEUBEN	HAY	(D)
29	115	MO	LINN	HAY	39,646
40	003	OK	ALFALFA	HAY	832
06	015	CA	DEL NORTE	HAY	(D)
47	097	TN	LAUDERDALE	HAY	(D)
01	047	AL	DALLAS	HAY	704
26	055	MI	GRAND TRAVERSE	HAY	5,727
51	197	VA	WYTHE	HAY	20,934
21	195	KY	PIKE	HAY	(D)
17	081	IL	JEFFERSON	HAY	2,688
36	097	NY	SCHUYLER	HAY	12,141
20	141	KS	OSBORNE	HAY	6,675
48	217	TX	HILL	HAY	837
48	099	TX	CORYELL	HAY	24,098
48	043	TX	BREWSTER	HAY	(D)
16	019	ID	BONNEVILLE	HAY	32,710
04	003	AZ	COCHISE	SOD	(D)
12	067	FL	LAFAYETTE	HAY	840
48	445	TX	TERRY	HAY	2,262
47	123	TN	MONROE	HAY	17,954
30	099	MT	TETON	HAY	16,051
30	075	MT	POWDER RIVER	HAY	14,984
37	039	NC	CHEROKEE	HAY	(D)
31	063	NE	FRONTIER	HAY	1,346
12	067	FL	LAFAYETTE	HAY	5,509
29	195	MO	SALINE	HAY	(D)
30	095	MT	STILLWATER	HAY	5,212
48	193	TX	HAMILTON	HAY	18,645
37	195	NC	WILSON	HAY	29
13	021	GA	BIBB	HAY	(D)
34	009	NJ	CAPE MAY	HAY	(D)
45	043	SC	GEORGETOWN	HAY	(D)
27	055	MN	HOUSTON	HAY	(D)
18	127	IN	PORTER	HAY	71
47	079	TN	HENRY	HAY	12,554
31	125	NE	NANCE	HAY	4,682
20	023	KS	CHEYENNE	HAY	10,269
13	115	GA	FLOYD	HAY	49
39	175	OH	WYANDOT	HAY	2,327
15	007	HI	KAUAI	HAY	(D)
19	149	IA	PLYMOUTH	HAY	5,557
48	177	TX	GONZALES	HAY	1,878
41	031	OR	JEFFERSON	GRASSES & LEGUMES TOTALS	9,504
37	037	NC	CHATHAM	HAY	16,807
35	003	NM	CATRON	HAY	213
31	129	NE	NUCKOLLS	HAY	660
47	057	TN	GRAINGER	HAY	410
08	011	CO	BENT	GRASSES & LEGUMES TOTALS	(D)
17	083	IL	JERSEY	GRASSES & LEGUMES TOTALS	(D)
13	063	GA	CLAYTON	HAY	(D)
26	161	MI	WASHTENAW	HAY	3,893
08	089	CO	OTERO	GRASSES & LEGUMES TOTALS	120
06	113	CA	YOLO	GRASSES & LEGUMES TOTALS	240
41	051	OR	MULTNOMAH	HAY	2,005
55	069	WI	LINCOLN	HAY	10,494
48	437	TX	SWISHER	HAY	(D)
19	051	IA	DAVIS	HAY	(D)
29	085	MO	HICKORY	HAY	1,718
16	023	ID	BUTTE	HAY	39,156
21	141	KY	LOGAN	HAY	1,633
42	115	PA	SUSQUEHANNA	HAY	(D)
20	205	KS	WILSON	HAY	108
54	095	WV	TYLER	HAY	447
35	039	NM	RIO ARRIBA	GRASSES & LEGUMES TOTALS	26
29	065	MO	DENT	HAY	352
18	149	IN	STARKE	HAY	(D)
06	089	CA	SHASTA	HAY	1,569
37	023	NC	BURKE	SOD	68
39	057	OH	GREENE	HAY	2,533
31	023	NE	BUTLER	HAY	10,475
29	139	MO	MONTGOMERY	SOD	(D)
51	109	VA	LOUISA	HAY	12,616
47	107	TN	MCMINN	HAY	28,714
06	007	CA	BUTTE	HAY	(D)
08	065	CO	LAKE	HAY	570
05	059	AR	HOT SPRING	HAY	16,116
35	007	NM	COLFAX	HAY	2,601
50	025	VT	WINDHAM	HAY	196
40	081	OK	LINCOLN	HAY	507
29	015	MO	BENTON	HAY	32,584
48	437	TX	SWISHER	HAY	(D)
39	051	OH	FULTON	HAY	3,071
21	145	KY	MCCRACKEN	HAY	1,430
48	305	TX	LYNN	HAY	(D)
18	159	IN	TIPTON	HAY	361
13	019	GA	BERRIEN	HAY	1,829
20	003	KS	ANDERSON	HAY	(D)
47	185	TN	WHITE	HAY	217
08	095	CO	PHILLIPS	HAY	7,176
35	033	NM	MORA	HAY	1,407
46	043	SD	DOUGLAS	GRASSES & LEGUMES TOTALS	(D)
46	089	SD	MCPHERSON	HAY	70,121
06	019	CA	FRESNO	GRASSES & LEGUMES TOTALS	1,736
40	083	OK	LOGAN	HAY	34,347
47	035	TN	CUMBERLAND	HAY	60
05	033	AR	CRAWFORD	HAY	160
19	103	IA	JOHNSON	HAY	11
46	079	SD	LAKE	HAY	8,284
31	007	NE	BANNER	HAY	4,884
42	019	PA	BUTLER	HAY	16
53	069	WA	WAHKIAKUM	HAY	95
13	233	GA	POLK	HAY	651
51	015	VA	AUGUSTA	HAY	4,895
18	123	IN	PERRY	HAY	117
31	103	NE	KEYA PAHA	HAY	39,332
17	033	IL	CRAWFORD	HAY	210
39	023	OH	CLARK	HAY	3,561
53	065	WA	STEVENS	HAY	3,455
34	023	NJ	MIDDLESEX	HAY	(D)
05	007	AR	BENTON	HAY	412
29	177	MO	RAY	HAY	157
13	223	GA	PAULDING	HAY	(D)
23	011	ME	KENNEBEC	HAY	11,933
32	007	NV	ELKO	HAY	69,808
47	103	TN	LINCOLN	HAY	(D)
36	097	NY	SCHUYLER	HAY	7,619
21	235	KY	WHITLEY	HAY	64
01	019	AL	CHEROKEE	SOD	(D)
01	001	AL	AUTAUGA	HAY	580
20	201	KS	WASHINGTON	HAY	(D)
13	131	GA	GRADY	HAY	1,352
08	097	CO	PITKIN	HAY	3,645
27	097	MN	MORRISON	HAY	1,327
27	147	MN	STEELE	SOD	495
06	101	CA	SUTTER	HAY	2,168
40	109	OK	OKLAHOMA	HAY	474
37	085	NC	HARNETT	HAY	260
29	165	MO	PLATTE	HAY	48
19	183	IA	WASHINGTON	HAY	7,923
51	101	VA	KING WILLIAM	HAY	(D)
29	219	MO	WARREN	SOD	(D)
55	055	WI	JEFFERSON	SOD	1,094
02		AK	KENAI PENINSULA	HAY	1,550
10	003	DE	NEW CASTLE	HAY	3,245
13	117	GA	FORSYTH	HAY	(D)
26	103	MI	MARQUETTE	HAY	2,565
47	051	TN	FRANKLIN	HAY	147
48	001	TX	ANDERSON	HAY	1,071
06	047	CA	MERCED	GRASSES & LEGUMES TOTALS	218
48	481	TX	WHARTON	HAY	7,867
51	149	VA	PRINCE GEORGE	HAY	(D)
06	085	CA	SANTA CLARA	HAY	2,561
48	485	TX	WICHITA	HAY	2,810
51	199	VA	YORK	HAY	(D)
36	043	NY	HERKIMER	HAY	(D)
37	107	NC	LENOIR	HAY	618
21	137	KY	LINCOLN	HAY	35
16	053	ID	JEROME	HAY	1,140
46	099	SD	MINNEHAHA	HAY	(D)
48	469	TX	VICTORIA	HAY	864
40	131	OK	ROGERS	GRASSES & LEGUMES TOTALS	380
16	077	ID	POWER	HAY	(D)
20	189	KS	STEVENS	HAY	(D)
41	055	OR	SHERMAN	GRASSES & LEGUMES TOTALS	(D)
27	093	MN	MEEKER	HAY	10
47	043	TN	DICKSON	HAY	22,886
18	067	IN	HOWARD	HAY	374
29	185	MO	ST CLAIR	HAY	1,057
21	035	KY	CALLOWAY	HAY	157
31	101	NE	KEITH	HAY	15,516
20	111	KS	LYON	HAY	52,593
49	043	UT	SUMMIT	HAY	14,383
53	021	WA	FRANKLIN	HAY	45,560
01	059	AL	FRANKLIN	HAY	320
39	077	OH	HURON	HAY	1,259
36	023	NY	CORTLAND	HAY	(D)
06	017	CA	EL DORADO	HAY	105
16	017	ID	BONNER	HAY	127
29	137	MO	MONROE	HAY	(D)
42	075	PA	LEBANON	HAY	13,056
16	087	ID	WASHINGTON	HAY	28,436
42	133	PA	YORK	HAY	20,940
39	117	OH	MORROW	HAY	12
54	037	WV	JEFFERSON	HAY	961
37	019	NC	BRUNSWICK	HAY	2,281
48	165	TX	GAINES	HAY	19,967
13	011	GA	BANKS	HAY	6,338
55	009	WI	BROWN	HAY	22,012
48	013	TX	ATASCOSA	HAY	6,868
36	079	NY	PUTNAM	HAY	(D)
38	009	ND	BOTTINEAU	HAY	31,664
54	063	WV	MONROE	HAY	19,903
28	159	MS	WINSTON	HAY	(D)
54	043	WV	LINCOLN	HAY	96
20	147	KS	PHILLIPS	HAY	9,954
01	053	AL	ESCAMBIA	HAY	78
29	149	MO	OREGON	HAY	24,213
56	035	WY	SUBLETTE	HAY	(D)
36	051	NY	LIVINGSTON	HAY	(D)
20	179	KS	SHERIDAN	HAY	3,758
55	133	WI	WAUKESHA	HAY	1,078
48	451	TX	TOM GREEN	HAY	5,503
39	175	OH	WYANDOT	HAY	(D)
21	207	KY	RUSSELL	HAY	842
19	157	IA	POWESHIEK	HAY	1,378
13	309	GA	WHEELER	HAY	(D)
27	001	MN	AITKIN	HAY	92
31	027	NE	CEDAR	HAY	412
23	023	ME	SAGADAHOC	HAY	2,007
28	067	MS	JONES	SOD	(D)
21	221	KY	TRIGG	HAY	870
49	041	UT	SEVIER	HAY	(D)
39	033	OH	CRAWFORD	HAY	2,366
26	139	MI	OTTAWA	HAY	7,304
29	063	MO	DE KALB	HAY	20,330
31	117	NE	MCPHERSON	HAY	6,042
24	045	MD	WICOMICO	HAY	126
54	039	WV	KANAWHA	HAY	196
17	141	IL	OGLE	HAY	(D)
38	021	ND	DICKEY	HAY	105
06	097	CA	SONOMA	HAY	21,280
48	395	TX	ROBERTSON	HAY	2,489
41	059	OR	UMATILLA	HAY	43,425
13	293	GA	UPSON	HAY	(D)
47	075	TN	HAYWOOD	HAY	102
31	105	NE	KIMBALL	HAY	4,221
27	111	MN	OTTER TAIL	HAY	48,662
31	027	NE	CEDAR	HAY	5,279
35	023	NM	HIDALGO	HAY	666
37	101	NC	JOHNSTON	HAY	811
47	155	TN	SEVIER	HAY	9,804
18	083	IN	KNOX	HAY	9
48	381	TX	RANDALL	HAY	(D)
54	019	WV	FAYETTE	HAY	3,184
13	107	GA	EMANUEL	HAY	81
20	103	KS	LEAVENWORTH	HAY	19,144
48	201	TX	HARRIS	HAY	2,064
54	071	WV	PENDLETON	HAY	13,544
09	005	CT	LITCHFIELD	HAY	4,180
12	125	FL	UNION	HAY	210
36	013	NY	CHAUTAUQUA	HAY	25,940
51	061	VA	FAUQUIER	HAY	29,898
49	035	UT	SALT LAKE	HAY	50
42	021	PA	CAMBRIA	HAY	4,347
31	071	NE	GARFIELD	HAY	4,689
18	183	IN	WHITLEY	HAY	1,069
36	115	NY	WASHINGTON	HAY	30,154
55	095	WI	POLK	HAY	9,990
48	369	TX	PARMER	HAY	35,199
36	043	NY	HERKIMER	HAY	22,541
01	101	AL	MONTGOMERY	HAY	(D)
37	167	NC	STANLY	HAY	14,967
46	099	SD	MINNEHAHA	HAY	18,060
33	011	NH	HILLSBOROUGH	HAY	4,969
55	103	WI	RICHLAND	HAY	3,271
23	025	ME	SOMERSET	HAY	(D)
06	113	CA	YOLO	HAY	6,258
55	069	WI	LINCOLN	HAY	(D)
42	105	PA	POTTER	HAY	(D)
35	007	NM	COLFAX	HAY	4,690
39	169	OH	WAYNE	HAY	18,211
36	001	NY	ALBANY	HAY	(D)
23	001	ME	ANDROSCOGGIN	HAY	8,297
01	067	AL	HENRY	GRASSES & LEGUMES TOTALS	(D)
30	045	MT	JUDITH BASIN	HAY	6,798
55	123	WI	VERNON	HAY	6,684
39	053	OH	GALLIA	HAY	12,981
40	133	OK	SEMINOLE	HAY	(D)
55	093	WI	PIERCE	HAY	18,086
48	141	TX	EL PASO	HAY	1,658
45	073	SC	OCONEE	HAY	(D)
13	285	GA	TROUP	HAY	275
56	035	WY	SUBLETTE	HAY	7,412
01	087	AL	MACON	HAY	8,029
05	029	AR	CONWAY	HAY	3,846
39	103	OH	MEDINA	HAY	11,669
31	067	NE	GAGE	HAY	6,251
48	395	TX	ROBERTSON	HAY	197
28	127	MS	SIMPSON	HAY	25
40	011	OK	BLAINE	HAY	2,085
19	089	IA	HOWARD	HAY	382
20	181	KS	SHERMAN	HAY	4,644
53	057	WA	SKAGIT	HAY	8,084
21	215	KY	SPENCER	HAY	(D)
05	141	AR	VAN BUREN	HAY	170
38	043	ND	KIDDER	HAY	96,193
01	115	AL	SAINT CLAIR	HAY	64
42	079	PA	LUZERNE	HAY	6,637
47	177	TN	WARREN	SOD	(D)
20	129	KS	MORTON	HAY	(D)
21	157	KY	MARSHALL	HAY	(D)
05	049	AR	FULTON	HAY	24,146
13	123	GA	GILMER	HAY	(D)
29	173	MO	RALLS	HAY	1,604
13	077	GA	COWETA	HAY	(D)
13	155	GA	IRWIN	HAY	914
36	053	NY	MADISON	HAY	(D)
48	225	TX	HOUSTON	HAY	266
34	009	NJ	CAPE MAY	HAY	(D)
20	033	KS	COMANCHE	HAY	673
19	047	IA	CRAWFORD	HAY	1,115
08	065	CO	LAKE	HAY	570
56	009	WY	CONVERSE	HAY	38,227
50	027	VT	WINDSOR	HAY	8,412
29	121	MO	MACON	HAY	184
55	043	WI	GRANT	HAY	(D)
13	131	GA	GRADY	HAY	5,130
31	185	NE	YORK	HAY	159
27	043	MN	FARIBAULT	SOD	(D)
35	011	NM	DE BACA	HAY	4,471
05	065	AR	IZARD	HAY	(D)
01	087	AL	MACON	HAY	120
41	025	OR	HARNEY	HAY	105,103
26	011	MI	ARENAC	HAY	(D)
29	097	MO	JASPER	HAY	930
27	023	MN	CHIPPEWA	HAY	117
29	221	MO	WASHINGTON	HAY	9,263
31	181	NE	WEBSTER	GRASSES & LEGUMES TOTALS	(D)
40	119	OK	PAYNE	SOD	570
10	003	DE	NEW CASTLE	HAY	30
55	111	WI	SAUK	HAY	26,606
37	111	NC	MCDOWELL	HAY	30
40	085	OK	LOVE	HAY	345
29	167	MO	POLK	HAY	(D)
17	111	IL	MCHENRY	HAY	7,710
29	137	MO	MONROE	HAY	15,588
35	019	NM	GUADALUPE	HAY	1,149
12	023	FL	COLUMBIA	HAY	14,628
53	023	WA	GARFIELD	HAY	1,383
51	193	VA	WESTMORELAND	HAY	1,827
05	041	AR	DESHA	HAY	225
39	105	OH	MEIGS	HAY	1,555
13	111	GA	FANNIN	HAY	9
08	089	CO	OTERO	HAY	2,980
48	077	TX	CLAY	HAY	(D)
08	109	CO	SAGUACHE	HAY	16,824
31	039	NE	CUMING	HAY	2,386
42	057	PA	FULTON	HAY	184
47	189	TN	WILSON	HAY	29,253
22	017	LA	CADDO	HAY	(D)
39	169	OH	WAYNE	HAY	25,169
20	017	KS	CHASE	HAY	12,687
20	089	KS	JEWELL	HAY	1,856
18	183	IN	WHITLEY	HAY	3,998
55	099	WI	PRICE	HAY	11,409
37	017	NC	BLADEN	HAY	(D)
38	067	ND	PEMBINA	HAY	20
20	061	KS	GEARY	HAY	9,170
04	011	AZ	GREENLEE	HAY	2,152
05	059	AR	HOT SPRING	HAY	16,116
48	135	TX	ECTOR	HAY	(D)
48	331	TX	MILAM	HAY	47,882
48	167	TX	GALVESTON	HAY	(D)
30	015	MT	CHOUTEAU	HAY	20,068
29	139	MO	MONTGOMERY	HAY	(D)
42	113	PA	SULLIVAN	HAY	3,443
40	049	OK	GARVIN	HAY	31,690
37	083	NC	HALIFAX	HAY	(D)
31	019	NE	BUFFALO	SOD	(D)
20	037	KS	CRAWFORD	HAY	25,408
29	125	MO	MARIES	HAY	30,393
37	005	NC	ALLEGHANY	HAY	9,813
01	029	AL	CLEBURNE	HAY	(D)
27	047	MN	FREEBORN	HAY	40
48	049	TX	BROWN	HAY	10,885
20	083	KS	HODGEMAN	HAY	8,842
55	021	WI	COLUMBIA	HAY	3,193
55	095	WI	POLK	HAY	(D)
20	037	KS	CRAWFORD	HAY	90
53	071	WA	WALLA WALLA	HAY	11,090
36	075	NY	OSWEGO	HAY	9,627
08	051	CO	GUNNISON	HAY	2,080
06	039	CA	MADERA	GRASSES & LEGUMES TOTALS	123
33	005	NH	CHESHIRE	HAY	568
17	157	IL	RANDOLPH	GRASSES & LEGUMES TOTALS	(D)
35	055	NM	TAOS	HAY	7,251
21	025	KY	BREATHITT	HAY	1,007
12	069	FL	LAKE	GRASSES & LEGUMES TOTALS	84
36	101	NY	STEUBEN	HAY	45,020
48	053	TX	BURNET	HAY	170
26	091	MI	LENAWEE	HAY	1,557
06	073	CA	SAN DIEGO	SOD	907
28	099	MS	NESHOBA	HAY	25
55	077	WI	MARQUETTE	HAY	415
53	023	WA	GARFIELD	HAY	(D)
47	173	TN	UNION	HAY	286
39	103	OH	MEDINA	HAY	5,802
55	133	WI	WAUKESHA	SOD	(D)
37	161	NC	RUTHERFORD	HAY	11,184
42	067	PA	JUNIATA	HAY	4,511
48	241	TX	JASPER	SOD	(D)
20	023	KS	CHEYENNE	HAY	2,276
39	037	OH	DARKE	HAY	(D)
44	001	RI	BRISTOL	HAY	(D)
29	079	MO	GRUNDY	HAY	16,856
48	355	TX	NUECES	HAY	(D)
13	019	GA	BERRIEN	HAY	2,037
17	091	IL	KANKAKEE	SOD	(D)
29	203	MO	SHANNON	HAY	368
38	053	ND	MCKENZIE	HAY	320
17	183	IL	VERMILION	HAY	2,315
55	057	WI	JUNEAU	HAY	632
19	063	IA	EMMET	HAY	1,623
26	049	MI	GENESEE	HAY	1,786
47	135	TN	PERRY	GRASSES & LEGUMES TOTALS	(D)
18	091	IN	LA PORTE	HAY	65
16	071	ID	ONEIDA	HAY	21,356
53	075	WA	WHITMAN	HAY	14,084
48	413	TX	SCHLEICHER	HAY	1,214
34	015	NJ	GLOUCESTER	HAY	2,364
46	049	SD	FAULK	HAY	(D)
39	175	OH	WYANDOT	HAY	1,696
26	071	MI	IRON	HAY	3,591
49	039	UT	SANPETE	HAY	35,099
47	109	TN	MCNAIRY	HAY	(D)
39	063	OH	HANCOCK	HAY	2,617
21	239	KY	WOODFORD	HAY	(D)
40	059	OK	HARPER	HAY	3,316
31	087	NE	HITCHCOCK	HAY	623
18	023	IN	CLINTON	HAY	1,188
26	165	MI	WEXFORD	HAY	6,743
45	009	SC	BAMBERG	HAY	795
20	069	KS	GRAY	HAY	13,368
48	195	TX	HANSFORD	HAY	(D)
19	013	IA	BLACK HAWK	SOD	(D)
12	049	FL	HARDEE	SOD	765
41	005	OR	CLACKAMAS	HAY	1,338
48	305	TX	LYNN	HAY	3,198
31	127	NE	NEMAHA	HAY	2,734
17	051	IL	FAYETTE	HAY	2,028
27	159	MN	WADENA	HAY	7,832
20	093	KS	KEARNY	HAY	1,552
40	053	OK	GRANT	HAY	271
36	103	NY	SUFFOLK	SOD	(D)
49	015	UT	EMERY	GRASSES & LEGUMES TOTALS	(D)
19	057	IA	DES MOINES	HAY	1,947
20	149	KS	POTTAWATOMIE	HAY	30,019
29	215	MO	TEXAS	GRASSES & LEGUMES TOTALS	2,596
17	195	IL	WHITESIDE	HAY	807
22	127	LA	WINN	HAY	(D)
48	077	TX	CLAY	HAY	496
35	039	NM	RIO ARRIBA	HAY	8,320
47	181	TN	WAYNE	HAY	19,007
16	029	ID	CARIBOU	HAY	31,452
06	067	CA	SACRAMENTO	HAY	19,910
47	103	TN	LINCOLN	HAY	(D)
35	049	NM	SANTA FE	HAY	2,398
32	005	NV	DOUGLAS	HAY	10,746
38	073	ND	RANSOM	HAY	2,155
54	079	WV	PUTNAM	HAY	9,091
48	295	TX	LIPSCOMB	HAY	3,311
08	119	CO	TELLER	HAY	1,023
47	033	TN	CROCKETT	HAY	3,330
48	207	TX	HASKELL	HAY	8,534
29	045	MO	CLARK	HAY	11,597
19	055	IA	DELAWARE	HAY	2,159
54	059	WV	MINGO	HAY	(D)
27	055	MN	HOUSTON	HAY	19,044
37	171	NC	SURRY	HAY	(D)
24	045	MD	WICOMICO	HAY	1,084
47	035	TN	CUMBERLAND	HAY	56
13	037	GA	CALHOUN	HAY	2,947
06	025	CA	IMPERIAL	HAY	157,119
13	009	GA	BALDWIN	HAY	3,574
40	125	OK	POTTAWATOMIE	HAY	838
35	059	NM	UNION	HAY	6,615
13	211	GA	MORGAN	HAY	(D)
01	097	AL	MOBILE	HAY	5,602
42	021	PA	CAMBRIA	HAY	7,897
40	065	OK	JACKSON	HAY	13,273
42	063	PA	INDIANA	HAY	(D)
46	071	SD	JACKSON	HAY	15,034
48	427	TX	STARR	HAY	(D)
38	087	ND	SLOPE	HAY	43,112
09	001	CT	FAIRFIELD	HAY	1,061
27	037	MN	DAKOTA	SOD	1,235
27	003	MN	ANOKA	HAY	3,794
49	055	UT	WAYNE	HAY	1,740
39	003	OH	ALLEN	HAY	2,431
20	021	KS	CHEROKEE	HAY	(D)
41	035	OR	KLAMATH	HAY	26,007
08	103	CO	RIO BLANCO	HAY	6,449
45	047	SC	GREENWOOD	HAY	(D)
48	169	TX	GARZA	HAY	(D)
01	067	AL	HENRY	HAY	(D)
12	127	FL	VOLUSIA	HAY	4,094
25	011	MA	FRANKLIN	HAY	6,092
49	001	UT	BEAVER	HAY	20,536
40	051	OK	GRADY	HAY	75,949
39	147	OH	SENECA	HAY	(D)
56	043	WY	WASHAKIE	GRASSES & LEGUMES TOTALS	(D)
25	011	MA	FRANKLIN	SOD	(D)
29	105	MO	LACLEDE	HAY	48,974
29	111	MO	LEWIS	HAY	7,532
48	499	TX	WOOD	HAY	525
24	005	MD	BALTIMORE	HAY	(D)
48	081	TX	COKE	HAY	(D)
24	037	MD	ST MARYS	HAY	880
36	055	NY	MONROE	HAY	(D)
20	147	KS	PHILLIPS	HAY	921
40	039	OK	CUSTER	HAY	46,754
20	027	KS	CLAY	HAY	156
13	321	GA	WORTH	HAY	1,345
40	115	OK	OTTAWA	HAY	36,980
01	105	AL	PERRY	SOD	96
48	287	TX	LEE	HAY	94
34	007	NJ	CAMDEN	HAY	193
36	037	NY	GENESEE	HAY	107
06	093	CA	SISKIYOU	GRASSES & LEGUMES TOTALS	(D)
48	455	TX	TRINITY	HAY	374
08	121	CO	WASHINGTON	HAY	3,764
21	155	KY	MARION	HAY	27,894
46	023	SD	CHARLES MIX	HAY	962
12	075	FL	LEVY	GRASSES & LEGUMES TOTALS	752
48	365	TX	PANOLA	HAY	290
40	109	OK	OKLAHOMA	HAY	(D)
16	083	ID	TWIN FALLS	SOD	804
13	091	GA	DODGE	HAY	210
48	133	TX	EASTLAND	HAY	2,415
16	019	ID	BONNEVILLE	HAY	45,984
17	027	IL	CLINTON	HAY	51
37	197	NC	YADKIN	HAY	62
27	093	MN	MEEKER	HAY	12,662
48	347	TX	NACOGDOCHES	HAY	22,409
20	103	KS	LEAVENWORTH	HAY	(D)
05	067	AR	JACKSON	HAY	3,253
06	047	CA	MERCED	HAY	46,262
48	173	TX	GLASSCOCK	HAY	4,977
42	087	PA	MIFFLIN	HAY	7,278
48	303	TX	LUBBOCK	HAY	96
39	025	OH	CLERMONT	HAY	5,749
08	071	CO	LAS ANIMAS	HAY	11,087
13	309	GA	WHEELER	HAY	(D)
01	053	AL	ESCAMBIA	HAY	78
31	023	NE	BUTLER	HAY	1,658
13	165	GA	JENKINS	HAY	2,408
24	037	MD	ST MARYS	HAY	(D)
13	199	GA	MERIWETHER	HAY	(D)
38	101	ND	WARD	HAY	30,117
48	491	TX	WILLIAMSON	HAY	154
55	083	WI	OCONTO	HAY	17,809
39	155	OH	TRUMBULL	HAY	7,112
48	219	TX	HOCKLEY	HAY	358
29	141	MO	MORGAN	HAY	39,937
48	163	TX	FRIO	HAY	23,105
36	091	NY	SARATOGA	HAY	(D)
42	077	PA	LEHIGH	HAY	3,150
06	001	CA	ALAMEDA	HAY	(D)
56	023	WY	LINCOLN	HAY	52,308
26	099	MI	MACOMB	HAY	1,096
17	179	IL	TAZEWELL	HAY	133
53	005	WA	BENTON	HAY	3,216
12	037	FL	FRANKLIN	HAY	(D)
08	109	CO	SAGUACHE	SOD	(D)
13	123	GA	GILMER	HAY	3,242
05	031	AR	CRAIGHEAD	HAY	6,126
21	113	KY	JESSAMINE	HAY	28
08	014	CO	BROOMFIELD	HAY	(D)
06	085	CA	SANTA CLARA	HAY	438
06	077	CA	SAN JOAQUIN	HAY	49,278
48	211	TX	HEMPHILL	HAY	254
37	149	NC	POLK	HAY	182
17	033	IL	CRAWFORD	HAY	48
30	069	MT	PETROLEUM	HAY	9,659
53	077	WA	YAKIMA	HAY	26,832
35	059	NM	UNION	GRASSES & LEGUMES TOTALS	(D)
05	113	AR	POLK	HAY	19,943
21	167	KY	MERCER	HAY	27,291
48	005	TX	ANGELINA	HAY	110
29	071	MO	FRANKLIN	HAY	336
39	135	OH	PREBLE	HAY	5,716
56	013	WY	FREMONT	GRASSES & LEGUMES TOTALS	(D)
29	227	MO	WORTH	GRASSES & LEGUMES TOTALS	(D)
19	115	IA	LOUISA	HAY	246
08	055	CO	HUERFANO	HAY	2,729
06	033	CA	LAKE	HAY	1,340
48	381	TX	RANDALL	HAY	11,608
47	177	TN	WARREN	HAY	(D)
05	079	AR	LINCOLN	HAY	(D)
21	151	KY	MADISON	HAY	32,787
01	043	AL	CULLMAN	HAY	32,509
41	063	OR	WALLOWA	HAY	10,590
47	031	TN	COFFEE	HAY	158
40	075	OK	KIOWA	HAY	6,829
19	069	IA	FRANKLIN	HAY	545
48	017	TX	BAILEY	GRASSES & LEGUMES TOTALS	(D)
16	041	ID	FRANKLIN	GRASSES & LEGUMES TOTALS	(D)
41	031	OR	JEFFERSON	HAY	10,904
16	049	ID	IDAHO	HAY	15,111
21	203	KY	ROCKCASTLE	HAY	888
20	015	KS	BUTLER	GRASSES & LEGUMES TOTALS	(D)
37	061	NC	DUPLIN	HAY	4,899
06	055	CA	NAPA	HAY	(D)
17	069	IL	HARDIN	HAY	3,100
47	077	TN	HENDERSON	HAY	(D)
45	031	SC	DARLINGTON	HAY	2,694
16	047	ID	GOODING	HAY	27,531
13	259	GA	STEWART	HAY	729
06	079	CA	SAN LUIS OBISPO	HAY	3,495
20	107	KS	LINN	HAY	26,604
47	183	TN	WEAKLEY	HAY	10,765
08	091	CO	OURAY	HAY	319
19	191	IA	WINNESHIEK	HAY	22,227
04	021	AZ	PINAL	HAY	12,316
06	025	CA	IMPERIAL	HAY	428,514
26	015	MI	BARRY	HAY	2,460
37	167	NC	STANLY	HAY	14,296
32	019	NV	LYON	SOD	292
31	165	NE	SIOUX	HAY	1,577
38	099	ND	WALSH	HAY	4,409
31	009	NE	BLAINE	HAY	3,641
36	029	NY	ERIE	HAY	(D)
26	043	MI	DICKINSON	HAY	3,824
18	129	IN	POSEY	HAY	1,328
20	131	KS	NEMAHA	HAY	490
31	171	NE	THOMAS	HAY	6,520
45	053	SC	JASPER	HAY	579
16	007	ID	BEAR LAKE	HAY	10,022
46	107	SD	POTTER	HAY	10,855
34	019	NJ	HUNTERDON	HAY	19,762
46	009	SD	BON HOMME	HAY	5,284
29	105	MO	LACLEDE	HAY	1,205
34	005	NJ	BURLINGTON	HAY	4,678
26	097	MI	MACKINAC	HAY	3,120
30	003	MT	BIG HORN	HAY	20,324
48	153	TX	FLOYD	HAY	2,615
20	005	KS	ATCHISON	HAY	(D)
49	043	UT	SUMMIT	HAY	9,392
06	067	CA	SACRAMENTO	GRASSES & LEGUMES TOTALS	153
36	055	NY	MONROE	HAY	3,730
48	345	TX	MOTLEY	HAY	(D)
27	095	MN	MILLE LACS	HAY	(D)
30	039	MT	GRANITE	HAY	8,348
42	079	PA	LUZERNE	HAY	(D)
40	031	OK	COMANCHE	HAY	990
19	121	IA	MADISON	HAY	15,216
39	091	OH	LOGAN	HAY	(D)
18	093	IN	LAWRENCE	HAY	13,188
31	179	NE	WAYNE	HAY	(D)
26	075	MI	JACKSON	HAY	9,248
30	007	MT	BROADWATER	HAY	22,964
18	093	IN	LAWRENCE	HAY	15,882
16	011	ID	BINGHAM	HAY	(D)
48	271	TX	KINNEY	HAY	1,965
48	195	TX	HANSFORD	HAY	435
31	131	NE	OTOE	HAY	76
51	071	VA	GILES	HAY	7,916
22	077	LA	POINTE COUPEE	HAY	502
37	135	NC	ORANGE	HAY	7,701
05	045	AR	FAULKNER	HAY	195
36	073	NY	ORLEANS	HAY	8,102
26	033	MI	CHIPPEWA	HAY	30,435
56	033	WY	SHERIDAN	HAY	61,922
20	153	KS	RAWLINS	HAY	9,028
05	087	AR	MADISON	HAY	268
31	107	NE	KNOX	HAY	34,396
48	035	TX	BOSQUE	HAY	(D)
47	045	TN	DYER	HAY	48
13	195	GA	MADISON	HAY	514
21	165	KY	MENIFEE	HAY	(D)
30	083	MT	RICHLAND	HAY	13,642
32	031	NV	WASHOE	HAY	5,580
39	153	OH	SUMMIT	HAY	(D)
45	075	SC	ORANGEBURG	HAY	6,991
42	115	PA	SUSQUEHANNA	HAY	(D)
48	047	TX	BROOKS	HAY	101
53	047	WA	OKANOGAN	HAY	2,278
30	017	MT	CUSTER	HAY	2,943
37	147	NC	PITT	GRASSES & LEGUMES TOTALS	(D)
41	035	OR	KLAMATH	HAY	30,183
39	073	OH	HOCKING	HAY	3,664
18	149	IN	STARKE	HAY	1,219
22	011	LA	BEAUREGARD	HAY	15,440
30	023	MT	DEER LODGE	HAY	3,166
30	095	MT	STILLWATER	HAY	2,930
48	059	TX	CALLAHAN	HAY	61
13	213	GA	MURRAY	HAY	5,770
31	029	NE	CHASE	HAY	11,156
34	025	NJ	MONMOUTH	SOD	2,008
29	097	MO	JASPER	SOD	(D)
53	033	WA	KING	HAY	366
42	055	PA	FRANKLIN	HAY	274
18	027	IN	DAVIESS	HAY	28
41	003	OR	BENTON	GRASSES & LEGUMES TOTALS	9,202
56	037	WY	SWEETWATER	HAY	26,454
54	035	WV	JACKSON	HAY	55
27	071	MN	KOOCHICHING	HAY	12,090
17	075	IL	IROQUOIS	HAY	3,958
41	053	OR	POLK	GRASSES & LEGUMES TOTALS	49,276
28	059	MS	JACKSON	HAY	29
21	139	KY	LIVINGSTON	HAY	(D)
48	047	TX	BROOKS	HAY	(D)
18	169	IN	WABASH	HAY	3,037
48	167	TX	GALVESTON	HAY	2,487
31	105	NE	KIMBALL	HAY	5,703
54	033	WV	HARRISON	HAY	10,773
16	065	ID	MADISON	HAY	14,297
21	021	KY	BOYLE	HAY	1,238
56	039	WY	TETON	HAY	3,129
28	109	MS	PEARL RIVER	HAY	17,411
20	073	KS	GREENWOOD	HAY	48,110
13	255	GA	SPALDING	HAY	1,770
45	011	SC	BARNWELL	HAY	3,241
51	019	VA	BEDFORD	HAY	41,060
48	427	TX	STARR	HAY	(D)
13	207	GA	MONROE	HAY	(D)
19	097	IA	JACKSON	HAY	3,087
54	015	WV	CLAY	HAY	17
12	051	FL	HENDRY	HAY	1,742
42	107	PA	SCHUYLKILL	HAY	8,896
48	073	TX	CHEROKEE	HAY	39,801
08	123	CO	WELD	GRASSES & LEGUMES TOTALS	1,105
53	061	WA	SNOHOMISH	HAY	(D)
48	039	TX	BRAZORIA	SOD	(D)
47	133	TN	OVERTON	HAY	165
51	199	VA	YORK	HAY	(D)
06	055	CA	NAPA	HAY	795
06	009	CA	CALAVERAS	HAY	908
19	185	IA	WAYNE	HAY	22,960
48	421	TX	SHERMAN	HAY	5,482
28	019	MS	CHOCTAW	HAY	(D)
16	027	ID	CANYON	HAY	33,637
19	155	IA	POTTAWATTAMIE	HAY	5,014
31	105	NE	KIMBALL	HAY	14,831
37	061	NC	DUPLIN	GRASSES & LEGUMES TOTALS	(D)
31	053	NE	DODGE	SOD	(D)
54	093	WV	TUCKER	HAY	2,629
35	041	NM	ROOSEVELT	HAY	5,728
04	017	AZ	NAVAJO	HAY	35
19	077	IA	GUTHRIE	HAY	9,465
48	197	TX	HARDEMAN	HAY	66
01	127	AL	WALKER	HAY	7,399
55	109	WI	ST CROIX	HAY	(D)
47	017	TN	CARROLL	HAY	8,677
51	003	VA	ALBEMARLE	HAY	994
18	145	IN	SHELBY	HAY	2,567
21	087	KY	GREEN	HAY	20,144
37	095	NC	HYDE	HAY	(D)
47	187	TN	WILLIAMSON	HAY	29,978
40	059	OK	HARPER	HAY	1,191
29	043	MO	CHRISTIAN	HAY	(D)
48	383	TX	REAGAN	HAY	(D)
53	019	WA	FERRY	HAY	600
19	133	IA	MONONA	HAY	648
18	043	IN	FLOYD	HAY	2,079
47	081	TN	HICKMAN	HAY	18,306
21	047	KY	CHRISTIAN	HAY	11,722
27	131	MN	RICE	SOD	(D)
01	077	AL	LAUDERDALE	HAY	17,751
39	139	OH	RICHLAND	HAY	42
27	069	MN	KITTSON	HAY	5,786
46	059	SD	HAND	HAY	30,690
54	097	WV	UPSHUR	HAY	(D)
31	019	NE	BUFFALO	HAY	9,069
35	039	NM	RIO ARRIBA	HAY	15,669
17	185	IL	WABASH	HAY	473
27	081	MN	LINCOLN	HAY	3,562
13	275	GA	THOMAS	HAY	(D)
19	179	IA	WAPELLO	HAY	13,149
34	023	NJ	MIDDLESEX	GRASSES & LEGUMES TOTALS	(D)
41	015	OR	CURRY	HAY	(D)
49	023	UT	JUAB	HAY	(D)
51	067	VA	FRANKLIN	HAY	26,924
18	039	IN	ELKHART	HAY	(D)
13	297	GA	WALTON	HAY	347
31	013	NE	BOX BUTTE	HAY	9,991
41	065	OR	WASCO	HAY	4,241
56	037	WY	SWEETWATER	HAY	13,634
47	063	TN	HAMBLEN	HAY	263
28	051	MS	HOLMES	HAY	(D)
48	029	TX	BEXAR	HAY	14,948
20	027	KS	CLAY	HAY	631
47	133	TN	OVERTON	HAY	22,298
42	063	PA	INDIANA	HAY	(D)
36	095	NY	SCHOHARIE	HAY	34,121
40	111	OK	OKMULGEE	HAY	214
32	023	NV	NYE	HAY	7,730
31	119	NE	MADISON	HAY	3,590
21	019	KY	BOYD	HAY	20
48	153	TX	FLOYD	HAY	(D)
12	079	FL	MADISON	HAY	112
20	137	KS	NORTON	HAY	13,851
08	009	CO	BACA	HAY	4,540
17	135	IL	MONTGOMERY	HAY	1,031
21	197	KY	POWELL	HAY	(D)
48	371	TX	PECOS	HAY	(D)
08	085	CO	MONTROSE	HAY	28,528
08	081	CO	MOFFAT	HAY	29,043
56	021	WY	LARAMIE	HAY	21,161
29	169	MO	PULASKI	GRASSES & LEGUMES TOTALS	(D)
20	195	KS	TREGO	HAY	11,882
31	025	NE	CASS	HAY	2,772
21	215	KY	SPENCER	GRASSES & LEGUMES TOTALS	9
37	169	NC	STOKES	HAY	(D)
01	101	AL	MONTGOMERY	HAY	20,979
31	133	NE	PAWNEE	HAY	78
30	001	MT	BEAVERHEAD	HAY	80,052
41	045	OR	MALHEUR	GRASSES & LEGUMES TOTALS	(D)
27	087	MN	MAHNOMEN	HAY	7,023
06	069	CA	SAN BENITO	HAY	5,717
48	327	TX	MENARD	HAY	4,952
45	045	SC	GREENVILLE	HAY	254
39	105	OH	MEIGS	HAY	18
48	337	TX	MONTAGUE	HAY	7,783
01	067	AL	HENRY	HAY	3,228
13	269	GA	TAYLOR	HAY	932
30	069	MT	PETROLEUM	HAY	8,790
53	029	WA	ISLAND	GRASSES & LEGUMES TOTALS	(D)
27	153	MN	TODD	HAY	23,369
42	011	PA	BERKS	HAY	17,546
54	091	WV	TAYLOR	HAY	6,116
16	031	ID	CASSIA	HAY	52,722
31	147	NE	RICHARDSON	HAY	4,554
30	107	MT	WHEATLAND	HAY	11,759
28	001	MS	ADAMS	SOD	(D)
21	053	KY	CLINTON	HAY	766
48	415	TX	SCURRY	HAY	2,043
37	009	NC	ASHE	HAY	820
26	049	MI	GENESEE	SOD	(D)
48	349	TX	NAVARRO	HAY	(D)
19	125	IA	MARION	HAY	13,253
09	007	CT	MIDDLESEX	GRASSES & LEGUMES TOTALS	(D)
31	175	NE	VALLEY	HAY	6,148
27	131	MN	RICE	HAY	7,952
42	081	PA	LYCOMING	HAY	(D)
16	027	ID	CANYON	HAY	33,625
26	093	MI	LIVINGSTON	HAY	9,452
21	081	KY	GRANT	HAY	1,585
45	031	SC	DARLINGTON	HAY	2,750
54	081	WV	RALEIGH	HAY	4,980
29	013	MO	BATES	HAY	180
31	005	NE	ARTHUR	HAY	2,135
49	003	UT	BOX ELDER	HAY	45,807
48	281	TX	LAMPASAS	HAY	698
19	067	IA	FLOYD	HAY	3,829
13	261	GA	SUMTER	HAY	(D)
45	049	SC	HAMPTON	HAY	373
40	097	OK	MAYES	HAY	(D)
18	101	IN	MARTIN	HAY	3,989
37	161	NC	RUTHERFORD	GRASSES & LEGUMES TOTALS	(D)
27	135	MN	ROSEAU	GRASSES & LEGUMES TOTALS	33,675
20	115	KS	MARION	HAY	24,773
21	091	KY	HANCOCK	HAY	3,006
30	107	MT	WHEATLAND	HAY	12,296
39	005	OH	ASHLAND	HAY	7,723
13	079	GA	CRAWFORD	HAY	1,876
28	021	MS	CLAIBORNE	HAY	1,992
10	005	DE	SUSSEX	HAY	366
41	009	OR	COLUMBIA	HAY	663
39	077	OH	HURON	HAY	(D)
21	157	KY	MARSHALL	HAY	50
01	041	AL	CRENSHAW	HAY	12,351
48	093	TX	COMANCHE	SOD	800
08	057	CO	JACKSON	HAY	61,565
27	029	MN	CLEARWATER	HAY	22,312
26	145	MI	SAGINAW	HAY	2,905
38	037	ND	GRANT	HAY	127,793
31	145	NE	RED WILLOW	HAY	15,098
56	033	WY	SHERIDAN	HAY	10,950
21	117	KY	KENTON	HAY	(D)
37	109	NC	LINCOLN	HAY	87
42	133	PA	YORK	HAY	27,815
31	031	NE	CHERRY	HAY	12,492
54	065	WV	MORGAN	HAY	382
28	081	MS	LEE	HAY	(D)
48	017	TX	BAILEY	HAY	21,182
27	075	MN	LAKE	HAY	(D)
49	057	UT	WEBER	HAY	7,843
16	061	ID	LEWIS	HAY	(D)
29	141	MO	MORGAN	HAY	37,530
26	077	MI	KALAMAZOO	HAY	10,640
21	153	KY	MAGOFFIN	HAY	(D)
38	007	ND	BILLINGS	HAY	17,598
16	085	ID	VALLEY	HAY	3,357
33	007	NH	COOS	HAY	3,738
17	039	IL	DE WITT	HAY	1,003
41	055	OR	SHERMAN	HAY	1,427
39	023	OH	CLARK	HAY	(D)
37	035	NC	CATAWBA	HAY	302
08	023	CO	COSTILLA	HAY	4,946
29	163	MO	PIKE	HAY	24,809
12	099	FL	PALM BEACH	HAY	280
40	145	OK	WAGONER	HAY	24,079
01	111	AL	RANDOLPH	HAY	12,070
40	105	OK	NOWATA	HAY	(D)
21	021	KY	BOYLE	HAY	(D)
06	095	CA	SOLANO	GRASSES & LEGUMES TOTALS	(D)
27	047	MN	FREEBORN	HAY	4,309
13	007	GA	BAKER	HAY	(D)
36	037	NY	GENESEE	HAY	107
48	013	TX	ATASCOSA	HAY	17,518
27	013	MN	BLUE EARTH	HAY	(D)
16	039	ID	ELMORE	HAY	28,846
30	049	MT	LEWIS AND CLARK	HAY	11,949
21	095	KY	HARLAN	HAY	334
01	017	AL	CHAMBERS	HAY	(D)
51	149	VA	PRINCE GEORGE	HAY	(D)
47	189	TN	WILSON	HAY	29,788
06	111	CA	VENTURA	HAY	(D)
21	175	KY	MORGAN	HAY	22
34	021	NJ	MERCER	HAY	1,752
08	059	CO	JEFFERSON	HAY	197
36	101	NY	STEUBEN	HAY	201
39	047	OH	FAYETTE	HAY	1,383
20	035	KS	COWLEY	HAY	(D)
48	119	TX	DELTA	HAY	135
13	321	GA	WORTH	HAY	1,345
27	135	MN	ROSEAU	HAY	20,606
51	067	VA	FRANKLIN	HAY	25,461
17	163	IL	ST CLAIR	HAY	1,867
36	057	NY	MONTGOMERY	HAY	11,980
36	019	NY	CLINTON	HAY	126
48	453	TX	TRAVIS	HAY	152
08	083	CO	MONTEZUMA	HAY	10,587
12	121	FL	SUWANNEE	HAY	36,233
48	055	TX	CALDWELL	HAY	882
17	109	IL	MCDONOUGH	HAY	3,379
37	101	NC	JOHNSTON	HAY	811
19	049	IA	DALLAS	HAY	4,113
06	049	CA	MODOC	HAY	27,815
35	029	NM	LUNA	HAY	(D)
01	097	AL	MOBILE	SOD	786
13	213	GA	MURRAY	HAY	(D)
40	149	OK	WASHITA	HAY	5,996
48	005	TX	ANGELINA	HAY	86
20	025	KS	CLARK	HAY	11,018
16	061	ID	LEWIS	GRASSES & LEGUMES TOTALS	15,807
13	241	GA	RABUN	HAY	1,018
45	053	SC	JASPER	HAY	579
06	107	CA	TULARE	HAY	12,198
51	003	VA	ALBEMARLE	HAY	23,977
20	069	KS	GRAY	GRASSES & LEGUMES TOTALS	(D)
55	111	WI	SAUK	HAY	353
55	087	WI	OUTAGAMIE	HAY	217
40	105	OK	NOWATA	HAY	29,606
08	001	CO	ADAMS	HAY	5,056
32	001	NV	CHURCHILL	HAY	24,209
48	001	TX	ANDERSON	HAY	873
26	145	MI	SAGINAW	HAY	70
48	233	TX	HUTCHINSON	HAY	(D)
47	039	TN	DECATUR	HAY	9,597
46	037	SD	DAY	HAY	7,662
56	007	WY	CARBON	HAY	73,185
36	033	NY	FRANKLIN	HAY	(D)
16	087	ID	WASHINGTON	HAY	32,784
21	107	KY	HOPKINS	HAY	64
51	181	VA	SURRY	HAY	966
37	059	NC	DAVIE	HAY	9,257
30	095	MT	STILLWATER	HAY	36,583
29	061	MO	DAVIESS	HAY	161
08	001	CO	ADAMS	GRASSES & LEGUMES TOTALS	(D)
17	053	IL	FORD	HAY	1,803
36	009	NY	CATTARAUGUS	HAY	5,934
40	141	OK	TILLMAN	HAY	(D)
49	019	UT	GRAND	HAY	426
47	085	TN	HUMPHREYS	HAY	13,473
50	025	VT	WINDHAM	HAY	(D)
46	025	SD	CLARK	HAY	18,883
28	139	MS	TIPPAH	HAY	6,467
08	117	CO	SUMMIT	HAY	(D)
19	187	IA	WEBSTER	HAY	2,034
18	005	IN	BARTHOLOMEW	HAY	2,771
40	065	OK	JACKSON	HAY	13,784
48	195	TX	HANSFORD	HAY	(D)
06	025	CA	IMPERIAL	HAY	268,870
51	111	VA	LUNENBURG	HAY	8,707
56	027	WY	NIOBRARA	HAY	6,415
06	095	CA	SOLANO	HAY	28,126
13	287	GA	TURNER	SOD	(D)
53	053	WA	PIERCE	HAY	(D)
18	045	IN	FOUNTAIN	HAY	525
08	003	CO	ALAMOSA	HAY	17,407
21	179	KY	NELSON	HAY	2,324
37	077	NC	GRANVILLE	HAY	222
28	085	MS	LINCOLN	HAY	8,386
16	067	ID	MINIDOKA	HAY	3,199
04	007	AZ	GILA	HAY	512
20	159	KS	RICE	HAY	784
48	061	TX	CAMERON	HAY	6,063
41	001	OR	BAKER	HAY	54,258
01	003	AL	BALDWIN	HAY	180
04	007	AZ	GILA	HAY	512
54	107	WV	WOOD	HAY	82
53	025	WA	GRANT	GRASSES & LEGUMES TOTALS	6,651
13	305	GA	WAYNE	HAY	(D)
19	195	IA	WORTH	HAY	2,250
28	077	MS	LAWRENCE	HAY	6,883
04	019	AZ	PIMA	GRASSES & LEGUMES TOTALS	(D)
08	014	CO	BROOMFIELD	HAY	(D)
17	125	IL	MASON	HAY	1,604
22	039	LA	EVANGELINE	HAY	188
48	279	TX	LAMB	HAY	747
27	111	MN	OTTER TAIL	GRASSES & LEGUMES TOTALS	(D)
24	027	MD	HOWARD	HAY	929
25	003	MA	BERKSHIRE	HAY	82
51	079	VA	GREENE	HAY	606
42	041	PA	CUMBERLAND	HAY	70
13	283	GA	TREUTLEN	HAY	100
26	153	MI	SCHOOLCRAFT	HAY	1,876
08	101	CO	PUEBLO	HAY	1,546
47	125	TN	MONTGOMERY	HAY	(D)
27	149	MN	STEVENS	HAY	969
37	041	NC	CHOWAN	HAY	(D)
13	267	GA	TATTNALL	HAY	4,431
21	201	KY	ROBERTSON	HAY	538
31	109	NE	LANCASTER	HAY	21
48	421	TX	SHERMAN	HAY	7,112
21	003	KY	ALLEN	GRASSES & LEGUMES TOTALS	(D)
30	045	MT	JUDITH BASIN	HAY	7,758
51	091	VA	HIGHLAND	HAY	389
46	121	SD	TODD	HAY	59,727
01	133	AL	WINSTON	HAY	6,278
42	017	PA	BUCKS	HAY	169
01	077	AL	LAUDERDALE	HAY	27
46	107	SD	POTTER	HAY	18,253
19	161	IA	SAC	HAY	3,058
38	059	ND	MORTON	HAY	135,430
51	165	VA	ROCKINGHAM	HAY	28,321
21	009	KY	BARREN	HAY	51,876
53	039	WA	KLICKITAT	HAY	8,922
48	289	TX	LEON	HAY	455
40	123	OK	PONTOTOC	SOD	270
13	183	GA	LONG	HAY	(D)
48	189	TX	HALE	HAY	11,476
37	199	NC	YANCEY	HAY	2,179
51	089	VA	HENRY	HAY	8,484
39	165	OH	WARREN	HAY	3,653
37	043	NC	CLAY	HAY	3,940
48	341	TX	MOORE	HAY	5,634
28	013	MS	CALHOUN	HAY	202
17	187	IL	WARREN	HAY	1,071
31	039	NE	CUMING	HAY	12,138
30	079	MT	PRAIRIE	HAY	387
26	065	MI	INGHAM	HAY	1,765
48	425	TX	SOMERVELL	HAY	(D)
48	219	TX	HOCKLEY	HAY	2,459
46	065	SD	HUGHES	HAY	1,050
48	067	TX	CASS	HAY	728
46	083	SD	LINCOLN	HAY	1,352
41	027	OR	HOOD RIVER	HAY	771
48	325	TX	MEDINA	HAY	27,796
29	225	MO	WEBSTER	HAY	194
46	135	SD	YANKTON	HAY	(D)
19	009	IA	AUDUBON	HAY	4,268
16	065	ID	MADISON	HAY	(D)
39	077	OH	HURON	HAY	4,305
40	029	OK	COAL	HAY	(D)
21	131	KY	LESLIE	HAY	80
19	003	IA	ADAMS	HAY	13,568
40	099	OK	MURRAY	HAY	13,075
21	165	KY	MENIFEE	HAY	3,807
18	031	IN	DECATUR	HAY	2,924
06	085	CA	SANTA CLARA	HAY	268
04	009	AZ	GRAHAM	HAY	5,026
48	283	TX	LA SALLE	HAY	2,757
13	235	GA	PULASKI	HAY	240
08	115	CO	SEDGWICK	HAY	3,579
40	053	OK	GRANT	HAY	6,118
40	087	OK	MCCLAIN	HAY	(D)
30	035	MT	GLACIER	HAY	26,667
06	061	CA	PLACER	HAY	3,116
13	017	GA	BEN HILL	HAY	(D)
05	145	AR	WHITE	HAY	1,359
22	103	LA	SAINT TAMMANY	HAY	5,868
48	293	TX	LIMESTONE	HAY	24,168
54	099	WV	WAYNE	HAY	59
30	025	MT	FALLON	HAY	9,976
47	177	TN	WARREN	HAY	162
48	111	TX	DALLAM	HAY	55,409
40	025	OK	CIMARRON	HAY	(D)
39	085	OH	LAKE	HAY	211
05	075	AR	LAWRENCE	HAY	13,951
27	147	MN	STEELE	HAY	1,043
04	011	AZ	GREENLEE	HAY	2,985
27	003	MN	ANOKA	HAY	(D)
20	077	KS	HARPER	HAY	16,440
02		AK	KENAI PENINSULA	HAY	1,550
47	041	TN	DE KALB	HAY	125
29	119	MO	MCDONALD	HAY	29,756
47	131	TN	OBION	HAY	294
13	129	GA	GORDON	HAY	136
24	035	MD	QUEEN ANNES	HAY	1,222
22	019	LA	CALCASIEU	HAY	7,248
08	069	CO	LARIMER	HAY	12,738
13	029	GA	BRYAN	HAY	3,126
31	169	NE	THAYER	HAY	5,906
28	013	MS	CALHOUN	HAY	9,446
54	061	WV	MONONGALIA	HAY	7,013
24	041	MD	TALBOT	HAY	(D)
47	007	TN	BLEDSOE	HAY	219
31	151	NE	SALINE	HAY	761
41	049	OR	MORROW	HAY	17,483
39	135	OH	PREBLE	HAY	1,966
21	069	KY	FLEMING	HAY	7,779
30	105	MT	VALLEY	HAY	63,089
34	011	NJ	CUMBERLAND	HAY	197
20	051	KS	ELLIS	HAY	365
42	063	PA	INDIANA	HAY	35
21	003	KY	ALLEN	HAY	(D)
10	003	DE	NEW CASTLE	HAY	(D)
41	055	OR	SHERMAN	HAY	328
26	015	MI	BARRY	HAY	14,549
48	273	TX	KLEBERG	HAY	1,870
34	029	NJ	OCEAN	HAY	384
46	102	SD	OGLALA LAKOTA	HAY	17,149
42	117	PA	TIOGA	HAY	55,727
20	161	KS	RILEY	HAY	7,950
30	033	MT	GARFIELD	HAY	30,225
31	001	NE	ADAMS	HAY	1,753
13	243	GA	RANDOLPH	HAY	295
12	107	FL	PUTNAM	HAY	47
17	203	IL	WOODFORD	HAY	(D)
49	019	UT	GRAND	HAY	5,348
42	087	PA	MIFFLIN	HAY	3,391
31	163	NE	SHERMAN	HAY	13,163
13	275	GA	THOMAS	HAY	162
23	029	ME	WASHINGTON	HAY	924
41	049	OR	MORROW	GRASSES & LEGUMES TOTALS	8,257
12	069	FL	LAKE	HAY	479
13	119	GA	FRANKLIN	HAY	557
55	009	WI	BROWN	HAY	(D)
26	151	MI	SANILAC	HAY	2,418
12	001	FL	ALACHUA	HAY	26,116
31	145	NE	RED WILLOW	HAY	2,750
47	121	TN	MEIGS	HAY	19
25	003	MA	BERKSHIRE	HAY	82
12	129	FL	WAKULLA	HAY	947
13	205	GA	MITCHELL	HAY	(D)
49	023	UT	JUAB	HAY	9,771
17	097	IL	LAKE	SOD	(D)
26	095	MI	LUCE	HAY	1,570
36	071	NY	ORANGE	HAY	(D)
29	189	MO	ST LOUIS	HAY	1,020
53	037	WA	KITTITAS	HAY	11,658
20	167	KS	RUSSELL	HAY	116
06	031	CA	KINGS	HAY	15,107
40	037	OK	CREEK	HAY	36,322
26	015	MI	BARRY	HAY	17,009
19	069	IA	FRANKLIN	HAY	2,491
13	257	GA	STEPHENS	HAY	(D)
50	019	VT	ORLEANS	HAY	14,193
16	083	ID	TWIN FALLS	GRASSES & LEGUMES TOTALS	116
16	041	ID	FRANKLIN	HAY	36,521
54	097	WV	UPSHUR	HAY	6,622
01	025	AL	CLARKE	HAY	(D)
13	015	GA	BARTOW	HAY	(D)
13	149	GA	HEARD	SOD	(D)
36	039	NY	GREENE	HAY	6,582
47	035	TN	CUMBERLAND	HAY	4
51	051	VA	DICKENSON	HAY	1,121
38	059	ND	MORTON	HAY	1,514
41	025	OR	HARNEY	GRASSES & LEGUMES TOTALS	(D)
30	047	MT	LAKE	HAY	30,043
28	065	MS	JEFFERSON DAVIS	HAY	5,417
45	017	SC	CALHOUN	HAY	(D)
13	167	GA	JOHNSON	HAY	4,383
37	083	NC	HALIFAX	HAY	(D)
48	005	TX	ANGELINA	HAY	6,927
17	079	IL	JASPER	HAY	2,409
32	031	NV	WASHOE	HAY	6,972
47	099	TN	LAWRENCE	HAY	27,994
18	155	IN	SWITZERLAND	HAY	137
12	103	FL	PINELLAS	HAY	(D)
01	019	AL	CHEROKEE	HAY	(D)
46	081	SD	LAWRENCE	HAY	2,927
18	065	IN	HENRY	HAY	1,142
48	317	TX	MARTIN	HAY	13,175
42	127	PA	WAYNE	HAY	282
20	167	KS	RUSSELL	HAY	14,920
41	047	OR	MARION	HAY	4,736
24	011	MD	CAROLINE	HAY	94
49	015	UT	EMERY	HAY	3,508
18	071	IN	JACKSON	SOD	(D)
49	021	UT	IRON	HAY	10,378
48	457	TX	TYLER	HAY	5,430
56	037	WY	SWEETWATER	HAY	10,716
29	183	MO	ST CHARLES	HAY	6,148
42	107	PA	SCHUYLKILL	GRASSES & LEGUMES TOTALS	(D)
47	117	TN	MARSHALL	HAY	612
18	099	IN	MARSHALL	HAY	(D)
08	045	CO	GARFIELD	GRASSES & LEGUMES TOTALS	(D)
47	081	TN	HICKMAN	HAY	42
29	009	MO	BARRY	HAY	(D)
12	047	FL	HAMILTON	HAY	5,245
49	017	UT	GARFIELD	HAY	(D)
01	005	AL	BARBOUR	HAY	12,050
53	063	WA	SPOKANE	HAY	3,027
48	105	TX	CROCKETT	HAY	1,500
37	037	NC	CHATHAM	HAY	202
51	009	VA	AMHERST	HAY	1,152
13	187	GA	LUMPKIN	HAY	459
54	073	WV	PLEASANTS	HAY	(D)
55	135	WI	WAUPACA	HAY	19,412
38	003	ND	BARNES	HAY	8,473
55	131	WI	WASHINGTON	HAY	9,421
48	011	TX	ARMSTRONG	HAY	(D)
53	039	WA	KLICKITAT	HAY	37,040
18	091	IN	LA PORTE	HAY	983
45	085	SC	SUMTER	HAY	324
31	181	NE	WEBSTER	HAY	12,790
16	051	ID	JEFFERSON	GRASSES & LEGUMES TOTALS	(D)
30	111	MT	YELLOWSTONE	HAY	15,653
27	077	MN	LAKE OF THE WOODS	HAY	1,908
37	125	NC	MOORE	HAY	200
30	087	MT	ROSEBUD	HAY	19,054
47	025	TN	CLAIBORNE	HAY	544
50	003	VT	BENNINGTON	HAY	(D)
05	121	AR	RANDOLPH	HAY	22,982
28	139	MS	TIPPAH	SOD	(D)
38	049	ND	MCHENRY	HAY	4,416
26	147	MI	ST CLAIR	HAY	5,765
48	081	TX	COKE	HAY	3,920
20	189	KS	STEVENS	HAY	(D)
26	023	MI	BRANCH	HAY	61
40	051	OK	GRADY	SOD	(D)
48	355	TX	NUECES	HAY	(D)
55	005	WI	BARRON	HAY	(D)
21	161	KY	MASON	SOD	(D)
28	139	MS	TIPPAH	HAY	24
20	067	KS	GRANT	HAY	(D)
19	113	IA	LINN	HAY	(D)
27	163	MN	WASHINGTON	HAY	5,275
54	055	WV	MERCER	HAY	7,070
39	079	OH	JACKSON	HAY	12,948
48	077	TX	CLAY	HAY	(D)
30	103	MT	TREASURE	GRASSES & LEGUMES TOTALS	1,087
18	053	IN	GRANT	HAY	836
36	111	NY	ULSTER	HAY	5,185
42	037	PA	COLUMBIA	HAY	6,191
55	063	WI	LA CROSSE	HAY	11,224
27	089	MN	MARSHALL	HAY	21,264
53	061	WA	SNOHOMISH	GRASSES & LEGUMES TOTALS	(D)
37	059	NC	DAVIE	HAY	376
21	045	KY	CASEY	HAY	32,048
40	123	OK	PONTOTOC	HAY	31,818
13	239	GA	QUITMAN	HAY	215
48	239	TX	JACKSON	HAY	675
36	099	NY	SENECA	HAY	4,710
13	083	GA	DADE	HAY	3,542
16	071	ID	ONEIDA	GRASSES & LEGUMES TOTALS	4,116
29	011	MO	BARTON	HAY	(D)
31	139	NE	PIERCE	HAY	6,384
17	203	IL	WOODFORD	HAY	1,118
08	011	CO	BENT	GRASSES & LEGUMES TOTALS	(D)
30	099	MT	TETON	HAY	9,924
13	261	GA	SUMTER	HAY	(D)
53	043	WA	LINCOLN	HAY	24,098
13	183	GA	LONG	HAY	(D)
46	045	SD	EDMUNDS	HAY	(D)
40	149	OK	WASHITA	HAY	36,096
40	007	OK	BEAVER	HAY	23,698
48	313	TX	MADISON	HAY	864
45	019	SC	CHARLESTON	HAY	580
39	147	OH	SENECA	HAY	(D)
37	093	NC	HOKE	HAY	1,546
08	097	CO	PITKIN	HAY	3,645
30	023	MT	DEER LODGE	HAY	1,378
35	029	NM	LUNA	HAY	4,163
55	063	WI	LA CROSSE	HAY	(D)
13	199	GA	MERIWETHER	HAY	10,154
30	073	MT	PONDERA	HAY	13,213
26	139	MI	OTTAWA	HAY	(D)
38	057	ND	MERCER	HAY	371
42	023	PA	CAMERON	HAY	440
01	061	AL	GENEVA	HAY	7,387
36	039	NY	GREENE	HAY	5,693
37	099	NC	JACKSON	HAY	36
48	257	TX	KAUFMAN	HAY	(D)
48	389	TX	REEVES	HAY	(D)
01	067	AL	HENRY	HAY	9,585
17	049	IL	EFFINGHAM	HAY	4
21	209	KY	SCOTT	HAY	19,672
21	065	KY	ESTILL	HAY	6,663
20	149	KS	POTTAWATOMIE	HAY	6,077
41	001	OR	BAKER	GRASSES & LEGUMES TOTALS	(D)
17	117	IL	MACOUPIN	HAY	4,983
49	049	UT	UTAH	HAY	19,835
47	143	TN	RHEA	HAY	13,526
06	073	CA	SAN DIEGO	HAY	(D)
16	069	ID	NEZ PERCE	GRASSES & LEGUMES TOTALS	4,922
55	103	WI	RICHLAND	HAY	22,362
30	075	MT	POWDER RIVER	GRASSES & LEGUMES TOTALS	340
55	121	WI	TREMPEALEAU	HAY	19,495
19	001	IA	ADAIR	HAY	19,073
48	053	TX	BURNET	HAY	5,709
41	027	OR	HOOD RIVER	HAY	(D)
40	049	OK	GARVIN	HAY	40,459
55	119	WI	TAYLOR	HAY	13,711
55	067	WI	LANGLADE	HAY	11,559
16	037	ID	CUSTER	HAY	24,951
29	089	MO	HOWARD	HAY	16,977
35	031	NM	MCKINLEY	HAY	(D)
10	003	DE	NEW CASTLE	HAY	(D)
46	011	SD	BROOKINGS	HAY	639
06	033	CA	LAKE	HAY	113
55	093	WI	PIERCE	HAY	(D)
18	045	IN	FOUNTAIN	HAY	2,062
20	067	KS	GRANT	HAY	10,128
17	017	IL	CASS	HAY	(D)
12	111	FL	ST. LUCIE	HAY	514
53	045	WA	MASON	HAY	(D)
36	095	NY	SCHOHARIE	HAY	17
40	139	OK	TEXAS	HAY	18,500
56	007	WY	CARBON	HAY	81,467
21	063	KY	ELLIOTT	HAY	(D)
34	025	NJ	MONMOUTH	HAY	37
20	023	KS	CHEYENNE	HAY	4,028
48	285	TX	LAVACA	HAY	44,102
19	081	IA	HANCOCK	HAY	(D)
01	049	AL	DE KALB	HAY	128
41	057	OR	TILLAMOOK	HAY	1,044
19	139	IA	MUSCATINE	HAY	4,792
48	475	TX	WARD	HAY	467
27	171	MN	WRIGHT	HAY	14,300
46	073	SD	JERAULD	HAY	815
21	007	KY	BALLARD	HAY	361
26	097	MI	MACKINAC	HAY	1,106
12	073	FL	LEON	SOD	(D)
27	089	MN	MARSHALL	HAY	19,390
19	081	IA	HANCOCK	HAY	3,296
13	263	GA	TALBOT	HAY	883
54	105	WV	WIRT	HAY	337
01	079	AL	LAWRENCE	HAY	187
47	033	TN	CROCKETT	HAY	(D)
27	077	MN	LAKE OF THE WOODS	HAY	6,179
17	143	IL	PEORIA	HAY	(D)
40	043	OK	DEWEY	HAY	23,694
21	239	KY	WOODFORD	HAY	12,898
17	095	IL	KNOX	HAY	3,463
41	057	OR	TILLAMOOK	HAY	2,326
35	011	NM	DE BACA	HAY	(D)
12	097	FL	OSCEOLA	SOD	(D)
48	419	TX	SHELBY	HAY	15,954
31	141	NE	PLATTE	HAY	465
38	099	ND	WALSH	HAY	(D)
48	349	TX	NAVARRO	HAY	43,332
23	019	ME	PENOBSCOT	HAY	8,696
29	153	MO	OZARK	HAY	22,715
48	171	TX	GILLESPIE	HAY	8,610
20	031	KS	COFFEY	HAY	(D)
19	125	IA	MARION	HAY	3,695
31	123	NE	MORRILL	HAY	20,774
48	493	TX	WILSON	HAY	8,767
20	005	KS	ATCHISON	HAY	1,297
29	115	MO	LINN	HAY	37,517
18	089	IN	LAKE	HAY	1,061
27	097	MN	MORRISON	HAY	22,179
21	083	KY	GRAVES	HAY	10,053
56	007	WY	CARBON	HAY	80,137
30	061	MT	MINERAL	HAY	(D)
51	077	VA	GRAYSON	HAY	2,840
18	035	IN	DELAWARE	HAY	(D)
12	017	FL	CITRUS	HAY	(D)
26	129	MI	OGEMAW	HAY	1,982
06	023	CA	HUMBOLDT	HAY	1,471
13	081	GA	CRISP	HAY	212
01	051	AL	ELMORE	HAY	4,414
38	089	ND	STARK	HAY	28,654
21	101	KY	HENDERSON	HAY	3,435
13	153	GA	HOUSTON	HAY	3,597
48	033	TX	BORDEN	HAY	3,234
13	003	GA	ATKINSON	HAY	(D)
18	047	IN	FRANKLIN	HAY	3,855
38	069	ND	PIERCE	HAY	29,260
17	179	IL	TAZEWELL	HAY	2,274
31	005	NE	ARTHUR	HAY	14,196
27	139	MN	SCOTT	SOD	(D)
35	033	NM	MORA	HAY	4,527
41	013	OR	CROOK	HAY	23,484
48	021	TX	BASTROP	HAY	14,036
20	113	KS	MCPHERSON	HAY	13,045
13	085	GA	DAWSON	HAY	(D)
24	047	MD	WORCESTER	HAY	709
31	179	NE	WAYNE	HAY	(D)
12	021	FL	COLLIER	HAY	1,350
36	089	NY	ST LAWRENCE	HAY	50
20	119	KS	MEADE	HAY	3,455
16	087	ID	WASHINGTON	GRASSES & LEGUMES TOTALS	(D)
54	013	WV	CALHOUN	HAY	(D)
40	007	OK	BEAVER	HAY	9,628
05	121	AR	RANDOLPH	HAY	248
27	083	MN	LYON	HAY	4,496
29	173	MO	RALLS	HAY	8,230
08	107	CO	ROUTT	HAY	14,256
39	127	OH	PERRY	HAY	5,952
54	079	WV	PUTNAM	HAY	8,435
31	149	NE	ROCK	HAY	78,630
27	129	MN	RENVILLE	HAY	2,274
29	169	MO	PULASKI	HAY	15,573
28	095	MS	MONROE	HAY	(D)
18	113	IN	NOBLE	HAY	866
56	045	WY	WESTON	HAY	6,632
18	049	IN	FULTON	HAY	735
05	091	AR	MILLER	HAY	950
42	071	PA	LANCASTER	GRASSES & LEGUMES TOTALS	(D)
04	027	AZ	YUMA	HAY	52,089
08	039	CO	ELBERT	HAY	5,711
48	043	TX	BREWSTER	HAY	(D)
24	043	MD	WASHINGTON	HAY	3,186
36	021	NY	COLUMBIA	HAY	2,765
13	223	GA	PAULDING	HAY	(D)
42	113	PA	SULLIVAN	HAY	2,590
28	127	MS	SIMPSON	HAY	8,211
17	117	IL	MACOUPIN	HAY	110
01	109	AL	PIKE	HAY	(D)
48	147	TX	FANNIN	SOD	(D)
06	111	CA	VENTURA	HAY	(D)
31	017	NE	BROWN	HAY	34,427
06	045	CA	MENDOCINO	SOD	(D)
37	135	NC	ORANGE	HAY	79
51	057	VA	ESSEX	HAY	638
40	099	OK	MURRAY	HAY	24
39	131	OH	PIKE	HAY	114
39	081	OH	JEFFERSON	HAY	(D)
12	007	FL	BRADFORD	HAY	4,007
39	015	OH	BROWN	HAY	2,470
21	011	KY	BATH	HAY	2,540
17	101	IL	LAWRENCE	HAY	724
48	083	TX	COLEMAN	HAY	10,115
31	065	NE	FURNAS	HAY	5,964
21	035	KY	CALLOWAY	HAY	(D)
27	051	MN	GRANT	HAY	(D)
06	065	CA	RIVERSIDE	HAY	15,252
48	349	TX	NAVARRO	HAY	(D)
20	057	KS	FORD	HAY	5,613
54	067	WV	NICHOLAS	HAY	6,608
21	009	KY	BARREN	HAY	2,403
29	145	MO	NEWTON	HAY	1,821
51	109	VA	LOUISA	HAY	620
26	087	MI	LAPEER	HAY	(D)
50	017	VT	ORANGE	HAY	(D)
48	351	TX	NEWTON	HAY	146
48	225	TX	HOUSTON	HAY	46,447
27	069	MN	KITTSON	HAY	36
48	363	TX	PALO PINTO	HAY	18,245
29	115	MO	LINN	HAY	(D)
36	063	NY	NIAGARA	HAY	209
13	023	GA	BLECKLEY	HAY	(D)
20	021	KS	CHEROKEE	HAY	16,054
06	079	CA	SAN LUIS OBISPO	HAY	749
19	019	IA	BUCHANAN	HAY	5,941
54	011	WV	CABELL	HAY	667
19	023	IA	BUTLER	HAY	1,009
45	007	SC	ANDERSON	HAY	2,819
22	001	LA	ACADIA	HAY	112
26	019	MI	BENZIE	HAY	(D)
19	101	IA	JEFFERSON	HAY	19
53	053	WA	PIERCE	HAY	5,301
51	113	VA	MADISON	HAY	14,621
17	119	IL	MADISON	HAY	50
37	085	NC	HARNETT	HAY	260
48	217	TX	HILL	HAY	41,349
47	117	TN	MARSHALL	HAY	(D)
29	039	MO	CEDAR	HAY	492
54	097	WV	UPSHUR	HAY	679
37	161	NC	RUTHERFORD	HAY	(D)
48	221	TX	HOOD	HAY	18,855
46	057	SD	HAMLIN	HAY	6,876
40	147	OK	WASHINGTON	HAY	617
08	037	CO	EAGLE	HAY	5,016
54	101	WV	WEBSTER	HAY	588
05	057	AR	HEMPSTEAD	HAY	45,897
48	391	TX	REFUGIO	HAY	(D)
20	187	KS	STANTON	HAY	4,134
48	351	TX	NEWTON	HAY	1,776
18	051	IN	GIBSON	HAY	2,625
44	007	RI	PROVIDENCE	HAY	102
13	013	GA	BARROW	HAY	(D)
13	045	GA	CARROLL	HAY	234
48	265	TX	KERR	HAY	2,200
21	015	KY	BOONE	HAY	(D)
39	127	OH	PERRY	HAY	9,076
30	023	MT	DEER LODGE	HAY	3,166
27	057	MN	HUBBARD	HAY	6,619
48	137	TX	EDWARDS	HAY	(D)
31	125	NE	NANCE	HAY	(D)
29	217	MO	VERNON	HAY	(D)
17	149	IL	PIKE	HAY	5,997
26	087	MI	LAPEER	HAY	(D)
30	011	MT	CARTER	HAY	82,008
35	035	NM	OTERO	HAY	(D)
26	085	MI	LAKE	HAY	1,962
48	413	TX	SCHLEICHER	HAY	1,618
24	043	MD	WASHINGTON	HAY	12,706
38	029	ND	EMMONS	HAY	(D)
48	375	TX	POTTER	HAY	4,261
37	067	NC	FORSYTH	HAY	4,201
22	105	LA	TANGIPAHOA	HAY	17,942
54	099	WV	WAYNE	HAY	59
05	057	AR	HEMPSTEAD	HAY	738
48	061	TX	CAMERON	HAY	4,404
39	091	OH	LOGAN	HAY	100
18	083	IN	KNOX	HAY	1,554
48	145	TX	FALLS	HAY	1,150
47	021	TN	CHEATHAM	HAY	7,820
42	111	PA	SOMERSET	HAY	25,010
29	177	MO	RAY	HAY	25,787
20	195	KS	TREGO	HAY	4,390
09	011	CT	NEW LONDON	HAY	9,200
46	115	SD	SPINK	HAY	22,213
21	177	KY	MUHLENBERG	HAY	347
42	051	PA	FAYETTE	HAY	282
06	091	CA	SIERRA	HAY	1,459
47	065	TN	HAMILTON	HAY	(D)
24	019	MD	DORCHESTER	HAY	(D)
40	023	OK	CHOCTAW	HAY	250
47	035	TN	CUMBERLAND	HAY	258
19	055	IA	DELAWARE	HAY	14,724
48	471	TX	WALKER	HAY	172
12	063	FL	JACKSON	SOD	(D)
13	087	GA	DECATUR	HAY	445
31	067	NE	GAGE	HAY	7,158
48	439	TX	TARRANT	HAY	(D)
40	013	OK	BRYAN	HAY	321
13	067	GA	COBB	HAY	(D)
20	131	KS	NEMAHA	GRASSES & LEGUMES TOTALS	(D)
49	015	UT	EMERY	HAY	20,587
13	131	GA	GRADY	HAY	51
48	033	TX	BORDEN	HAY	(D)
41	061	OR	UNION	HAY	5,482
36	023	NY	CORTLAND	HAY	3,709
08	101	CO	PUEBLO	HAY	4,213
47	047	TN	FAYETTE	HAY	162
54	087	WV	ROANE	HAY	621
29	203	MO	SHANNON	GRASSES & LEGUMES TOTALS	(D)
16	059	ID	LEMHI	HAY	30,322
26	131	MI	ONTONAGON	HAY	6,703
41	007	OR	CLATSOP	HAY	70
47	079	TN	HENRY	HAY	416
48	493	TX	WILSON	HAY	33,756
49	011	UT	DAVIS	HAY	2,285
47	043	TN	DICKSON	HAY	40
20	043	KS	DONIPHAN	HAY	2,756
28	071	MS	LAFAYETTE	HAY	5,347
47	041	TN	DE KALB	HAY	262
20	065	KS	GRAHAM	HAY	10,111
48	275	TX	KNOX	HAY	6,466
55	113	WI	SAWYER	HAY	(D)
38	047	ND	LOGAN	HAY	24,802
39	029	OH	COLUMBIANA	HAY	16
53	057	WA	SKAGIT	HAY	(D)
48	141	TX	EL PASO	HAY	(D)
21	117	KY	KENTON	HAY	826
47	075	TN	HAYWOOD	SOD	(D)
26	117	MI	MONTCALM	HAY	54
42	127	PA	WAYNE	HAY	1,728
48	031	TX	BLANCO	HAY	1,974
27	151	MN	SWIFT	HAY	749
53	075	WA	WHITMAN	HAY	7,301
22	125	LA	WEST FELICIANA	HAY	2,627
13	267	GA	TATTNALL	HAY	(D)
18	043	IN	FLOYD	HAY	241
20	027	KS	CLAY	HAY	13,859
31	011	NE	BOONE	HAY	14,430
39	129	OH	PICKAWAY	SOD	(D)
48	427	TX	STARR	HAY	8,644
08	095	CO	PHILLIPS	HAY	2,598
17	159	IL	RICHLAND	HAY	(D)
05	015	AR	CARROLL	HAY	202
40	117	OK	PAWNEE	HAY	20,177
46	089	SD	MCPHERSON	HAY	(D)
08	015	CO	CHAFFEE	HAY	(D)
49	017	UT	GARFIELD	HAY	12,722
18	155	IN	SWITZERLAND	HAY	5,154
40	041	OK	DELAWARE	HAY	46,598
16	049	ID	IDAHO	HAY	181
26	095	MI	LUCE	HAY	536
37	115	NC	MADISON	HAY	4,473
38	063	ND	NELSON	HAY	4,729
48	249	TX	JIM WELLS	HAY	7,633
41	043	OR	LINN	HAY	20,695
56	013	WY	FREMONT	HAY	14,320
17	125	IL	MASON	HAY	2,774
01	085	AL	LOWNDES	HAY	15,072
39	059	OH	GUERNSEY	SOD	(D)
31	037	NE	COLFAX	HAY	1,702
08	119	CO	TELLER	HAY	923
47	011	TN	BRADLEY	HAY	13,613
05	097	AR	MONTGOMERY	HAY	15,264
13	277	GA	TIFT	HAY	337
49	051	UT	WASATCH	HAY	2,046
20	047	KS	EDWARDS	HAY	4,023
12	073	FL	LEON	HAY	64
42	133	PA	YORK	HAY	6,875
12	001	FL	ALACHUA	HAY	161
13	003	GA	ATKINSON	HAY	(D)
20	005	KS	ATCHISON	HAY	13,444
40	149	OK	WASHITA	SOD	(D)
01	069	AL	HOUSTON	HAY	9,463
32	021	NV	MINERAL	HAY	2,441
38	061	ND	MOUNTRAIL	HAY	57,348
37	145	NC	PERSON	HAY	(D)
48	503	TX	YOUNG	HAY	(D)
55	081	WI	MONROE	HAY	(D)
31	015	NE	BOYD	HAY	18,695
45	085	SC	SUMTER	HAY	3,424
28	023	MS	CLARKE	HAY	6,000
37	175	NC	TRANSYLVANIA	HAY	1,618
48	345	TX	MOTLEY	HAY	282
20	143	KS	OTTAWA	HAY	9,448
19	165	IA	SHELBY	HAY	1,075
26	009	MI	ANTRIM	HAY	(D)
39	051	OH	FULTON	HAY	2,795
16	055	ID	KOOTENAI	HAY	1,026
40	139	OK	TEXAS	HAY	1,753
37	197	NC	YADKIN	HAY	10,382
47	139	TN	POLK	HAY	82
46	069	SD	HYDE	HAY	29,156
21	183	KY	OHIO	HAY	12,195
39	151	OH	STARK	HAY	(D)
31	051	NE	DIXON	HAY	(D)
47	151	TN	SCOTT	HAY	81
55	019	WI	CLARK	HAY	(D)
17	075	IL	IROQUOIS	HAY	826
20	043	KS	DONIPHAN	HAY	(D)
48	151	TX	FISHER	HAY	496
45	043	SC	GEORGETOWN	HAY	390
46	057	SD	HAMLIN	HAY	83
29	011	MO	BARTON	HAY	(D)
13	303	GA	WASHINGTON	HAY	(D)
32	005	NV	DOUGLAS	HAY	6,949
27	039	MN	DODGE	HAY	(D)
48	285	TX	LAVACA	HAY	43,448
45	051	SC	HORRY	HAY	3,311
29	229	MO	WRIGHT	HAY	45,790
48	277	TX	LAMAR	HAY	53,521
17	097	IL	LAKE	HAY	829
30	035	MT	GLACIER	HAY	9,936
48	385	TX	REAL	HAY	(D)
13	117	GA	FORSYTH	SOD	(D)
21	123	KY	LARUE	HAY	(D)
48	085	TX	COLLIN	HAY	268
18	175	IN	WASHINGTON	HAY	13,234
12	081	FL	MANATEE	HAY	4,839
53	055	WA	SAN JUAN	HAY	(D)
48	363	TX	PALO PINTO	HAY	1,385
13	161	GA	JEFF DAVIS	HAY	888
30	067	MT	PARK	HAY	46,660
16	041	ID	FRANKLIN	SOD	(D)
20	123	KS	MITCHELL	HAY	9,641
18	095	IN	MADISON	HAY	(D)
08	027	CO	CUSTER	HAY	(D)
09	013	CT	TOLLAND	HAY	(D)
01	003	AL	BALDWIN	HAY	180
48	415	TX	SCURRY	HAY	(D)
46	089	SD	MCPHERSON	HAY	(D)
19	087	IA	HENRY	HAY	24
30	073	MT	PONDERA	HAY	2,415
46	061	SD	HANSON	HAY	(D)
21	193	KY	PERRY	HAY	117
06	071	CA	SAN BERNARDINO	SOD	1,644
31	021	NE	BURT	HAY	102
01	119	AL	SUMTER	HAY	90
49	011	UT	DAVIS	HAY	554
49	021	UT	IRON	HAY	58,622
27	001	MN	AITKIN	SOD	(D)
05	131	AR	SEBASTIAN	HAY	23,024
47	037	TN	DAVIDSON	HAY	430
48	265	TX	KERR	HAY	1,034
55	015	WI	CALUMET	HAY	10,680
48	073	TX	CHEROKEE	HAY	421
01	107	AL	PICKENS	HAY	400
53	027	WA	GRAYS HARBOR	HAY	3,924
42	043	PA	DAUPHIN	HAY	3,998
46	075	SD	JONES	HAY	24,183
13	295	GA	WALKER	HAY	13,128
19	167	IA	SIOUX	HAY	29
28	089	MS	MADISON	HAY	7,343
48	179	TX	GRAY	HAY	(D)
18	105	IN	MONROE	HAY	6,314
01	129	AL	WASHINGTON	HAY	4,046
30	097	MT	SWEET GRASS	HAY	5,238
36	077	NY	OTSEGO	HAY	(D)
20	007	KS	BARBER	HAY	(D)
09	005	CT	LITCHFIELD	HAY	15,501
28	075	MS	LAUDERDALE	HAY	4,784
20	069	KS	GRAY	HAY	19,342
42	059	PA	GREENE	HAY	22,502
06	055	CA	NAPA	HAY	(D)
21	029	KY	BULLITT	HAY	(D)
08	087	CO	MORGAN	GRASSES & LEGUMES TOTALS	(D)
12	023	FL	COLUMBIA	HAY	894
47	149	TN	RUTHERFORD	HAY	716
37	063	NC	DURHAM	HAY	2,263
05	147	AR	WOODRUFF	HAY	306
01	091	AL	MARENGO	HAY	(D)
29	101	MO	JOHNSON	HAY	80
41	021	OR	GILLIAM	HAY	999
54	013	WV	CALHOUN	HAY	7,002
55	059	WI	KENOSHA	HAY	3,939
22	033	LA	EAST BATON ROUGE	HAY	6,846
17	165	IL	SALINE	HAY	7,842
48	461	TX	UPTON	HAY	2,030
50	019	VT	ORLEANS	GRASSES & LEGUMES TOTALS	(D)
36	007	NY	BROOME	HAY	12,461
29	229	MO	WRIGHT	HAY	2,195
45	055	SC	KERSHAW	HAY	42
48	473	TX	WALLER	SOD	(D)
26	021	MI	BERRIEN	HAY	(D)
31	107	NE	KNOX	GRASSES & LEGUMES TOTALS	(D)
35	006	NM	CIBOLA	HAY	852
48	249	TX	JIM WELLS	HAY	273
55	015	WI	CALUMET	HAY	9,143
16	043	ID	FREMONT	HAY	30,904
51	191	VA	WASHINGTON	HAY	29,897
49	045	UT	TOOELE	HAY	6,230
12	033	FL	ESCAMBIA	HAY	(D)
21	187	KY	OWEN	HAY	26,139
13	071	GA	COLQUITT	HAY	(D)
48	237	TX	JACK	HAY	109
32	003	NV	CLARK	HAY	(D)
48	335	TX	MITCHELL	HAY	9,563
45	085	SC	SUMTER	HAY	96
36	123	NY	YATES	HAY	17,817
55	019	WI	CLARK	HAY	(D)
31	173	NE	THURSTON	HAY	(D)
41	047	OR	MARION	HAY	5,243
45	037	SC	EDGEFIELD	HAY	(D)
17	173	IL	SHELBY	HAY	2,370
39	077	OH	HURON	HAY	87
42	103	PA	PIKE	HAY	(D)
29	011	MO	BARTON	GRASSES & LEGUMES TOTALS	930
02		AK	ANCHORAGE	HAY	(D)
25	009	MA	ESSEX	HAY	1,901
42	055	PA	FRANKLIN	HAY	14,181
40	045	OK	ELLIS	HAY	921
48	335	TX	MITCHELL	HAY	2,822
18	047	IN	FRANKLIN	HAY	(D)
28	043	MS	GRENADA	HAY	5,109
48	249	TX	JIM WELLS	HAY	770
40	065	OK	JACKSON	HAY	1,720
37	107	NC	LENOIR	HAY	2,572
29	097	MO	JASPER	GRASSES & LEGUMES TOTALS	(D)
54	069	WV	OHIO	HAY	4,969
06	113	CA	YOLO	GRASSES & LEGUMES TOTALS	240
40	027	OK	CLEVELAND	HAY	(D)
48	039	TX	BRAZORIA	HAY	28
05	009	AR	BOONE	HAY	74
27	129	MN	RENVILLE	HAY	761
06	025	CA	IMPERIAL	HAY	271,395
18	015	IN	CARROLL	HAY	427
53	075	WA	WHITMAN	HAY	2,379
31	159	NE	SEWARD	HAY	3,132
53	077	WA	YAKIMA	HAY	5,661
32	013	NV	HUMBOLDT	SOD	(D)
29	185	MO	ST CLAIR	HAY	(D)
32	007	NV	ELKO	HAY	69,808
18	123	IN	PERRY	HAY	7,085
48	179	TX	GRAY	HAY	968
54	089	WV	SUMMERS	HAY	596
37	165	NC	SCOTLAND	HAY	(D)
54	087	WV	ROANE	HAY	13,849
45	015	SC	BERKELEY	HAY	(D)
20	025	KS	CLARK	HAY	(D)
37	075	NC	GRAHAM	HAY	(D)
18	047	IN	FRANKLIN	HAY	(D)
53	027	WA	GRAYS HARBOR	HAY	538
19	047	IA	CRAWFORD	HAY	15
51	025	VA	BRUNSWICK	HAY	4,320
18	005	IN	BARTHOLOMEW	HAY	774
48	011	TX	ARMSTRONG	HAY	947
05	069	AR	JEFFERSON	HAY	4,051
36	073	NY	ORLEANS	HAY	2,889
19	031	IA	CEDAR	HAY	8,780
19	085	IA	HARRISON	HAY	(D)
31	115	NE	LOUP	HAY	7,393
47	171	TN	UNICOI	HAY	(D)
37	091	NC	HERTFORD	HAY	(D)
34	011	NJ	CUMBERLAND	HAY	3,267
45	051	SC	HORRY	HAY	71
17	091	IL	KANKAKEE	HAY	11
46	103	SD	PENNINGTON	HAY	5,405
16	053	ID	JEROME	HAY	28,839
10	005	DE	SUSSEX	HAY	1,349
41	031	OR	JEFFERSON	HAY	6,697
29	095	MO	JACKSON	HAY	36
13	193	GA	MACON	HAY	1,312
21	115	KY	JOHNSON	HAY	1,666
16	003	ID	ADAMS	HAY	5,076
55	123	WI	VERNON	HAY	42,605
48	173	TX	GLASSCOCK	HAY	(D)
41	011	OR	COOS	HAY	1,614
31	097	NE	JOHNSON	HAY	3,648
13	085	GA	DAWSON	HAY	1,788
48	021	TX	BASTROP	HAY	250
46	117	SD	STANLEY	HAY	(D)
39	029	OH	COLUMBIANA	HAY	16
13	261	GA	SUMTER	HAY	2,970
28	093	MS	MARSHALL	SOD	66
48	191	TX	HALL	HAY	1,869
48	071	TX	CHAMBERS	HAY	11,570
31	139	NE	PIERCE	HAY	9,044
46	029	SD	CODINGTON	HAY	11,291
38	045	ND	LA MOURE	HAY	11,669
53	069	WA	WAHKIAKUM	HAY	(D)
16	061	ID	LEWIS	HAY	88
06	027	CA	INYO	HAY	6,529
55	061	WI	KEWAUNEE	HAY	749
32	023	NV	NYE	HAY	7,730
40	039	OK	CUSTER	HAY	8,883
26	027	MI	CASS	HAY	(D)
31	107	NE	KNOX	HAY	10,264
38	099	ND	WALSH	HAY	15,724
19	187	IA	WEBSTER	HAY	(D)
01	023	AL	CHOCTAW	HAY	(D)
51	119	VA	MIDDLESEX	HAY	1,786
53	073	WA	WHATCOM	SOD	(D)
29	186	MO	STE GENEVIEVE	HAY	20,579
55	011	WI	BUFFALO	HAY	20,709
40	077	OK	LATIMER	HAY	19,834
38	105	ND	WILLIAMS	HAY	45,994
06	069	CA	SAN BENITO	HAY	(D)
20	123	KS	MITCHELL	HAY	78
17	143	IL	PEORIA	SOD	287
20	047	KS	EDWARDS	HAY	7,203
04	015	AZ	MOHAVE	HAY	19,574
18	135	IN	RANDOLPH	HAY	995
48	449	TX	TITUS	HAY	341
13	059	GA	CLARKE	HAY	(D)
40	081	OK	LINCOLN	SOD	210
08	077	CO	MESA	SOD	(D)
39	127	OH	PERRY	HAY	3,124
13	211	GA	MORGAN	HAY	840
01	025	AL	CLARKE	HAY	(D)
48	397	TX	ROCKWALL	HAY	(D)
22	117	LA	WASHINGTON	HAY	345
34	001	NJ	ATLANTIC	HAY	561
20	093	KS	KEARNY	HAY	22,721
21	181	KY	NICHOLAS	HAY	12,828
48	421	TX	SHERMAN	HAY	1,630
39	045	OH	FAIRFIELD	HAY	70
55	097	WI	PORTAGE	HAY	73
23	031	ME	YORK	HAY	49
42	011	PA	BERKS	HAY	12,250
46	041	SD	DEWEY	HAY	85,848
29	229	MO	WRIGHT	GRASSES & LEGUMES TOTALS	255
53	009	WA	CLALLAM	HAY	1,132
12	101	FL	PASCO	HAY	689
06	105	CA	TRINITY	HAY	475
55	081	WI	MONROE	HAY	21,607
51	183	VA	SUSSEX	HAY	(D)
26	017	MI	BAY	HAY	84
27	041	MN	DOUGLAS	HAY	(D)
29	149	MO	OREGON	HAY	703
37	019	NC	BRUNSWICK	HAY	9
27	103	MN	NICOLLET	HAY	2,458
30	057	MT	MADISON	HAY	39,343
48	033	TX	BORDEN	HAY	(D)
45	089	SC	WILLIAMSBURG	HAY	2,444
29	131	MO	MILLER	HAY	43,350
31	147	NE	RICHARDSON	HAY	(D)
30	003	MT	BIG HORN	GRASSES & LEGUMES TOTALS	(D)
04	027	AZ	YUMA	HAY	23,496
34	027	NJ	MORRIS	HAY	(D)
51	159	VA	RICHMOND	HAY	680
48	069	TX	CASTRO	HAY	(D)
05	083	AR	LOGAN	HAY	51,030
49	051	UT	WASATCH	HAY	(D)
18	101	IN	MARTIN	HAY	90
33	015	NH	ROCKINGHAM	HAY	(D)
37	105	NC	LEE	HAY	2,124
17	163	IL	ST CLAIR	HAY	49
17	153	IL	PULASKI	HAY	(D)
06	035	CA	LASSEN	HAY	18,785
12	013	FL	CALHOUN	HAY	1,121
29	049	MO	CLINTON	HAY	16,995
42	019	PA	BUTLER	HAY	9,645
30	105	MT	VALLEY	HAY	17,314
42	001	PA	ADAMS	HAY	(D)
29	099	MO	JEFFERSON	HAY	8
55	137	WI	WAUSHARA	HAY	2,076
49	003	UT	BOX ELDER	HAY	58,611
39	049	OH	FRANKLIN	HAY	1,743
29	025	MO	CALDWELL	HAY	25,224
47	083	TN	HOUSTON	HAY	(D)
12	019	FL	CLAY	HAY	(D)
31	021	NE	BURT	HAY	102
40	125	OK	POTTAWATOMIE	HAY	258
54	051	WV	MARSHALL	HAY	(D)
27	043	MN	FARIBAULT	HAY	(D)
31	127	NE	NEMAHA	HAY	(D)
12	029	FL	DIXIE	HAY	(D)
29	033	MO	CARROLL	HAY	23,659
06	089	CA	SHASTA	HAY	1,994
40	107	OK	OKFUSKEE	HAY	26,240
21	237	KY	WOLFE	HAY	(D)
48	055	TX	CALDWELL	HAY	889
26	041	MI	DELTA	HAY	11,801
13	157	GA	JACKSON	HAY	814
48	085	TX	COLLIN	HAY	26,333
18	131	IN	PULASKI	HAY	1,429
51	047	VA	CULPEPER	HAY	1,774
26	067	MI	IONIA	HAY	(D)
20	207	KS	WOODSON	HAY	28,522
31	163	NE	SHERMAN	HAY	3,321
48	343	TX	MORRIS	HAY	6,650
13	229	GA	PIERCE	HAY	311
48	367	TX	PARKER	HAY	1,168
31	075	NE	GRANT	HAY	1,635
48	499	TX	WOOD	HAY	677
20	209	KS	WYANDOTTE	HAY	731
37	153	NC	RICHMOND	HAY	3,814
35	061	NM	VALENCIA	GRASSES & LEGUMES TOTALS	78
38	041	ND	HETTINGER	HAY	5,659
39	057	OH	GREENE	HAY	(D)
38	021	ND	DICKEY	HAY	15,388
27	173	MN	YELLOW MEDICINE	GRASSES & LEGUMES TOTALS	26
53	063	WA	SPOKANE	HAY	6,722
47	145	TN	ROANE	HAY	218
30	087	MT	ROSEBUD	HAY	54,032
21	215	KY	SPENCER	HAY	(D)
19	059	IA	DICKINSON	HAY	5
29	177	MO	RAY	HAY	944
19	091	IA	HUMBOLDT	HAY	1,038
34	015	NJ	GLOUCESTER	HAY	105
13	253	GA	SEMINOLE	HAY	453
53	011	WA	CLARK	HAY	486
23	013	ME	KNOX	HAY	(D)
30	035	MT	GLACIER	HAY	2,044
09	001	CT	FAIRFIELD	HAY	282
40	145	OK	WAGONER	SOD	(D)
17	167	IL	SANGAMON	HAY	1,895
42	037	PA	COLUMBIA	HAY	9,379
28	049	MS	HINDS	HAY	37
49	055	UT	WAYNE	HAY	1,750
31	135	NE	PERKINS	HAY	(D)
38	077	ND	RICHLAND	HAY	24,714
18	055	IN	GREENE	HAY	(D)
48	233	TX	HUTCHINSON	HAY	(D)
45	005	SC	ALLENDALE	HAY	(D)
48	253	TX	JONES	HAY	12,518
30	013	MT	CASCADE	HAY	87,620
40	067	OK	JEFFERSON	HAY	(D)
19	041	IA	CLAY	HAY	(D)
46	095	SD	MELLETTE	HAY	68,718
39	149	OH	SHELBY	HAY	(D)
51	019	VA	BEDFORD	HAY	38,171
27	145	MN	STEARNS	HAY	3,201
18	001	IN	ADAMS	HAY	(D)
08	033	CO	DOLORES	HAY	1,182
47	159	TN	SMITH	HAY	16,436
46	077	SD	KINGSBURY	HAY	69
13	119	GA	FRANKLIN	HAY	9,213
19	149	IA	PLYMOUTH	HAY	(D)
13	021	GA	BIBB	HAY	(D)
16	033	ID	CLARK	HAY	(D)
47	113	TN	MADISON	HAY	(D)
29	229	MO	WRIGHT	HAY	47,985
48	253	TX	JONES	HAY	12,518
26	003	MI	ALGER	HAY	1,344
06	019	CA	FRESNO	SOD	(D)
48	481	TX	WHARTON	HAY	27,902
41	049	OR	MORROW	HAY	7,415
48	107	TX	CROSBY	HAY	(D)
16	051	ID	JEFFERSON	GRASSES & LEGUMES TOTALS	(D)
48	035	TX	BOSQUE	HAY	20,801
48	477	TX	WASHINGTON	HAY	37,300
42	007	PA	BEAVER	HAY	9,247
56	011	WY	CROOK	HAY	9,238
20	055	KS	FINNEY	HAY	52,257
13	075	GA	COOK	HAY	(D)
12	125	FL	UNION	HAY	210
28	067	MS	JONES	HAY	9,271
21	015	KY	BOONE	HAY	12,856
12	017	FL	CITRUS	HAY	(D)
26	041	MI	DELTA	HAY	3,565
31	081	NE	HAMILTON	HAY	1,638
53	069	WA	WAHKIAKUM	HAY	1,252
20	045	KS	DOUGLAS	GRASSES & LEGUMES TOTALS	40
26	001	MI	ALCONA	HAY	7,169
40	131	OK	ROGERS	SOD	(D)
20	057	KS	FORD	HAY	2,608
30	081	MT	RAVALLI	SOD	(D)
54	063	WV	MONROE	HAY	(D)
21	175	KY	MORGAN	HAY	503
21	179	KY	NELSON	HAY	(D)
35	009	NM	CURRY	HAY	6,445
48	069	TX	CASTRO	HAY	(D)
22	117	LA	WASHINGTON	HAY	(D)
55	039	WI	FOND DU LAC	HAY	(D)
47	077	TN	HENDERSON	HAY	(D)
30	053	MT	LINCOLN	HAY	2,684
30	055	MT	MCCONE	HAY	30,965
47	163	TN	SULLIVAN	HAY	686
18	131	IN	PULASKI	HAY	(D)
16	077	ID	POWER	HAY	15,804
47	177	TN	WARREN	HAY	20,458
27	113	MN	PENNINGTON	HAY	13,668
20	107	KS	LINN	HAY	28,478
21	123	KY	LARUE	HAY	9,852
01	111	AL	RANDOLPH	HAY	12,397
27	001	MN	AITKIN	HAY	26,361
13	033	GA	BURKE	HAY	205
05	087	AR	MADISON	HAY	48,049
22	093	LA	SAINT JAMES	HAY	840
48	015	TX	AUSTIN	HAY	(D)
08	043	CO	FREMONT	HAY	5,241
13	025	GA	BRANTLEY	HAY	1,763
48	281	TX	LAMPASAS	HAY	58
27	055	MN	HOUSTON	SOD	(D)
18	131	IN	PULASKI	HAY	26
34	033	NJ	SALEM	GRASSES & LEGUMES TOTALS	(D)
45	063	SC	LEXINGTON	HAY	588
27	005	MN	BECKER	HAY	452
30	049	MT	LEWIS AND CLARK	HAY	8,952
30	111	MT	YELLOWSTONE	HAY	15,567
42	031	PA	CLARION	HAY	24,167
17	135	IL	MONTGOMERY	HAY	52
13	003	GA	ATKINSON	HAY	3,073
39	151	OH	STARK	HAY	15,373
01	009	AL	BLOUNT	HAY	(D)
36	025	NY	DELAWARE	HAY	21,611
51	137	VA	ORANGE	HAY	11,318
27	087	MN	MAHNOMEN	HAY	6,406
40	115	OK	OTTAWA	HAY	268
19	039	IA	CLARKE	HAY	13,491
53	015	WA	COWLITZ	GRASSES & LEGUMES TOTALS	6,742
24	005	MD	BALTIMORE	HAY	(D)
27	003	MN	ANOKA	HAY	2,123
09	003	CT	HARTFORD	SOD	1,013
48	319	TX	MASON	HAY	15,052
26	067	MI	IONIA	HAY	(D)
21	185	KY	OLDHAM	HAY	705
13	201	GA	MILLER	HAY	(D)
20	013	KS	BROWN	HAY	(D)
08	107	CO	ROUTT	HAY	37,815
56	013	WY	FREMONT	HAY	68,554
46	055	SD	HAAKON	HAY	(D)
54	077	WV	PRESTON	HAY	22,677
29	219	MO	WARREN	HAY	8,076
05	073	AR	LAFAYETTE	HAY	1,280
29	005	MO	ATCHISON	HAY	3,463
36	025	NY	DELAWARE	HAY	17,775
31	107	NE	KNOX	HAY	6,730
31	105	NE	KIMBALL	HAY	1,482
47	051	TN	FRANKLIN	HAY	142
42	129	PA	WESTMORELAND	HAY	18,439
05	089	AR	MARION	HAY	120
45	003	SC	AIKEN	HAY	161
08	041	CO	EL PASO	HAY	3,363
12	113	FL	SANTA ROSA	SOD	(D)
29	215	MO	TEXAS	HAY	55,430
12	049	FL	HARDEE	HAY	405
53	029	WA	ISLAND	HAY	3,846
17	197	IL	WILL	HAY	4,660
18	021	IN	CLAY	HAY	1,182
40	029	OK	COAL	HAY	770
08	047	CO	GILPIN	HAY	40
49	013	UT	DUCHESNE	HAY	32,067
40	101	OK	MUSKOGEE	HAY	(D)
21	167	KY	MERCER	HAY	22,856
48	297	TX	LIVE OAK	HAY	14,084
26	009	MI	ANTRIM	HAY	6,123
29	185	MO	ST CLAIR	HAY	(D)
45	045	SC	GREENVILLE	HAY	8,184
13	207	GA	MONROE	HAY	(D)
23	003	ME	AROOSTOOK	HAY	18,817
21	179	KY	NELSON	HAY	27,015
37	137	NC	PAMLICO	SOD	(D)
22	025	LA	CATAHOULA	HAY	2,913
39	165	OH	WARREN	HAY	70
30	041	MT	HILL	HAY	11,822
42	105	PA	POTTER	HAY	7,764
48	111	TX	DALLAM	HAY	52,351
17	155	IL	PUTNAM	HAY	360
38	017	ND	CASS	HAY	13,556
08	093	CO	PARK	HAY	2,879
29	011	MO	BARTON	HAY	38,029
35	049	NM	SANTA FE	HAY	3,232
48	187	TX	GUADALUPE	HAY	19,661
42	015	PA	BRADFORD	HAY	10,664
35	051	NM	SIERRA	HAY	1,437
27	021	MN	CASS	HAY	23,302
12	093	FL	OKEECHOBEE	HAY	(D)
27	119	MN	POLK	GRASSES & LEGUMES TOTALS	4,220
53	041	WA	LEWIS	HAY	1,638
31	027	NE	CEDAR	SOD	(D)
26	067	MI	IONIA	HAY	12,647
46	103	SD	PENNINGTON	HAY	67,757
27	141	MN	SHERBURNE	SOD	(D)
16	069	ID	NEZ PERCE	HAY	33
08	075	CO	LOGAN	HAY	34,641
22	019	LA	CALCASIEU	HAY	7,248
39	167	OH	WASHINGTON	HAY	4,956
08	013	CO	BOULDER	HAY	6,490
47	033	TN	CROCKETT	HAY	(D)
37	149	NC	POLK	HAY	(D)
53	017	WA	DOUGLAS	HAY	1,968
13	081	GA	CRISP	HAY	1,800
48	107	TX	CROSBY	HAY	1,737
20	027	KS	CLAY	HAY	3,584
04	001	AZ	APACHE	GRASSES & LEGUMES TOTALS	92
31	019	NE	BUFFALO	HAY	15,311
29	175	MO	RANDOLPH	HAY	953
13	091	GA	DODGE	HAY	127
48	341	TX	MOORE	HAY	5,634
40	041	OK	DELAWARE	HAY	94
17	141	IL	OGLE	HAY	1,292
45	019	SC	CHARLESTON	GRASSES & LEGUMES TOTALS	(D)
48	119	TX	DELTA	HAY	8,084
41	067	OR	WASHINGTON	HAY	5,076
19	093	IA	IDA	HAY	2,987
48	343	TX	MORRIS	HAY	6,712
16	063	ID	LINCOLN	HAY	1,756
39	029	OH	COLUMBIANA	HAY	9,576
13	057	GA	CHEROKEE	HAY	(D)
08	101	CO	PUEBLO	HAY	1,310
48	143	TX	ERATH	HAY	48,501
18	169	IN	WABASH	HAY	1,681
54	021	WV	GILMER	HAY	(D)
16	065	ID	MADISON	HAY	12,692
37	043	NC	CLAY	HAY	(D)
48	403	TX	SABINE	HAY	(D)
39	115	OH	MORGAN	HAY	188
53	059	WA	SKAMANIA	HAY	(D)
42	083	PA	MCKEAN	HAY	5,445
31	171	NE	THOMAS	HAY	3,622
51	107	VA	LOUDOUN	HAY	21,363
06	017	CA	EL DORADO	HAY	105
54	083	WV	RANDOLPH	HAY	38
05	085	AR	LONOKE	HAY	19,018
47	001	TN	ANDERSON	HAY	103
40	061	OK	HASKELL	HAY	34,655
49	045	UT	TOOELE	GRASSES & LEGUMES TOTALS	(D)
05	149	AR	YELL	HAY	41,623
18	165	IN	VERMILLION	HAY	541
17	173	IL	SHELBY	HAY	7,330
47	023	TN	CHESTER	HAY	5,700
48	467	TX	VAN ZANDT	HAY	50
29	077	MO	GREENE	HAY	(D)
18	153	IN	SULLIVAN	HAY	2,334
19	071	IA	FREMONT	HAY	2,403
48	483	TX	WHEELER	HAY	48,855
21	211	KY	SHELBY	SOD	480
48	203	TX	HARRISON	HAY	17,866
13	257	GA	STEPHENS	HAY	3,038
24	017	MD	CHARLES	HAY	344
51	077	VA	GRAYSON	HAY	18,095
13	237	GA	PUTNAM	HAY	5,811
48	407	TX	SAN JACINTO	HAY	8,293
55	083	WI	OCONTO	HAY	20,703
37	141	NC	PENDER	HAY	243
48	283	TX	LA SALLE	HAY	740
47	001	TN	ANDERSON	HAY	8,908
34	025	NJ	MONMOUTH	HAY	1,454
27	053	MN	HENNEPIN	HAY	1,094
13	177	GA	LEE	HAY	530
42	099	PA	PERRY	HAY	(D)
35	021	NM	HARDING	HAY	(D)
42	107	PA	SCHUYLKILL	HAY	4
48	067	TX	CASS	HAY	(D)
13	287	GA	TURNER	HAY	(D)
20	181	KS	SHERMAN	HAY	1,272
17	131	IL	MERCER	HAY	4,042
56	033	WY	SHERIDAN	HAY	22,851
53	019	WA	FERRY	HAY	4,613
22	017	LA	CADDO	HAY	18,209
20	189	KS	STEVENS	HAY	2,024
17	031	IL	COOK	HAY	849
27	159	MN	WADENA	HAY	690
17	143	IL	PEORIA	HAY	(D)
31	135	NE	PERKINS	HAY	5,744
48	353	TX	NOLAN	HAY	(D)
54	013	WV	CALHOUN	HAY	(D)
16	073	ID	OWYHEE	GRASSES & LEGUMES TOTALS	1,822
13	179	GA	LIBERTY	HAY	110
37	139	NC	PASQUOTANK	HAY	(D)
27	045	MN	FILLMORE	HAY	2,959
16	043	ID	FREMONT	HAY	13,857
41	027	OR	HOOD RIVER	HAY	(D)
28	041	MS	GREENE	HAY	(D)
36	093	NY	SCHENECTADY	HAY	4,278
36	033	NY	FRANKLIN	HAY	(D)
27	169	MN	WINONA	HAY	4,084
28	039	MS	GEORGE	HAY	61
27	093	MN	MEEKER	GRASSES & LEGUMES TOTALS	(D)
32	011	NV	EUREKA	HAY	36,318
54	055	WV	MERCER	HAY	6,702
40	075	OK	KIOWA	SOD	(D)
08	029	CO	DELTA	HAY	21,894
48	235	TX	IRION	HAY	425
35	057	NM	TORRANCE	HAY	2,102
13	077	GA	COWETA	HAY	9,628
37	061	NC	DUPLIN	HAY	20,134
10	001	DE	KENT	HAY	814
35	039	NM	RIO ARRIBA	HAY	14,248
20	189	KS	STEVENS	HAY	1,451
13	201	GA	MILLER	HAY	(D)
48	481	TX	WHARTON	HAY	(D)
42	037	PA	COLUMBIA	HAY	84
30	019	MT	DANIELS	HAY	(D)
21	089	KY	GREENUP	HAY	25
26	011	MI	ARENAC	HAY	3,709
20	125	KS	MONTGOMERY	HAY	(D)
29	225	MO	WEBSTER	HAY	4,143
08	027	CO	CUSTER	HAY	2,606
13	243	GA	RANDOLPH	HAY	2,054
18	139	IN	RUSH	HAY	2,923
55	111	WI	SAUK	HAY	20,305
39	005	OH	ASHLAND	HAY	12,244
13	083	GA	DADE	HAY	95
35	059	NM	UNION	HAY	(D)
13	163	GA	JEFFERSON	SOD	(D)
26	129	MI	OGEMAW	HAY	9,984
49	037	UT	SAN JUAN	HAY	4,771
06	019	CA	FRESNO	HAY	29,786
18	097	IN	MARION	HAY	790
39	141	OH	ROSS	HAY	3,804
27	001	MN	AITKIN	GRASSES & LEGUMES TOTALS	63
29	007	MO	AUDRAIN	HAY	185
53	071	WA	WALLA WALLA	GRASSES & LEGUMES TOTALS	11,567
16	055	ID	KOOTENAI	GRASSES & LEGUMES TOTALS	(D)
38	063	ND	NELSON	HAY	(D)
08	019	CO	CLEAR CREEK	HAY	(D)
38	009	ND	BOTTINEAU	HAY	45,400
40	115	OK	OTTAWA	HAY	37,830
46	023	SD	CHARLES MIX	GRASSES & LEGUMES TOTALS	(D)
30	031	MT	GALLATIN	SOD	480
31	141	NE	PLATTE	HAY	1,940
51	139	VA	PAGE	HAY	1,125
08	035	CO	DOUGLAS	GRASSES & LEGUMES TOTALS	(D)
20	067	KS	GRANT	HAY	(D)
39	121	OH	NOBLE	HAY	13,605
27	021	MN	CASS	HAY	(D)
48	241	TX	JASPER	HAY	56
26	039	MI	CRAWFORD	HAY	(D)
26	115	MI	MONROE	HAY	6
47	065	TN	HAMILTON	HAY	105
36	031	NY	ESSEX	HAY	12,338
29	043	MO	CHRISTIAN	HAY	36,426
08	099	CO	PROWERS	HAY	61,178
38	057	ND	MERCER	HAY	405
13	307	GA	WEBSTER	HAY	186
54	095	WV	TYLER	HAY	6,892
06	065	CA	RIVERSIDE	GRASSES & LEGUMES TOTALS	(D)
35	037	NM	QUAY	HAY	(D)
27	025	MN	CHISAGO	HAY	8,572
31	067	NE	GAGE	HAY	135
26	117	MI	MONTCALM	HAY	1,605
37	159	NC	ROWAN	HAY	15,876
20	207	KS	WOODSON	HAY	27,740
17	137	IL	MORGAN	HAY	6,122
44	005	RI	NEWPORT	HAY	600
27	049	MN	GOODHUE	HAY	96
41	039	OR	LANE	HAY	2,549
29	161	MO	PHELPS	SOD	30
42	087	PA	MIFFLIN	HAY	3,887
55	025	WI	DANE	SOD	(D)
39	021	OH	CHAMPAIGN	HAY	(D)
29	167	MO	POLK	GRASSES & LEGUMES TOTALS	941
16	039	ID	ELMORE	HAY	28,846
26	125	MI	OAKLAND	SOD	375
39	129	OH	PICKAWAY	HAY	3,656
26	015	MI	BARRY	HAY	1,081
05	065	AR	IZARD	HAY	(D)
48	233	TX	HUTCHINSON	HAY	3,585
47	149	TN	RUTHERFORD	HAY	28,550
13	121	GA	FULTON	HAY	815
48	457	TX	TYLER	HAY	93
19	047	IA	CRAWFORD	HAY	(D)
48	179	TX	GRAY	HAY	(D)
42	061	PA	HUNTINGDON	HAY	7,876
51	007	VA	AMELIA	HAY	6,532
47	007	TN	BLEDSOE	HAY	(D)
06	083	CA	SANTA BARBARA	GRASSES & LEGUMES TOTALS	(D)
39	137	OH	PUTNAM	HAY	4,280
30	071	MT	PHILLIPS	HAY	20,932
26	045	MI	EATON	HAY	5
46	135	SD	YANKTON	HAY	4,195
29	065	MO	DENT	HAY	841
55	027	WI	DODGE	HAY	5,448
40	119	OK	PAYNE	HAY	(D)
16	017	ID	BONNER	HAY	351
20	167	KS	RUSSELL	HAY	116
28	031	MS	COVINGTON	HAY	22
48	059	TX	CALLAHAN	HAY	12,835
40	035	OK	CRAIG	HAY	(D)
01	087	AL	MACON	HAY	80
30	017	MT	CUSTER	HAY	16,877
19	013	IA	BLACK HAWK	HAY	(D)
38	055	ND	MCLEAN	HAY	27,794
13	047	GA	CATOOSA	HAY	3,219
18	083	IN	KNOX	HAY	2,175
13	257	GA	STEPHENS	HAY	(D)
40	131	OK	ROGERS	HAY	895
47	073	TN	HAWKINS	HAY	510
17	191	IL	WAYNE	HAY	6,703
20	033	KS	COMANCHE	HAY	671
13	105	GA	ELBERT	HAY	318
56	031	WY	PLATTE	HAY	31,438
21	095	KY	HARLAN	HAY	334
48	277	TX	LAMAR	HAY	1,233
06	113	CA	YOLO	HAY	30,099
48	381	TX	RANDALL	HAY	(D)
21	085	KY	GRAYSON	HAY	1,111
01	069	AL	HOUSTON	SOD	(D)
21	231	KY	WAYNE	HAY	49
20	077	KS	HARPER	HAY	7,053
39	011	OH	AUGLAIZE	HAY	3,877
48	083	TX	COLEMAN	HAY	(D)
05	071	AR	JOHNSON	HAY	26,056
40	153	OK	WOODWARD	HAY	3,405
49	017	UT	GARFIELD	HAY	(D)
29	195	MO	SALINE	HAY	14,361
13	211	GA	MORGAN	HAY	70
51	023	VA	BOTETOURT	HAY	581
51	145	VA	POWHATAN	HAY	(D)
02		AK	FAIRBANKS NORTH STAR	HAY	(D)
29	113	MO	LINCOLN	HAY	1,019
47	169	TN	TROUSDALE	HAY	7,365
48	497	TX	WISE	HAY	1,116
36	045	NY	JEFFERSON	HAY	108
30	021	MT	DAWSON	HAY	2,394
37	149	NC	POLK	HAY	(D)
28	027	MS	COAHOMA	HAY	100
01	021	AL	CHILTON	HAY	209
06	069	CA	SAN BENITO	HAY	490
01	083	AL	LIMESTONE	HAY	71
04	009	AZ	GRAHAM	HAY	3,261
37	023	NC	BURKE	HAY	136
48	465	TX	VAL VERDE	HAY	1,534
29	186	MO	STE GENEVIEVE	HAY	29
48	083	TX	COLEMAN	HAY	(D)
47	035	TN	CUMBERLAND	HAY	28,242
49	031	UT	PIUTE	HAY	(D)
16	081	ID	TETON	HAY	12,933
39	169	OH	WAYNE	HAY	(D)
18	013	IN	BROWN	HAY	(D)
41	017	OR	DESCHUTES	HAY	10,798
29	137	MO	MONROE	HAY	1,632
19	017	IA	BREMER	HAY	3,834
48	295	TX	LIPSCOMB	HAY	5,135
22	103	LA	SAINT TAMMANY	HAY	13
29	147	MO	NODAWAY	HAY	(D)
40	135	OK	SEQUOYAH	HAY	27,854
48	131	TX	DUVAL	HAY	740
47	001	TN	ANDERSON	HAY	61
36	069	NY	ONTARIO	HAY	9,418
16	071	ID	ONEIDA	HAY	36,133
38	099	ND	WALSH	GRASSES & LEGUMES TOTALS	(D)
37	075	NC	GRAHAM	HAY	(D)
30	087	MT	ROSEBUD	HAY	4,689
34	015	NJ	GLOUCESTER	HAY	(D)
20	151	KS	PRATT	HAY	4,779
40	079	OK	LEFLORE	SOD	(D)
37	123	NC	MONTGOMERY	HAY	3,768
29	007	MO	AUDRAIN	HAY	237
49	051	UT	WASATCH	HAY	2,046
18	073	IN	JASPER	HAY	3,139
48	181	TX	GRAYSON	HAY	44,906
42	057	PA	FULTON	HAY	18,248
55	119	WI	TAYLOR	HAY	32,004
40	047	OK	GARFIELD	HAY	43,004
48	057	TX	CALHOUN	HAY	(D)
31	009	NE	BLAINE	HAY	12,173
22	115	LA	VERNON	HAY	5,705
24	033	MD	PRINCE GEORGES	HAY	(D)
27	071	MN	KOOCHICHING	HAY	7,726
54	063	WV	MONROE	HAY	18,074
06	079	CA	SAN LUIS OBISPO	HAY	14,550
47	161	TN	STEWART	HAY	294
21	033	KY	CALDWELL	HAY	13
06	095	CA	SOLANO	GRASSES & LEGUMES TOTALS	(D)
48	041	TX	BRAZOS	HAY	13,589
48	093	TX	COMANCHE	HAY	39,664
35	025	NM	LEA	HAY	3,355
53	015	WA	COWLITZ	HAY	4,400
16	007	ID	BEAR LAKE	HAY	13,024
48	025	TX	BEE	HAY	349
26	079	MI	KALKASKA	HAY	2,841
20	089	KS	JEWELL	HAY	9,899
06	115	CA	YUBA	HAY	(D)
31	031	NE	CHERRY	HAY	11,369
30	059	MT	MEAGHER	HAY	16,622
48	129	TX	DONLEY	HAY	2,187
38	051	ND	MCINTOSH	HAY	41,422
48	345	TX	MOTLEY	HAY	(D)
20	117	KS	MARSHALL	HAY	84
22	055	LA	LAFAYETTE	HAY	145
45	035	SC	DORCHESTER	HAY	2,971
13	187	GA	LUMPKIN	HAY	4
54	061	WV	MONONGALIA	HAY	6,084
12	009	FL	BREVARD	SOD	7,600
53	011	WA	CLARK	HAY	8,148
20	135	KS	NESS	HAY	67
12	023	FL	COLUMBIA	HAY	227
28	133	MS	SUNFLOWER	HAY	137
13	235	GA	PULASKI	HAY	240
27	043	MN	FARIBAULT	HAY	1,246
06	113	CA	YOLO	HAY	16,651
48	243	TX	JEFF DAVIS	HAY	(D)
31	059	NE	FILLMORE	HAY	3,561
53	009	WA	CLALLAM	HAY	396
48	185	TX	GRIMES	HAY	5,346
39	069	OH	HENRY	HAY	571
17	125	IL	MASON	HAY	(D)
13	235	GA	PULASKI	HAY	1,700
16	067	ID	MINIDOKA	HAY	32,210
47	155	TN	SEVIER	HAY	339
17	023	IL	CLARK	HAY	9
35	051	NM	SIERRA	GRASSES & LEGUMES TOTALS	(D)
55	063	WI	LA CROSSE	HAY	1,361
12	023	FL	COLUMBIA	HAY	14,855
31	081	NE	HAMILTON	HAY	322
06	057	CA	NEVADA	HAY	258
22	075	LA	PLAQUEMINES	HAY	190
29	029	MO	CAMDEN	HAY	130
19	071	IA	FREMONT	HAY	(D)
47	079	TN	HENRY	HAY	(D)
27	109	MN	OLMSTED	HAY	62
47	113	TN	MADISON	HAY	80
37	011	NC	AVERY	HAY	983
26	093	MI	LIVINGSTON	SOD	(D)
06	043	CA	MARIPOSA	HAY	(D)
31	155	NE	SAUNDERS	HAY	12,093
38	049	ND	MCHENRY	HAY	44,562
38	081	ND	SARGENT	HAY	6,226
40	153	OK	WOODWARD	HAY	665
29	181	MO	RIPLEY	GRASSES & LEGUMES TOTALS	(D)
01	001	AL	AUTAUGA	HAY	11,783
48	337	TX	MONTAGUE	HAY	48,408
38	031	ND	FOSTER	HAY	9,550
51	161	VA	ROANOKE	HAY	207
26	023	MI	BRANCH	HAY	5,640
48	093	TX	COMANCHE	HAY	39,322
06	005	CA	AMADOR	HAY	(D)
54	035	WV	JACKSON	HAY	20,994
16	081	ID	TETON	HAY	1,969
13	107	GA	EMANUEL	SOD	(D)
28	027	MS	COAHOMA	HAY	100
55	089	WI	OZAUKEE	HAY	(D)
51	810	VA	VIRGINIA BEACH CITY	HAY	362
35	039	NM	RIO ARRIBA	HAY	6,820
49	053	UT	WASHINGTON	HAY	5,471
22	121	LA	WEST BATON ROUGE	HAY	122
01	081	AL	LEE	HAY	5,681
27	017	MN	CARLTON	SOD	(D)
26	109	MI	MENOMINEE	HAY	5,159
55	023	WI	CRAWFORD	HAY	18,235
28	107	MS	PANOLA	HAY	11,073
12	069	FL	LAKE	SOD	(D)
36	001	NY	ALBANY	HAY	(D)
37	021	NC	BUNCOMBE	HAY	10,419
17	001	IL	ADAMS	HAY	65
48	269	TX	KING	HAY	4,364
48	205	TX	HARTLEY	HAY	(D)
47	011	TN	BRADLEY	HAY	60
31	129	NE	NUCKOLLS	HAY	112
36	045	NY	JEFFERSON	HAY	69,662
29	001	MO	ADAIR	HAY	54
13	321	GA	WORTH	HAY	(D)
47	093	TN	KNOX	HAY	119
41	029	OR	JACKSON	HAY	16,148
26	057	MI	GRATIOT	HAY	78
08	037	CO	EAGLE	HAY	5,016
21	041	KY	CARROLL	HAY	6,709
35	057	NM	TORRANCE	HAY	(D)
39	025	OH	CLERMONT	HAY	588
47	173	TN	UNION	HAY	84
27	169	MN	WINONA	HAY	23,740
17	163	IL	ST CLAIR	HAY	159
48	487	TX	WILBARGER	HAY	15,994
31	049	NE	DEUEL	HAY	6,703
36	029	NY	ERIE	HAY	376
08	077	CO	MESA	GRASSES & LEGUMES TOTALS	(D)
37	073	NC	GATES	HAY	61
27	001	MN	AITKIN	HAY	34,387
45	047	SC	GREENWOOD	GRASSES & LEGUMES TOTALS	(D)
19	003	IA	ADAMS	HAY	3,516
06	065	CA	RIVERSIDE	HAY	22,050
16	025	ID	CAMAS	HAY	698
22	041	LA	FRANKLIN	HAY	940
29	007	MO	AUDRAIN	HAY	1,936
29	101	MO	JOHNSON	HAY	80
48	277	TX	LAMAR	HAY	1,071
40	047	OK	GARFIELD	GRASSES & LEGUMES TOTALS	(D)
06	009	CA	CALAVERAS	HAY	734
27	093	MN	MEEKER	HAY	10,226
29	049	MO	CLINTON	HAY	48
18	067	IN	HOWARD	HAY	1,179
45	079	SC	RICHLAND	HAY	51
29	077	MO	GREENE	HAY	86
56	005	WY	CAMPBELL	HAY	1,391
28	145	MS	UNION	HAY	(D)
08	113	CO	SAN MIGUEL	HAY	2,688
27	145	MN	STEARNS	HAY	14,116
55	021	WI	COLUMBIA	HAY	(D)
49	005	UT	CACHE	HAY	11,013
20	059	KS	FRANKLIN	HAY	30,286
27	057	MN	HUBBARD	HAY	10,243
17	063	IL	GRUNDY	HAY	916
55	127	WI	WALWORTH	HAY	(D)
20	019	KS	CHAUTAUQUA	HAY	(D)
48	353	TX	NOLAN	HAY	(D)
22	033	LA	EAST BATON ROUGE	HAY	300
47	135	TN	PERRY	HAY	57
36	107	NY	TIOGA	HAY	19,394
08	105	CO	RIO GRANDE	HAY	15,146
48	245	TX	JEFFERSON	HAY	11,861
30	109	MT	WIBAUX	HAY	26,051
37	109	NC	LINCOLN	HAY	8,247
46	053	SD	GREGORY	HAY	32,378
28	097	MS	MONTGOMERY	HAY	(D)
13	133	GA	GREENE	HAY	4,546
37	033	NC	CASWELL	HAY	146
16	075	ID	PAYETTE	HAY	21,866
26	031	MI	CHEBOYGAN	HAY	15,386
06	019	CA	FRESNO	HAY	8,622
29	107	MO	LAFAYETTE	HAY	17,997
08	007	CO	ARCHULETA	HAY	11,533
13	193	GA	MACON	HAY	1,312
47	001	TN	ANDERSON	HAY	8,805
28	113	MS	PIKE	HAY	8,686
19	137	IA	MONTGOMERY	HAY	7,331
37	057	NC	DAVIDSON	HAY	10,755
53	035	WA	KITSAP	HAY	37
21	167	KY	MERCER	HAY	(D)
48	129	TX	DONLEY	HAY	3,812
31	001	NE	ADAMS	HAY	2,520
31	077	NE	GREELEY	HAY	1,779
22	021	LA	CALDWELL	HAY	2,510
13	171	GA	LAMAR	HAY	1,167
20	203	KS	WICHITA	HAY	1,328
30	087	MT	ROSEBUD	GRASSES & LEGUMES TOTALS	(D)
31	139	NE	PIERCE	HAY	2,633
21	033	KY	CALDWELL	HAY	9,971
31	023	NE	BUTLER	HAY	64
20	145	KS	PAWNEE	HAY	4,673
25	015	MA	HAMPSHIRE	HAY	(D)
01	097	AL	MOBILE	HAY	192
21	125	KY	LAUREL	HAY	18
39	037	OH	DARKE	HAY	5,437
30	043	MT	JEFFERSON	HAY	14,324
22	039	LA	EVANGELINE	HAY	6,842
40	051	OK	GRADY	GRASSES & LEGUMES TOTALS	(D)
55	119	WI	TAYLOR	HAY	60
05	069	AR	JEFFERSON	HAY	(D)
13	253	GA	SEMINOLE	HAY	453
06	093	CA	SISKIYOU	HAY	27,423
46	093	SD	MEADE	HAY	227,542
53	027	WA	GRAYS HARBOR	HAY	3,596
36	011	NY	CAYUGA	HAY	18,229
06	087	CA	SANTA CRUZ	HAY	(D)
37	065	NC	EDGECOMBE	HAY	2,154
17	035	IL	CUMBERLAND	HAY	2,393
41	049	OR	MORROW	HAY	17,483
47	139	TN	POLK	HAY	4,231
49	049	UT	UTAH	HAY	21,615
41	065	OR	WASCO	HAY	1,971
05	059	AR	HOT SPRING	HAY	(D)
46	119	SD	SULLY	HAY	954
48	133	TX	EASTLAND	HAY	500
08	009	CO	BACA	HAY	3,937
46	071	SD	JACKSON	HAY	61,240
18	171	IN	WARREN	HAY	741
54	029	WV	HANCOCK	HAY	1,513
48	181	TX	GRAYSON	HAY	751
31	155	NE	SAUNDERS	HAY	6,088
29	165	MO	PLATTE	HAY	48
41	061	OR	UNION	GRASSES & LEGUMES TOTALS	6,064
45	039	SC	FAIRFIELD	HAY	(D)
37	071	NC	GASTON	HAY	86
47	039	TN	DECATUR	HAY	124
17	173	IL	SHELBY	HAY	38
13	097	GA	DOUGLAS	HAY	(D)
21	039	KY	CARLISLE	HAY	100
12	071	FL	LEE	HAY	(D)
35	017	NM	GRANT	HAY	705
21	235	KY	WHITLEY	GRASSES & LEGUMES TOTALS	(D)
35	005	NM	CHAVES	HAY	23,394
28	133	MS	SUNFLOWER	HAY	137
53	031	WA	JEFFERSON	HAY	66
38	063	ND	NELSON	HAY	14,641
29	025	MO	CALDWELL	HAY	23,174
40	023	OK	CHOCTAW	HAY	36,249
48	207	TX	HASKELL	HAY	337
01	023	AL	CHOCTAW	HAY	(D)
21	115	KY	JOHNSON	HAY	(D)
13	279	GA	TOOMBS	HAY	356
50	017	VT	ORANGE	HAY	1,284
47	081	TN	HICKMAN	HAY	18,054
49	033	UT	RICH	HAY	28,532
20	135	KS	NESS	HAY	8,495
19	005	IA	ALLAMAKEE	HAY	24,842
06	071	CA	SAN BERNARDINO	HAY	3,724
51	011	VA	APPOMATTOX	HAY	12,999
34	027	NJ	MORRIS	HAY	(D)
48	227	TX	HOWARD	HAY	3,105
47	075	TN	HAYWOOD	HAY	(D)
46	041	SD	DEWEY	HAY	27,467
31	067	NE	GAGE	HAY	13,409
41	071	OR	YAMHILL	HAY	730
37	199	NC	YANCEY	HAY	130
01	079	AL	LAWRENCE	HAY	716
37	051	NC	CUMBERLAND	HAY	(D)
13	017	GA	BEN HILL	HAY	(D)
06	017	CA	EL DORADO	HAY	105
26	133	MI	OSCEOLA	HAY	(D)
51	121	VA	MONTGOMERY	HAY	14,990
12	047	FL	HAMILTON	HAY	420
47	053	TN	GIBSON	HAY	(D)
01	123	AL	TALLAPOOSA	GRASSES & LEGUMES TOTALS	(D)
46	051	SD	GRANT	HAY	(D)
29	039	MO	CEDAR	HAY	36,494
29	027	MO	CALLAWAY	GRASSES & LEGUMES TOTALS	(D)
51	167	VA	RUSSELL	HAY	18,546
16	059	ID	LEMHI	HAY	9,986
48	295	TX	LIPSCOMB	HAY	1,370
37	099	NC	JACKSON	HAY	36
26	117	MI	MONTCALM	HAY	14,448
17	119	IL	MADISON	HAY	(D)
18	133	IN	PUTNAM	HAY	(D)
45	029	SC	COLLETON	HAY	2,749
18	015	IN	CARROLL	SOD	(D)
42	065	PA	JEFFERSON	HAY	18,105
49	023	UT	JUAB	SOD	(D)
22	089	LA	SAINT CHARLES	HAY	505
18	167	IN	VIGO	HAY	1,363
54	067	WV	NICHOLAS	HAY	(D)
19	045	IA	CLINTON	HAY	(D)
13	191	GA	MCINTOSH	HAY	(D)
27	029	MN	CLEARWATER	HAY	204
56	017	WY	HOT SPRINGS	HAY	5,629
27	125	MN	RED LAKE	GRASSES & LEGUMES TOTALS	3,436
26	157	MI	TUSCOLA	SOD	(D)
54	099	WV	WAYNE	HAY	2,447
20	141	KS	OSBORNE	GRASSES & LEGUMES TOTALS	3,276
31	117	NE	MCPHERSON	HAY	10,848
40	143	OK	TULSA	HAY	14,787
13	111	GA	FANNIN	HAY	6
31	157	NE	SCOTTS BLUFF	HAY	36,576
49	035	UT	SALT LAKE	HAY	662
37	151	NC	RANDOLPH	HAY	99
22	105	LA	TANGIPAHOA	HAY	275
39	111	OH	MONROE	HAY	(D)
20	061	KS	GEARY	HAY	3,893
16	045	ID	GEM	HAY	7,720
18	035	IN	DELAWARE	HAY	(D)
39	127	OH	PERRY	HAY	(D)
37	073	NC	GATES	HAY	61
12	131	FL	WALTON	SOD	90
19	079	IA	HAMILTON	HAY	1,005
48	079	TX	COCHRAN	HAY	(D)
18	101	IN	MARTIN	HAY	90
42	069	PA	LACKAWANNA	HAY	8,064
47	151	TN	SCOTT	GRASSES & LEGUMES TOTALS	(D)
36	105	NY	SULLIVAN	HAY	11,566
31	169	NE	THAYER	HAY	1,428
21	211	KY	SHELBY	HAY	(D)
21	221	KY	TRIGG	HAY	7,789
21	019	KY	BOYD	HAY	(D)
26	021	MI	BERRIEN	HAY	966
17	005	IL	BOND	HAY	2,889
12	097	FL	OSCEOLA	HAY	9,191
31	055	NE	DOUGLAS	HAY	1,132
48	365	TX	PANOLA	HAY	(D)
35	005	NM	CHAVES	GRASSES & LEGUMES TOTALS	493
40	113	OK	OSAGE	HAY	55,957
39	155	OH	TRUMBULL	HAY	(D)
29	223	MO	WAYNE	HAY	(D)
37	173	NC	SWAIN	HAY	476
40	045	OK	ELLIS	HAY	4,663
31	163	NE	SHERMAN	HAY	2,541
31	095	NE	JEFFERSON	HAY	1,133
21	185	KY	OLDHAM	HAY	8,844
48	419	TX	SHELBY	HAY	176
19	011	IA	BENTON	HAY	(D)
29	065	MO	DENT	GRASSES & LEGUMES TOTALS	70
26	157	MI	TUSCOLA	HAY	(D)
20	029	KS	CLOUD	HAY	6,883
01	081	AL	LEE	HAY	18
29	035	MO	CARTER	HAY	(D)
28	013	MS	CALHOUN	HAY	202
39	071	OH	HIGHLAND	HAY	(D)
51	089	VA	HENRY	HAY	213
13	011	GA	BANKS	HAY	209
16	067	ID	MINIDOKA	GRASSES & LEGUMES TOTALS	(D)
49	017	UT	GARFIELD	GRASSES & LEGUMES TOTALS	(D)
40	023	OK	CHOCTAW	HAY	35,761
40	085	OK	LOVE	HAY	119
12	017	FL	CITRUS	HAY	4,988
17	197	IL	WILL	HAY	3,528
20	013	KS	BROWN	HAY	(D)
48	003	TX	ANDREWS	HAY	52
31	065	NE	FURNAS	HAY	1,572
06	093	CA	SISKIYOU	HAY	98,035
55	003	WI	ASHLAND	HAY	3,504
45	077	SC	PICKENS	HAY	3
22	121	LA	WEST BATON ROUGE	HAY	122
51	171	VA	SHENANDOAH	HAY	20,588
13	255	GA	SPALDING	HAY	1,770
09	003	CT	HARTFORD	HAY	(D)
48	123	TX	DE WITT	HAY	282
22	067	LA	MOREHOUSE	HAY	(D)
28	163	MS	YAZOO	SOD	(D)
48	477	TX	WASHINGTON	HAY	514
22	045	LA	IBERIA	HAY	1,899
19	181	IA	WARREN	HAY	8
19	123	IA	MAHASKA	HAY	(D)
28	141	MS	TISHOMINGO	HAY	2,628
37	027	NC	CALDWELL	HAY	4,782
20	161	KS	RILEY	GRASSES & LEGUMES TOTALS	(D)
26	063	MI	HURON	HAY	(D)
48	293	TX	LIMESTONE	HAY	893
37	087	NC	HAYWOOD	HAY	445
48	051	TX	BURLESON	HAY	370
21	195	KY	PIKE	HAY	(D)
48	003	TX	ANDREWS	HAY	52
22	043	LA	GRANT	HAY	2,534
21	211	KY	SHELBY	HAY	28,941
35	006	NM	CIBOLA	HAY	852
21	089	KY	GREENUP	HAY	6,631
48	467	TX	VAN ZANDT	HAY	1,535
48	111	TX	DALLAM	HAY	55,769
06	047	CA	MERCED	HAY	41,841
46	125	SD	TURNER	HAY	440
38	039	ND	GRIGGS	HAY	4,969
13	195	GA	MADISON	HAY	11,480
31	137	NE	PHELPS	HAY	2,290
28	147	MS	WALTHALL	HAY	13,894
08	067	CO	LA PLATA	HAY	32,681
37	191	NC	WAYNE	GRASSES & LEGUMES TOTALS	(D)
17	079	IL	JASPER	HAY	3,333
51	185	VA	TAZEWELL	HAY	13,027
48	109	TX	CULBERSON	HAY	3,105
06	049	CA	MODOC	HAY	46,115
29	143	MO	NEW MADRID	HAY	342
40	139	OK	TEXAS	HAY	12,083
31	079	NE	HALL	HAY	5,020
26	099	MI	MACOMB	HAY	77
22	107	LA	TENSAS	HAY	150
30	017	MT	CUSTER	HAY	20,910
27	041	MN	DOUGLAS	HAY	9,339
18	117	IN	ORANGE	HAY	5,293
23	019	ME	PENOBSCOT	HAY	(D)
37	183	NC	WAKE	SOD	465
29	061	MO	DAVIESS	HAY	(D)
26	145	MI	SAGINAW	HAY	657
48	175	TX	GOLIAD	HAY	1,944
29	029	MO	CAMDEN	HAY	22,380
29	187	MO	ST FRANCOIS	HAY	2,001
39	041	OH	DELAWARE	HAY	8
41	061	OR	UNION	HAY	15,582
47	183	TN	WEAKLEY	HAY	10,558
01	117	AL	SHELBY	HAY	211
55	097	WI	PORTAGE	HAY	21,099
30	033	MT	GARFIELD	HAY	(D)
36	119	NY	WESTCHESTER	HAY	(D)
46	081	SD	LAWRENCE	HAY	27,771
40	007	OK	BEAVER	HAY	22,571
48	065	TX	CARSON	HAY	(D)
26	151	MI	SANILAC	HAY	36
40	071	OK	KAY	HAY	5,025
48	299	TX	LLANO	HAY	3,565
08	019	CO	CLEAR CREEK	HAY	(D)
16	013	ID	BLAINE	GRASSES & LEGUMES TOTALS	2,790
31	157	NE	SCOTTS BLUFF	HAY	3,077
40	077	OK	LATIMER	HAY	(D)
41	067	OR	WASHINGTON	HAY	143
39	123	OH	OTTAWA	HAY	5,634
50	005	VT	CALEDONIA	HAY	98
51	163	VA	ROCKBRIDGE	HAY	1,980
31	007	NE	BANNER	HAY	4,465
48	495	TX	WINKLER	HAY	(D)
19	049	IA	DALLAS	HAY	1,314
53	023	WA	GARFIELD	HAY	152
31	055	NE	DOUGLAS	HAY	976
22	099	LA	SAINT MARTIN	HAY	2,159
45	067	SC	MARION	HAY	47
26	161	MI	WASHTENAW	SOD	(D)
47	165	TN	SUMNER	HAY	110
38	051	ND	MCINTOSH	HAY	12,131
29	021	MO	BUCHANAN	HAY	1,506
37	093	NC	HOKE	HAY	(D)
46	109	SD	ROBERTS	HAY	(D)
13	277	GA	TIFT	HAY	2,009
28	057	MS	ITAWAMBA	SOD	(D)
31	043	NE	DAKOTA	HAY	230
49	003	UT	BOX ELDER	SOD	(D)
51	027	VA	BUCHANAN	HAY	646
31	047	NE	DAWSON	GRASSES & LEGUMES TOTALS	(D)
13	261	GA	SUMTER	HAY	3,085
05	037	AR	CROSS	HAY	(D)
48	249	TX	JIM WELLS	HAY	7,906
04	003	AZ	COCHISE	HAY	11,107
36	063	NY	NIAGARA	HAY	4,768
41	009	OR	COLUMBIA	HAY	527
21	219	KY	TODD	HAY	9,137
21	047	KY	CHRISTIAN	HAY	13,236
47	171	TN	UNICOI	HAY	822
26	055	MI	GRAND TRAVERSE	HAY	727
35	059	NM	UNION	HAY	5,807
01	085	AL	LOWNDES	HAY	14,982
30	039	MT	GRANITE	HAY	(D)
21	157	KY	MARSHALL	HAY	50
47	047	TN	FAYETTE	SOD	2,242
55	135	WI	WAUPACA	HAY	295
21	033	KY	CALDWELL	HAY	17
26	065	MI	INGHAM	SOD	(D)
08	049	CO	GRAND	HAY	(D)
36	013	NY	CHAUTAUQUA	HAY	72
48	493	TX	WILSON	HAY	8,725
13	163	GA	JEFFERSON	GRASSES & LEGUMES TOTALS	(D)
51	157	VA	RAPPAHANNOCK	HAY	3
47	137	TN	PICKETT	HAY	8,407
21	239	KY	WOODFORD	HAY	20
06	049	CA	MODOC	HAY	115,416
20	045	KS	DOUGLAS	HAY	510
42	013	PA	BLAIR	HAY	5,618
20	087	KS	JEFFERSON	SOD	(D)
17	187	IL	WARREN	HAY	1,777
18	123	IN	PERRY	HAY	117
46	047	SD	FALL RIVER	HAY	5,493
55	095	WI	POLK	HAY	285
08	079	CO	MINERAL	HAY	1,095
39	123	OH	OTTAWA	HAY	5,875
51	061	VA	FAUQUIER	HAY	1,626
05	135	AR	SHARP	HAY	18,171
20	171	KS	SCOTT	HAY	(D)
47	141	TN	PUTNAM	HAY	393
40	001	OK	ADAIR	HAY	920
20	163	KS	ROOKS	HAY	30,179
48	331	TX	MILAM	HAY	1,888
28	095	MS	MONROE	HAY	7,379
21	147	KY	MCCREARY	HAY	1,266
48	059	TX	CALLAHAN	HAY	12,774
47	153	TN	SEQUATCHIE	HAY	(D)
28	029	MS	COPIAH	HAY	7,317
22	097	LA	SAINT LANDRY	HAY	348
30	067	MT	PARK	HAY	35,262
17	051	IL	FAYETTE	HAY	3,869
46	073	SD	JERAULD	HAY	14,774
48	117	TX	DEAF SMITH	GRASSES & LEGUMES TOTALS	(D)
33	019	NH	SULLIVAN	HAY	3,200
38	045	ND	LA MOURE	HAY	7,089
13	233	GA	POLK	HAY	34
48	413	TX	SCHLEICHER	HAY	1,214
21	099	KY	HART	HAY	22,570
27	115	MN	PINE	HAY	99
55	109	WI	ST CROIX	HAY	(D)
48	275	TX	KNOX	HAY	915
19	171	IA	TAMA	HAY	(D)
38	057	ND	MERCER	HAY	31,128
55	003	WI	ASHLAND	HAY	12,983
19	045	IA	CLINTON	HAY	11,426
06	041	CA	MARIN	HAY	5,470
16	057	ID	LATAH	HAY	39
56	025	WY	NATRONA	HAY	(D)
38	065	ND	OLIVER	HAY	(D)
19	051	IA	DAVIS	HAY	22,486
19	177	IA	VAN BUREN	HAY	(D)
20	013	KS	BROWN	HAY	1,927
48	077	TX	CLAY	HAY	22,488
40	135	OK	SEQUOYAH	HAY	(D)
26	123	MI	NEWAYGO	HAY	17,378
29	013	MO	BATES	HAY	295
48	445	TX	TERRY	HAY	5,612
48	367	TX	PARKER	HAY	35,001
55	035	WI	EAU CLAIRE	HAY	18,897
46	099	SD	MINNEHAHA	HAY	(D)
48	239	TX	JACKSON	HAY	11,743
46	099	SD	MINNEHAHA	HAY	5,274
37	133	NC	ONSLOW	HAY	373
19	099	IA	JASPER	HAY	(D)
53	005	WA	BENTON	HAY	3,216
06	025	CA	IMPERIAL	GRASSES & LEGUMES TOTALS	(D)
29	101	MO	JOHNSON	SOD	(D)
35	039	NM	RIO ARRIBA	HAY	5,928
17	013	IL	CALHOUN	HAY	(D)
37	071	NC	GASTON	HAY	363
31	017	NE	BROWN	HAY	3,302
29	085	MO	HICKORY	HAY	30,717
20	197	KS	WABAUNSEE	GRASSES & LEGUMES TOTALS	(D)
48	305	TX	LYNN	HAY	4,524
26	107	MI	MECOSTA	HAY	(D)
37	127	NC	NASH	HAY	8,309
01	089	AL	MADISON	HAY	16,611
18	075	IN	JAY	HAY	3,375
21	025	KY	BREATHITT	HAY	6
53	005	WA	BENTON	GRASSES & LEGUMES TOTALS	4,424
27	159	MN	WADENA	HAY	16,881
48	267	TX	KIMBLE	HAY	1,011
42	105	PA	POTTER	HAY	(D)
41	041	OR	LINCOLN	HAY	1,697
06	033	CA	LAKE	HAY	1,085
27	089	MN	MARSHALL	HAY	1,874
55	117	WI	SHEBOYGAN	HAY	14,142
49	025	UT	KANE	HAY	2,002
30	071	MT	PHILLIPS	HAY	72,706
21	205	KY	ROWAN	HAY	5,672
47	023	TN	CHESTER	HAY	(D)
39	147	OH	SENECA	HAY	3,124
56	027	WY	NIOBRARA	HAY	14,807
20	147	KS	PHILLIPS	HAY	122
29	039	MO	CEDAR	HAY	21
20	177	KS	SHAWNEE	HAY	(D)
51	085	VA	HANOVER	HAY	11,696
39	017	OH	BUTLER	HAY	5,973
13	205	GA	MITCHELL	HAY	(D)
31	089	NE	HOLT	HAY	234,595
51	005	VA	ALLEGHANY	HAY	5,770
08	035	CO	DOUGLAS	HAY	195
18	033	IN	DE KALB	HAY	(D)
13	077	GA	COWETA	HAY	(D)
28	049	MS	HINDS	HAY	37
48	223	TX	HOPKINS	HAY	(D)
22	067	LA	MOREHOUSE	HAY	4,537
37	109	NC	LINCOLN	HAY	8,428
45	007	SC	ANDERSON	HAY	32,471
08	025	CO	CROWLEY	HAY	(D)
17	039	IL	DE WITT	HAY	1,390
39	143	OH	SANDUSKY	HAY	(D)
37	047	NC	COLUMBUS	HAY	307
48	109	TX	CULBERSON	HAY	855
29	037	MO	CASS	HAY	(D)
48	257	TX	KAUFMAN	HAY	(D)
20	023	KS	CHEYENNE	HAY	3,879
48	293	TX	LIMESTONE	HAY	605
13	133	GA	GREENE	HAY	(D)
46	119	SD	SULLY	HAY	752
48	215	TX	HIDALGO	HAY	12,442
17	007	IL	BOONE	HAY	1,179
17	175	IL	STARK	HAY	89
54	009	WV	BROOKE	HAY	297
18	183	IN	WHITLEY	HAY	5,067
15	003	HI	HONOLULU	SOD	164
39	091	OH	LOGAN	HAY	7,418
48	111	TX	DALLAM	HAY	360
55	001	WI	ADAMS	HAY	1,218
53	011	WA	CLARK	HAY	8,634
40	153	OK	WOODWARD	HAY	23,451
46	061	SD	HANSON	HAY	9,020
47	049	TN	FENTRESS	HAY	16,376
01	041	AL	CRENSHAW	HAY	30
27	121	MN	POPE	HAY	13,980
12	055	FL	HIGHLANDS	HAY	773
18	055	IN	GREENE	HAY	(D)
26	115	MI	MONROE	HAY	8
04	001	AZ	APACHE	HAY	2,162
20	101	KS	LANE	HAY	2,960
01	049	AL	DE KALB	HAY	128
16	033	ID	CLARK	HAY	35,663
46	102	SD	OGLALA LAKOTA	HAY	27,936
26	081	MI	KENT	HAY	2,790
26	011	MI	ARENAC	HAY	(D)
06	009	CA	CALAVERAS	HAY	(D)
35	043	NM	SANDOVAL	HAY	3,683
49	037	UT	SAN JUAN	HAY	1,662
45	079	SC	RICHLAND	HAY	(D)
48	441	TX	TAYLOR	HAY	(D)
47	051	TN	FRANKLIN	HAY	12,817
12	043	FL	GLADES	HAY	131
38	041	ND	HETTINGER	HAY	34,265
19	029	IA	CASS	HAY	2,816
53	049	WA	PACIFIC	HAY	1,736
37	153	NC	RICHMOND	HAY	(D)
20	047	KS	EDWARDS	HAY	3,844
47	153	TN	SEQUATCHIE	HAY	2,320
28	021	MS	CLAIBORNE	HAY	50
47	085	TN	HUMPHREYS	HAY	161
28	017	MS	CHICKASAW	HAY	14,522
37	187	NC	WASHINGTON	HAY	788
04	005	AZ	COCONINO	HAY	(D)
42	029	PA	CHESTER	HAY	24,082
17	173	IL	SHELBY	HAY	4,960
30	029	MT	FLATHEAD	HAY	28,835
35	051	NM	SIERRA	HAY	2,614
47	023	TN	CHESTER	HAY	46
31	049	NE	DEUEL	HAY	917
08	089	CO	OTERO	HAY	22,182
42	001	PA	ADAMS	HAY	(D)
17	027	IL	CLINTON	HAY	6,839
47	129	TN	MORGAN	HAY	51
21	027	KY	BRECKINRIDGE	HAY	1,529
12	063	FL	JACKSON	HAY	695
20	051	KS	ELLIS	GRASSES & LEGUMES TOTALS	(D)
42	051	PA	FAYETTE	HAY	5,811
48	333	TX	MILLS	HAY	370
12	057	FL	HILLSBOROUGH	HAY	13,401
18	019	IN	CLARK	HAY	4,675
48	313	TX	MADISON	HAY	16,363
04	003	AZ	COCHISE	HAY	13,401
42	097	PA	NORTHUMBERLAND	HAY	3,624
41	061	OR	UNION	HAY	19,027
27	047	MN	FREEBORN	HAY	(D)
20	113	KS	MCPHERSON	HAY	286
12	039	FL	GADSDEN	HAY	3,789
37	191	NC	WAYNE	HAY	(D)
01	091	AL	MARENGO	HAY	(D)
37	067	NC	FORSYTH	HAY	(D)
37	151	NC	RANDOLPH	HAY	54
20	175	KS	SEWARD	HAY	4,069
37	115	NC	MADISON	HAY	4,319
51	169	VA	SCOTT	HAY	2,346
13	273	GA	TERRELL	HAY	(D)
42	013	PA	BLAIR	HAY	(D)
51	153	VA	PRINCE WILLIAM	HAY	287
05	035	AR	CRITTENDEN	HAY	(D)
13	171	GA	LAMAR	HAY	(D)
35	009	NM	CURRY	HAY	70,200
42	123	PA	WARREN	GRASSES & LEGUMES TOTALS	(D)
12	097	FL	OSCEOLA	HAY	(D)
39	077	OH	HURON	HAY	3,046
39	027	OH	CLINTON	HAY	1,457
48	311	TX	MCMULLEN	HAY	2,955
20	027	KS	CLAY	HAY	475
05	065	AR	IZARD	GRASSES & LEGUMES TOTALS	(D)
36	071	NY	ORANGE	HAY	14,652
32	033	NV	WHITE PINE	HAY	24,629
13	163	GA	JEFFERSON	HAY	6,205
21	039	KY	CARLISLE	HAY	1,739
41	009	OR	COLUMBIA	HAY	133
37	169	NC	STOKES	HAY	15,459
13	105	GA	ELBERT	HAY	90
47	135	TN	PERRY	HAY	18
08	109	CO	SAGUACHE	HAY	(D)
27	113	MN	PENNINGTON	HAY	10,801
06	041	CA	MARIN	HAY	5,470
06	091	CA	SIERRA	HAY	2,586
21	199	KY	PULASKI	HAY	92
41	055	OR	SHERMAN	HAY	531
20	013	KS	BROWN	HAY	9,474
20	143	KS	OTTAWA	HAY	15,717
31	061	NE	FRANKLIN	HAY	522
26	061	MI	HOUGHTON	HAY	2,980
31	163	NE	SHERMAN	HAY	4,037
31	045	NE	DAWES	HAY	26,496
46	103	SD	PENNINGTON	SOD	254
37	151	NC	RANDOLPH	HAY	18,315
30	009	MT	CARBON	HAY	28,393
54	065	WV	MORGAN	HAY	5,147
55	059	WI	KENOSHA	HAY	583
30	069	MT	PETROLEUM	HAY	869
48	461	TX	UPTON	HAY	(D)
51	145	VA	POWHATAN	HAY	3,593
41	063	OR	WALLOWA	HAY	32,529
48	027	TX	BELL	HAY	765
22	057	LA	LAFOURCHE	HAY	134
48	079	TX	COCHRAN	HAY	679
36	051	NY	LIVINGSTON	HAY	223
47	091	TN	JOHNSON	HAY	6,604
53	017	WA	DOUGLAS	HAY	(D)
04	025	AZ	YAVAPAI	HAY	596
34	033	NJ	SALEM	HAY	3,159
55	051	WI	IRON	HAY	(D)
37	093	NC	HOKE	HAY	(D)
46	127	SD	UNION	HAY	381
30	009	MT	CARBON	HAY	46,533
53	029	WA	ISLAND	HAY	1,802
41	031	OR	JEFFERSON	HAY	13,640
47	097	TN	LAUDERDALE	HAY	3,502
41	017	OR	DESCHUTES	SOD	150
29	139	MO	MONTGOMERY	HAY	12,128
18	019	IN	CLARK	HAY	5,791
08	123	CO	WELD	SOD	2,166
28	109	MS	PEARL RIVER	HAY	17,411
35	017	NM	GRANT	HAY	778
13	197	GA	MARION	HAY	5,087
19	045	IA	CLINTON	HAY	(D)
36	083	NY	RENSSELAER	HAY	(D)
24	035	MD	QUEEN ANNES	SOD	(D)
45	057	SC	LANCASTER	GRASSES & LEGUMES TOTALS	(D)
55	117	WI	SHEBOYGAN	HAY	1,515
48	425	TX	SOMERVELL	HAY	8,581
06	035	CA	LASSEN	HAY	33,685
53	055	WA	SAN JUAN	HAY	2,364
06	095	CA	SOLANO	HAY	28,469
42	125	PA	WASHINGTON	HAY	30,193
31	177	NE	WASHINGTON	HAY	5,014
46	071	SD	JACKSON	HAY	731
46	027	SD	CLAY	HAY	(D)
28	027	MS	COAHOMA	HAY	(D)
48	027	TX	BELL	HAY	25,785
48	145	TX	FALLS	HAY	1,710
39	119	OH	MUSKINGUM	HAY	31,110
47	051	TN	FRANKLIN	HAY	142
20	193	KS	THOMAS	HAY	2,108
51	069	VA	FREDERICK	HAY	13,450
37	119	NC	MECKLENBURG	HAY	(D)
04	019	AZ	PIMA	HAY	6,928
42	067	PA	JUNIATA	GRASSES & LEGUMES TOTALS	(D)
26	005	MI	ALLEGAN	HAY	4,005
12	033	FL	ESCAMBIA	HAY	262
27	119	MN	POLK	HAY	18
05	069	AR	JEFFERSON	HAY	4,051
45	075	SC	ORANGEBURG	HAY	809
28	051	MS	HOLMES	HAY	7,376
27	069	MN	KITTSON	HAY	7,036
18	033	IN	DE KALB	HAY	1,093
46	059	SD	HAND	HAY	26,965
51	087	VA	HENRICO	HAY	425
37	037	NC	CHATHAM	HAY	17,009
12	097	FL	OSCEOLA	HAY	(D)
42	017	PA	BUCKS	HAY	91
54	007	WV	BRAXTON	HAY	11,689
05	105	AR	PERRY	HAY	(D)
27	141	MN	SHERBURNE	HAY	4,177
18	059	IN	HANCOCK	HAY	1,681
53	003	WA	ASOTIN	HAY	83
16	087	ID	WASHINGTON	HAY	33,732
20	157	KS	REPUBLIC	HAY	3,714
12	075	FL	LEVY	SOD	(D)
26	081	MI	KENT	HAY	10,599
27	171	MN	WRIGHT	HAY	10,923
48	325	TX	MEDINA	HAY	27,144
06	049	CA	MODOC	HAY	95,938
46	103	SD	PENNINGTON	HAY	25,577
38	105	ND	WILLIAMS	HAY	2,634
27	143	MN	SIBLEY	HAY	4,121
48	471	TX	WALKER	HAY	23
06	083	CA	SANTA BARBARA	HAY	2,145
20	065	KS	GRAHAM	HAY	2,167
18	099	IN	MARSHALL	HAY	5,681
39	113	OH	MONTGOMERY	HAY	(D)
06	001	CA	ALAMEDA	HAY	(D)
48	369	TX	PARMER	HAY	593
05	041	AR	DESHA	HAY	(D)
47	057	TN	GRAINGER	HAY	219
27	001	MN	AITKIN	HAY	8,026
55	091	WI	PEPIN	HAY	(D)
36	007	NY	BROOME	HAY	93
46	135	SD	YANKTON	HAY	682
48	045	TX	BRISCOE	HAY	4,684
27	045	MN	FILLMORE	HAY	41
08	119	CO	TELLER	HAY	925
46	083	SD	LINCOLN	HAY	4,449
21	039	KY	CARLISLE	HAY	1,639
51	159	VA	RICHMOND	HAY	75
08	087	CO	MORGAN	HAY	23,268
41	063	OR	WALLOWA	HAY	12,584
16	065	ID	MADISON	HAY	13,701
17	041	IL	DOUGLAS	HAY	198
12	127	FL	VOLUSIA	HAY	79
08	079	CO	MINERAL	HAY	135
18	155	IN	SWITZERLAND	HAY	4,375
49	007	UT	CARBON	HAY	(D)
41	023	OR	GRANT	HAY	(D)
13	147	GA	HART	HAY	266
48	173	TX	GLASSCOCK	HAY	(D)
48	355	TX	NUECES	HAY	4,423
29	049	MO	CLINTON	HAY	15,962
28	113	MS	PIKE	HAY	8,686
20	191	KS	SUMNER	HAY	13,688
08	073	CO	LINCOLN	HAY	26,825
31	089	NE	HOLT	HAY	18,027
48	099	TX	CORYELL	HAY	1,441
16	007	ID	BEAR LAKE	HAY	31,394
48	441	TX	TAYLOR	HAY	539
06	023	CA	HUMBOLDT	HAY	2,256
40	109	OK	OKLAHOMA	HAY	9,527
40	137	OK	STEPHENS	HAY	2,094
06	097	CA	SONOMA	HAY	20,700
53	029	WA	ISLAND	HAY	660
47	015	TN	CANNON	HAY	(D)
49	021	UT	IRON	HAY	48,244
46	017	SD	BUFFALO	HAY	12,191
39	165	OH	WARREN	HAY	5,250
20	169	KS	SALINE	HAY	12,312
27	043	MN	FARIBAULT	HAY	556
12	003	FL	BAKER	HAY	(D)
33	019	NH	SULLIVAN	HAY	3,046
21	217	KY	TAYLOR	HAY	1,316
22	119	LA	WEBSTER	HAY	(D)
28	031	MS	COVINGTON	HAY	22
06	107	CA	TULARE	HAY	50,127
36	017	NY	CHENANGO	HAY	4,929
05	041	AR	DESHA	HAY	225
53	067	WA	THURSTON	HAY	418
17	169	IL	SCHUYLER	HAY	7,569
13	081	GA	CRISP	HAY	3,339
19	125	IA	MARION	SOD	(D)
31	155	NE	SAUNDERS	HAY	190
37	057	NC	DAVIDSON	HAY	134
31	093	NE	HOWARD	HAY	5,141
08	083	CO	MONTEZUMA	HAY	31,508
46	125	SD	TURNER	HAY	342
40	003	OK	ALFALFA	GRASSES & LEGUMES TOTALS	240
48	217	TX	HILL	SOD	2,529
37	045	NC	CLEVELAND	HAY	33
31	003	NE	ANTELOPE	HAY	7,696
48	487	TX	WILBARGER	HAY	(D)
08	079	CO	MINERAL	HAY	135
20	099	KS	LABETTE	HAY	542
12	091	FL	OKALOOSA	HAY	400
17	073	IL	HENRY	HAY	29
47	017	TN	CARROLL	HAY	14
29	077	MO	GREENE	HAY	3,727
27	135	MN	ROSEAU	HAY	8,759
31	095	NE	JEFFERSON	HAY	4,490
47	059	TN	GREENE	HAY	1,648
08	005	CO	ARAPAHOE	HAY	1,452
20	013	KS	BROWN	HAY	(D)
48	309	TX	MCLENNAN	HAY	49,618
34	035	NJ	SOMERSET	HAY	534
21	217	KY	TAYLOR	HAY	32
44	003	RI	KENT	HAY	406
16	053	ID	JEROME	GRASSES & LEGUMES TOTALS	418
22	011	LA	BEAUREGARD	HAY	294
35	015	NM	EDDY	HAY	(D)
37	127	NC	NASH	HAY	65
06	007	CA	BUTTE	SOD	(D)
22	017	LA	CADDO	HAY	18,209
48	049	TX	BROWN	HAY	960
13	135	GA	GWINNETT	HAY	(D)
06	105	CA	TRINITY	HAY	445
31	057	NE	DUNDY	HAY	9,405
41	061	OR	UNION	HAY	8,056
49	033	UT	RICH	HAY	9,501
27	127	MN	REDWOOD	HAY	3,255
30	091	MT	SHERIDAN	HAY	3,088
21	183	KY	OHIO	HAY	390
47	089	TN	JEFFERSON	HAY	289
29	199	MO	SCOTLAND	HAY	(D)
21	193	KY	PERRY	HAY	(D)
41	021	OR	GILLIAM	HAY	2,345
48	225	TX	HOUSTON	HAY	231
30	079	MT	PRAIRIE	HAY	5,078
28	137	MS	TATE	HAY	20,220
17	049	IL	EFFINGHAM	HAY	2,015
08	013	CO	BOULDER	HAY	6,316
26	131	MI	ONTONAGON	HAY	8,748
40	005	OK	ATOKA	HAY	167
28	079	MS	LEAKE	HAY	61
08	079	CO	MINERAL	HAY	1,095
55	059	WI	KENOSHA	HAY	3,356
26	037	MI	CLINTON	HAY	10,613
49	049	UT	UTAH	SOD	1,241
24	029	MD	KENT	HAY	(D)
01	063	AL	GREENE	HAY	4,723
48	409	TX	SAN PATRICIO	HAY	193
20	063	KS	GOVE	HAY	8,726
08	087	CO	MORGAN	HAY	16,680
41	013	OR	CROOK	HAY	12,865
48	113	TX	DALLAS	HAY	13,674
31	015	NE	BOYD	HAY	13,134
06	081	CA	SAN MATEO	HAY	(D)
31	061	NE	FRANKLIN	HAY	7,353
54	079	WV	PUTNAM	HAY	656
45	045	SC	GREENVILLE	HAY	66
45	059	SC	LAURENS	HAY	19,739
29	105	MO	LACLEDE	HAY	51,446
13	287	GA	TURNER	HAY	1,384
40	151	OK	WOODS	HAY	41,526
08	057	CO	JACKSON	HAY	(D)
27	099	MN	MOWER	HAY	45
48	333	TX	MILLS	HAY	8,323
39	031	OH	COSHOCTON	HAY	223
41	041	OR	LINCOLN	HAY	129
39	131	OH	PIKE	HAY	1,297
54	007	WV	BRAXTON	HAY	(D)
20	073	KS	GREENWOOD	HAY	46,614
09	009	CT	NEW HAVEN	HAY	22
01	087	AL	MACON	HAY	8,109
51	045	VA	CRAIG	HAY	8,868
21	205	KY	ROWAN	HAY	(D)
39	095	OH	LUCAS	HAY	213
19	093	IA	IDA	HAY	740
18	033	IN	DE KALB	HAY	(D)
28	075	MS	LAUDERDALE	HAY	(D)
20	155	KS	RENO	HAY	3,386
21	129	KY	LEE	HAY	2,478
51	800	VA	SUFFOLK CITY	HAY	664
05	129	AR	SEARCY	HAY	21,359
09	007	CT	MIDDLESEX	HAY	50
56	013	WY	FREMONT	HAY	15,481
13	033	GA	BURKE	HAY	1,420
06	033	CA	LAKE	HAY	255
21	209	KY	SCOTT	HAY	17,349
27	141	MN	SHERBURNE	HAY	1,847
24	033	MD	PRINCE GEORGES	GRASSES & LEGUMES TOTALS	(D)
06	015	CA	DEL NORTE	HAY	1,809
53	007	WA	CHELAN	HAY	417
39	171	OH	WILLIAMS	HAY	2,773
30	107	MT	WHEATLAND	HAY	6,994
42	011	PA	BERKS	HAY	40
17	067	IL	HANCOCK	HAY	(D)
18	107	IN	MONTGOMERY	HAY	1,845
37	175	NC	TRANSYLVANIA	HAY	(D)
12	105	FL	POLK	GRASSES & LEGUMES TOTALS	580
20	157	KS	REPUBLIC	HAY	11,006
17	011	IL	BUREAU	HAY	180
41	011	OR	COOS	HAY	377
40	099	OK	MURRAY	SOD	(D)
39	059	OH	GUERNSEY	HAY	(D)
34	033	NJ	SALEM	HAY	116
48	345	TX	MOTLEY	HAY	1,184
25	023	MA	PLYMOUTH	HAY	(D)
39	045	OH	FAIRFIELD	HAY	(D)
35	007	NM	COLFAX	HAY	2,601
48	247	TX	JIM HOGG	HAY	1,294
13	019	GA	BERRIEN	HAY	208
01	133	AL	WINSTON	HAY	5,352
20	113	KS	MCPHERSON	GRASSES & LEGUMES TOTALS	(D)
30	001	MT	BEAVERHEAD	HAY	36,697
38	089	ND	STARK	HAY	(D)
08	105	CO	RIO GRANDE	HAY	21,182
21	119	KY	KNOTT	HAY	505
40	127	OK	PUSHMATAHA	HAY	17,140
31	117	NE	MCPHERSON	HAY	1,461
47	113	TN	MADISON	HAY	7,731
45	091	SC	YORK	GRASSES & LEGUMES TOTALS	(D)
24	035	MD	QUEEN ANNES	HAY	213
39	071	OH	HIGHLAND	HAY	(D)
17	119	IL	MADISON	HAY	1,984
25	001	MA	BARNSTABLE	HAY	59
35	033	NM	MORA	HAY	1,187
54	037	WV	JEFFERSON	HAY	(D)
36	067	NY	ONONDAGA	HAY	9,449
53	035	WA	KITSAP	HAY	45
01	125	AL	TUSCALOOSA	HAY	(D)
53	011	WA	CLARK	HAY	(D)
47	163	TN	SULLIVAN	HAY	244
09	009	CT	NEW HAVEN	HAY	3,819
12	105	FL	POLK	SOD	(D)
05	027	AR	COLUMBIA	HAY	161
12	013	FL	CALHOUN	SOD	(D)
13	135	GA	GWINNETT	HAY	(D)
13	229	GA	PIERCE	HAY	311
37	105	NC	LEE	HAY	(D)
29	181	MO	RIPLEY	HAY	11,282
18	101	IN	MARTIN	HAY	1,011
31	111	NE	LINCOLN	HAY	21,448
38	051	ND	MCINTOSH	HAY	(D)
45	017	SC	CALHOUN	GRASSES & LEGUMES TOTALS	(D)
38	043	ND	KIDDER	HAY	1,000
27	137	MN	ST. LOUIS	HAY	310
29	097	MO	JASPER	HAY	35,264
37	141	NC	PENDER	HAY	(D)
22	067	LA	MOREHOUSE	SOD	(D)
06	101	CA	SUTTER	HAY	1,741
51	073	VA	GLOUCESTER	HAY	(D)
06	031	CA	KINGS	GRASSES & LEGUMES TOTALS	176
13	207	GA	MONROE	HAY	(D)
48	409	TX	SAN PATRICIO	HAY	35
54	083	WV	RANDOLPH	HAY	38
13	017	GA	BEN HILL	HAY	653
48	385	TX	REAL	HAY	(D)
46	067	SD	HUTCHINSON	HAY	18,629
48	307	TX	MCCULLOCH	HAY	5,775
30	079	MT	PRAIRIE	GRASSES & LEGUMES TOTALS	(D)
21	063	KY	ELLIOTT	HAY	5,274
38	015	ND	BURLEIGH	HAY	(D)
37	165	NC	SCOTLAND	HAY	(D)
24	013	MD	CARROLL	HAY	12,571
48	319	TX	MASON	GRASSES & LEGUMES TOTALS	(D)
12	071	FL	LEE	HAY	(D)
01	045	AL	DALE	HAY	6,256
30	055	MT	MCCONE	HAY	1,138
56	041	WY	UINTA	HAY	(D)
31	129	NE	NUCKOLLS	HAY	772
37	111	NC	MCDOWELL	HAY	1,732
46	119	SD	SULLY	HAY	202
18	079	IN	JENNINGS	HAY	32
13	005	GA	BACON	HAY	(D)
48	345	TX	MOTLEY	HAY	(D)
13	199	GA	MERIWETHER	HAY	9,489
08	075	CO	LOGAN	HAY	17,892
08	009	CO	BACA	HAY	603
41	059	OR	UMATILLA	GRASSES & LEGUMES TOTALS	13,640
55	033	WI	DUNN	HAY	22,836
22	097	LA	SAINT LANDRY	HAY	14,132
26	125	MI	OAKLAND	HAY	3,225
33	017	NH	STRAFFORD	HAY	1,164
39	033	OH	CRAWFORD	HAY	1,308
28	135	MS	TALLAHATCHIE	HAY	4,797
21	109	KY	JACKSON	HAY	(D)
30	021	MT	DAWSON	GRASSES & LEGUMES TOTALS	(D)
39	163	OH	VINTON	HAY	4,386
22	015	LA	BOSSIER	HAY	10,149
51	187	VA	WARREN	HAY	8,607
21	099	KY	HART	HAY	28,168
53	043	WA	LINCOLN	HAY	15,584
56	037	WY	SWEETWATER	HAY	24,350
39	089	OH	LICKING	SOD	(D)
48	063	TX	CAMP	HAY	(D)
20	053	KS	ELLSWORTH	HAY	4,271
12	059	FL	HOLMES	HAY	6,845
51	045	VA	CRAIG	HAY	9,586
23	001	ME	ANDROSCOGGIN	HAY	470
48	047	TX	BROOKS	HAY	2,434
39	077	OH	HURON	HAY	(D)
06	053	CA	MONTEREY	HAY	4,940
45	013	SC	BEAUFORT	HAY	(D)
46	073	SD	JERAULD	HAY	24,799
04	009	AZ	GRAHAM	HAY	1,765
37	085	NC	HARNETT	HAY	4,022
38	073	ND	RANSOM	HAY	13,225
12	043	FL	GLADES	HAY	1,286
34	011	NJ	CUMBERLAND	HAY	986
05	111	AR	POINSETT	SOD	(D)
19	127	IA	MARSHALL	HAY	5,766
29	091	MO	HOWELL	GRASSES & LEGUMES TOTALS	1,127
40	053	OK	GRANT	GRASSES & LEGUMES TOTALS	(D)
06	111	CA	VENTURA	SOD	(D)
42	013	PA	BLAIR	HAY	3,944
31	177	NE	WASHINGTON	HAY	822
08	101	CO	PUEBLO	GRASSES & LEGUMES TOTALS	103
48	457	TX	TYLER	HAY	93
48	227	TX	HOWARD	HAY	3,105
01	015	AL	CALHOUN	HAY	(D)
28	143	MS	TUNICA	HAY	1,600
18	113	IN	NOBLE	HAY	194
20	081	KS	HASKELL	HAY	(D)
47	159	TN	SMITH	HAY	142
33	007	NH	COOS	HAY	619
31	069	NE	GARDEN	HAY	13,146
34	015	NJ	GLOUCESTER	GRASSES & LEGUMES TOTALS	50
42	133	PA	YORK	HAY	(D)
12	109	FL	ST. JOHNS	HAY	(D)
48	239	TX	JACKSON	HAY	11,875
01	003	AL	BALDWIN	HAY	7,342
25	019	MA	NANTUCKET	SOD	(D)
17	163	IL	ST CLAIR	HAY	2,852
39	027	OH	CLINTON	HAY	(D)
01	131	AL	WILCOX	HAY	6,369
26	067	MI	IONIA	HAY	173
13	261	GA	SUMTER	HAY	115
26	109	MI	MENOMINEE	HAY	17,019
55	071	WI	MANITOWOC	HAY	(D)
49	057	UT	WEBER	HAY	9,556
21	067	KY	FAYETTE	HAY	2,387
17	123	IL	MARSHALL	HAY	(D)
17	195	IL	WHITESIDE	HAY	91
29	117	MO	LIVINGSTON	HAY	14,531
48	303	TX	LUBBOCK	HAY	9,633
26	121	MI	MUSKEGON	HAY	4,870
26	089	MI	LEELANAU	HAY	849
30	055	MT	MCCONE	HAY	51,591
31	017	NE	BROWN	HAY	9,117
48	101	TX	COTTLE	HAY	4,401
29	151	MO	OSAGE	HAY	(D)
13	307	GA	WEBSTER	HAY	(D)
47	063	TN	HAMBLEN	HAY	(D)
55	107	WI	RUSK	HAY	5,625
21	059	KY	DAVIESS	HAY	9,215
21	013	KY	BELL	HAY	1,190
17	093	IL	KENDALL	HAY	391
36	027	NY	DUTCHESS	HAY	17,117
22	055	LA	LAFAYETTE	HAY	5,216
20	145	KS	PAWNEE	HAY	5,026
36	069	NY	ONTARIO	GRASSES & LEGUMES TOTALS	(D)
20	093	KS	KEARNY	HAY	32,081
37	087	NC	HAYWOOD	SOD	(D)
28	063	MS	JEFFERSON	HAY	3,203
29	113	MO	LINCOLN	HAY	13,608
47	081	TN	HICKMAN	HAY	42
48	477	TX	WASHINGTON	HAY	37,737
37	147	NC	PITT	HAY	1,905
20	117	KS	MARSHALL	HAY	3,220
27	087	MN	MAHNOMEN	HAY	617
36	109	NY	TOMPKINS	HAY	6
42	079	PA	LUZERNE	HAY	(D)
19	051	IA	DAVIS	HAY	10,893
08	121	CO	WASHINGTON	HAY	38,315
13	195	GA	MADISON	HAY	195
56	009	WY	CONVERSE	HAY	23,957
29	039	MO	CEDAR	GRASSES & LEGUMES TOTALS	940
05	057	AR	HEMPSTEAD	HAY	46,197
39	069	OH	HENRY	HAY	(D)
37	039	NC	CHEROKEE	HAY	4,209
56	017	WY	HOT SPRINGS	HAY	5,629
05	139	AR	UNION	HAY	6,743
53	013	WA	COLUMBIA	HAY	1,368
18	009	IN	BLACKFORD	HAY	1,013
28	073	MS	LAMAR	HAY	6,123
48	083	TX	COLEMAN	HAY	(D)
17	005	IL	BOND	HAY	3,958
13	045	GA	CARROLL	HAY	13,258
12	099	FL	PALM BEACH	SOD	13,857
31	075	NE	GRANT	HAY	1,850
13	221	GA	OGLETHORPE	HAY	7,791
55	011	WI	BUFFALO	HAY	25,143
18	169	IN	WABASH	HAY	(D)
40	073	OK	KINGFISHER	HAY	3,231
51	065	VA	FLUVANNA	HAY	600
40	117	OK	PAWNEE	HAY	19,008
48	295	TX	LIPSCOMB	HAY	3,765
30	025	MT	FALLON	HAY	1,220
41	007	OR	CLATSOP	HAY	2,058
19	153	IA	POLK	HAY	2,861
28	161	MS	YALOBUSHA	HAY	6,588
08	087	CO	MORGAN	SOD	1,046
47	119	TN	MAURY	HAY	485
31	173	NE	THURSTON	HAY	(D)
55	057	WI	JUNEAU	HAY	2,051
55	123	WI	VERNON	HAY	35,921
38	015	ND	BURLEIGH	HAY	2,452
37	145	NC	PERSON	HAY	10,277
20	045	KS	DOUGLAS	HAY	1,123
20	149	KS	POTTAWATOMIE	SOD	(D)
30	051	MT	LIBERTY	HAY	5,526
28	153	MS	WAYNE	HAY	61
19	175	IA	UNION	HAY	12,617
17	107	IL	LOGAN	HAY	289
20	117	KS	MARSHALL	HAY	18,715
48	011	TX	ARMSTRONG	HAY	(D)
37	191	NC	WAYNE	HAY	4,796
31	045	NE	DAWES	HAY	8,064
41	015	OR	CURRY	HAY	614
21	019	KY	BOYD	HAY	2,213
18	149	IN	STARKE	HAY	377
27	019	MN	CARVER	HAY	(D)
29	067	MO	DOUGLAS	HAY	38,627
37	001	NC	ALAMANCE	HAY	241
53	031	WA	JEFFERSON	HAY	653
48	117	TX	DEAF SMITH	HAY	28,026
55	111	WI	SAUK	HAY	(D)
05	077	AR	LEE	HAY	(D)
29	067	MO	DOUGLAS	HAY	1,877
39	019	OH	CARROLL	HAY	23,111
19	127	IA	MARSHALL	HAY	4,192
48	251	TX	JOHNSON	GRASSES & LEGUMES TOTALS	(D)
56	045	WY	WESTON	HAY	20,414
51	195	VA	WISE	HAY	(D)
41	051	OR	MULTNOMAH	HAY	1,452
30	089	MT	SANDERS	HAY	918
21	057	KY	CUMBERLAND	HAY	(D)
48	245	TX	JEFFERSON	HAY	(D)
26	095	MI	LUCE	HAY	1,034
06	035	CA	LASSEN	HAY	52,470
27	119	MN	POLK	HAY	16,789
18	095	IN	MADISON	HAY	1,283
39	151	OH	STARK	HAY	8,843
26	047	MI	EMMET	HAY	(D)
33	011	NH	HILLSBOROUGH	HAY	322
16	045	ID	GEM	HAY	10,762
30	059	MT	MEAGHER	HAY	21,714
46	027	SD	CLAY	HAY	1,197
16	057	ID	LATAH	HAY	4,997
27	053	MN	HENNEPIN	HAY	3,302
21	153	KY	MAGOFFIN	HAY	(D)
49	029	UT	MORGAN	HAY	10,439
29	169	MO	PULASKI	HAY	(D)
21	129	KY	LEE	HAY	3,606
04	017	AZ	NAVAJO	SOD	(D)
33	003	NH	CARROLL	HAY	1,380
47	105	TN	LOUDON	HAY	12,319
27	169	MN	WINONA	HAY	19,656
26	115	MI	MONROE	HAY	3,929
18	097	IN	MARION	HAY	(D)
06	087	CA	SANTA CRUZ	HAY	(D)
49	027	UT	MILLARD	HAY	52,217
47	061	TN	GRUNDY	HAY	80
20	015	KS	BUTLER	HAY	4,864
19	065	IA	FAYETTE	HAY	12,038
20	101	KS	LANE	HAY	(D)
54	051	WV	MARSHALL	HAY	13,363
01	035	AL	CONECUH	HAY	323
17	117	IL	MACOUPIN	GRASSES & LEGUMES TOTALS	(D)
50	027	VT	WINDSOR	HAY	(D)
44	007	RI	PROVIDENCE	HAY	(D)
05	001	AR	ARKANSAS	HAY	114
54	001	WV	BARBOUR	HAY	17,526
20	163	KS	ROOKS	HAY	102
06	093	CA	SISKIYOU	HAY	68,819
31	167	NE	STANTON	HAY	12,224
55	039	WI	FOND DU LAC	HAY	1,732
51	069	VA	FREDERICK	HAY	553
46	065	SD	HUGHES	HAY	14,987
29	023	MO	BUTLER	HAY	6,334
26	051	MI	GLADWIN	HAY	12
39	137	OH	PUTNAM	HAY	18
28	151	MS	WASHINGTON	HAY	1,224
41	059	OR	UMATILLA	HAY	20,757
51	105	VA	LEE	HAY	16,919
48	507	TX	ZAVALA	HAY	6,458
47	003	TN	BEDFORD	HAY	163
36	117	NY	WAYNE	HAY	(D)
21	125	KY	LAUREL	HAY	18
30	089	MT	SANDERS	HAY	9,021
21	123	KY	LARUE	HAY	11,239
39	149	OH	SHELBY	HAY	5,302
40	059	OK	HARPER	HAY	2,660
21	089	KY	GREENUP	HAY	7,035
35	021	NM	HARDING	HAY	(D)
47	119	TN	MAURY	SOD	(D)
45	015	SC	BERKELEY	HAY	1,148
55	055	WI	JEFFERSON	HAY	8,851
22	061	LA	LINCOLN	HAY	8,772
36	067	NY	ONONDAGA	HAY	4,953
48	197	TX	HARDEMAN	HAY	645
44	003	RI	KENT	HAY	(D)
20	011	KS	BOURBON	HAY	46,011
42	133	PA	YORK	HAY	(D)
28	087	MS	LOWNDES	HAY	8,864
38	039	ND	GRIGGS	HAY	(D)
20	079	KS	HARVEY	HAY	163
30	091	MT	SHERIDAN	HAY	38,683
18	121	IN	PARKE	HAY	1,387
51	153	VA	PRINCE WILLIAM	SOD	(D)
27	051	MN	GRANT	HAY	(D)
49	043	UT	SUMMIT	GRASSES & LEGUMES TOTALS	(D)
40	133	OK	SEMINOLE	HAY	22,433
40	003	OK	ALFALFA	HAY	35,804
42	027	PA	CENTRE	HAY	7,577
51	810	VA	VIRGINIA BEACH CITY	HAY	166
13	265	GA	TALIAFERRO	HAY	(D)
48	023	TX	BAYLOR	HAY	1,011
36	119	NY	WESTCHESTER	HAY	165
56	013	WY	FREMONT	GRASSES & LEGUMES TOTALS	(D)
29	077	MO	GREENE	HAY	45,160
41	025	OR	HARNEY	HAY	37,224
42	075	PA	LEBANON	HAY	124
48	227	TX	HOWARD	HAY	1,489
41	033	OR	JOSEPHINE	HAY	2,432
16	021	ID	BOUNDARY	HAY	2,689
45	083	SC	SPARTANBURG	HAY	156
51	011	VA	APPOMATTOX	HAY	427
29	105	MO	LACLEDE	HAY	2,472
17	123	IL	MARSHALL	HAY	465
27	119	MN	POLK	HAY	1,686
26	105	MI	MASON	HAY	(D)
49	057	UT	WEBER	HAY	11,578
48	329	TX	MIDLAND	HAY	4,295
08	069	CO	LARIMER	HAY	24,346
39	157	OH	TUSCARAWAS	HAY	14,689
56	017	WY	HOT SPRINGS	HAY	10,043
19	157	IA	POWESHIEK	HAY	(D)
05	017	AR	CHICOT	HAY	1,416
46	115	SD	SPINK	HAY	19,451
31	095	NE	JEFFERSON	HAY	979
27	019	MN	CARVER	HAY	(D)
48	045	TX	BRISCOE	HAY	1,202
48	189	TX	HALE	HAY	17,008
48	417	TX	SHACKELFORD	HAY	(D)
17	065	IL	HAMILTON	HAY	2,203
22	105	LA	TANGIPAHOA	HAY	275
49	019	UT	GRAND	HAY	426
39	149	OH	SHELBY	HAY	4,143
29	053	MO	COOPER	HAY	370
22	117	LA	WASHINGTON	HAY	13,143
20	137	KS	NORTON	HAY	1,269
28	113	MS	PIKE	HAY	106
48	127	TX	DIMMIT	HAY	(D)
41	023	OR	GRANT	HAY	(D)
13	239	GA	QUITMAN	HAY	215
39	093	OH	LORAIN	HAY	30
31	031	NE	CHERRY	HAY	303,322
29	121	MO	MACON	HAY	47,486
24	029	MD	KENT	HAY	1,214
55	069	WI	LINCOLN	HAY	(D)
13	111	GA	FANNIN	HAY	15
17	043	IL	DU PAGE	HAY	26
48	235	TX	IRION	HAY	425
38	041	ND	HETTINGER	HAY	28,606
29	189	MO	ST LOUIS	HAY	(D)
40	029	OK	COAL	HAY	(D)
28	055	MS	ISSAQUENA	HAY	86
34	035	NJ	SOMERSET	GRASSES & LEGUMES TOTALS	(D)
42	063	PA	INDIANA	HAY	10,429
49	045	UT	TOOELE	HAY	2,336
17	027	IL	CLINTON	HAY	(D)
01	005	AL	BARBOUR	SOD	352
48	009	TX	ARCHER	HAY	25,777
37	071	NC	GASTON	HAY	6,965
28	041	MS	GREENE	HAY	3,708
35	021	NM	HARDING	HAY	(D)
54	055	WV	MERCER	HAY	(D)
18	023	IN	CLINTON	HAY	(D)
40	069	OK	JOHNSTON	HAY	547
48	037	TX	BOWIE	HAY	37,163
39	061	OH	HAMILTON	SOD	161
35	031	NM	MCKINLEY	HAY	206
49	001	UT	BEAVER	HAY	20,536
51	177	VA	SPOTSYLVANIA	HAY	5,362
01	003	AL	BALDWIN	HAY	7,081
32	033	NV	WHITE PINE	HAY	24,629
17	017	IL	CASS	HAY	(D)
34	025	NJ	MONMOUTH	HAY	3,701
55	031	WI	DOUGLAS	HAY	18,872
48	231	TX	HUNT	HAY	734
30	015	MT	CHOUTEAU	HAY	9,707
20	191	KS	SUMNER	HAY	4,213
20	045	KS	DOUGLAS	HAY	18,891
39	157	OH	TUSCARAWAS	HAY	(D)
19	119	IA	LYON	HAY	3,762
37	017	NC	BLADEN	HAY	1,277
18	019	IN	CLARK	HAY	1,116
30	007	MT	BROADWATER	GRASSES & LEGUMES TOTALS	(D)
20	063	KS	GOVE	HAY	7,261
32	007	NV	ELKO	HAY	88,225
31	015	NE	BOYD	HAY	139
55	079	WI	MILWAUKEE	HAY	(D)
37	033	NC	CASWELL	HAY	6,765
38	023	ND	DIVIDE	HAY	8,175
26	043	MI	DICKINSON	HAY	4,669
48	033	TX	BORDEN	HAY	(D)
26	099	MI	MACOMB	HAY	77
18	105	IN	MONROE	HAY	4,794
46	083	SD	LINCOLN	HAY	(D)
30	099	MT	TETON	HAY	31,099
53	057	WA	SKAGIT	HAY	(D)
30	049	MT	LEWIS AND CLARK	HAY	24,173
13	017	GA	BEN HILL	HAY	(D)
19	135	IA	MONROE	HAY	(D)
22	111	LA	UNION	HAY	(D)
29	085	MO	HICKORY	HAY	(D)
55	079	WI	MILWAUKEE	HAY	(D)
29	047	MO	CLAY	SOD	(D)
08	047	CO	GILPIN	HAY	40
37	191	NC	WAYNE	HAY	802
50	009	VT	ESSEX	HAY	96
36	057	NY	MONTGOMERY	HAY	82
27	029	MN	CLEARWATER	HAY	(D)
30	071	MT	PHILLIPS	HAY	40,828
37	169	NC	STOKES	HAY	409
42	057	PA	FULTON	HAY	151
08	085	CO	MONTROSE	HAY	27,889
46	023	SD	CHARLES MIX	HAY	25,183
39	159	OH	UNION	HAY	4,252
28	119	MS	QUITMAN	HAY	(D)
01	079	AL	LAWRENCE	HAY	187
40	103	OK	NOBLE	HAY	1,748
28	145	MS	UNION	HAY	(D)
26	075	MI	JACKSON	HAY	2,167
48	063	TX	CAMP	HAY	9,367
40	055	OK	GREER	HAY	525
48	339	TX	MONTGOMERY	HAY	529
16	011	ID	BINGHAM	GRASSES & LEGUMES TOTALS	(D)
21	197	KY	POWELL	HAY	2,295
51	043	VA	CLARKE	SOD	(D)
42	125	PA	WASHINGTON	HAY	498
30	063	MT	MISSOULA	HAY	8,837
54	083	WV	RANDOLPH	HAY	691
21	233	KY	WEBSTER	HAY	119
34	041	NJ	WARREN	SOD	922
46	045	SD	EDMUNDS	HAY	960
39	087	OH	LAWRENCE	HAY	5,473
22	029	LA	CONCORDIA	HAY	1,504
21	069	KY	FLEMING	HAY	(D)
21	047	KY	CHRISTIAN	HAY	65
24	009	MD	CALVERT	HAY	1,524
27	109	MN	OLMSTED	HAY	1,754
12	059	FL	HOLMES	HAY	361
30	097	MT	SWEET GRASS	HAY	7,369
45	039	SC	FAIRFIELD	HAY	26
13	189	GA	MCDUFFIE	HAY	142
18	173	IN	WARRICK	HAY	953
04	017	AZ	NAVAJO	HAY	991
28	159	MS	WINSTON	HAY	11,282
05	101	AR	NEWTON	HAY	9
47	127	TN	MOORE	HAY	75
48	373	TX	POLK	HAY	(D)
26	085	MI	LAKE	HAY	(D)
49	027	UT	MILLARD	HAY	45,198
29	111	MO	LEWIS	HAY	123
40	125	OK	POTTAWATOMIE	HAY	258
06	107	CA	TULARE	HAY	61,134
39	043	OH	ERIE	SOD	(D)
21	037	KY	CAMPBELL	HAY	(D)
39	011	OH	AUGLAIZE	HAY	(D)
13	281	GA	TOWNS	HAY	60
35	006	NM	CIBOLA	HAY	852
08	033	CO	DOLORES	HAY	3,871
40	035	OK	CRAIG	GRASSES & LEGUMES TOTALS	(D)
12	069	FL	LAKE	HAY	13,270
39	155	OH	TRUMBULL	HAY	1,907
53	019	WA	FERRY	HAY	2,652
18	137	IN	RIPLEY	HAY	1,759
48	327	TX	MENARD	HAY	(D)
47	127	TN	MOORE	HAY	8,752
45	013	SC	BEAUFORT	HAY	(D)
40	147	OK	WASHINGTON	HAY	18,037
12	001	FL	ALACHUA	HAY	25,955
38	019	ND	CAVALIER	HAY	1,211
27	051	MN	GRANT	HAY	2,214
05	131	AR	SEBASTIAN	HAY	(D)
05	149	AR	YELL	HAY	405
21	233	KY	WEBSTER	HAY	7,553
17	017	IL	CASS	HAY	2,605
39	029	OH	COLUMBIANA	HAY	18,361
21	091	KY	HANCOCK	HAY	2,881
55	121	WI	TREMPEALEAU	HAY	(D)
18	113	IN	NOBLE	HAY	10,478
42	095	PA	NORTHAMPTON	HAY	3,631
26	017	MI	BAY	HAY	3,537
31	075	NE	GRANT	HAY	40,277
55	033	WI	DUNN	HAY	1,696
37	093	NC	HOKE	HAY	(D)
48	441	TX	TAYLOR	HAY	(D)
47	083	TN	HOUSTON	HAY	(D)
29	175	MO	RANDOLPH	HAY	(D)
36	019	NY	CLINTON	HAY	3
53	055	WA	SAN JUAN	HAY	53
21	045	KY	CASEY	HAY	33,660
28	025	MS	CLAY	HAY	60
41	069	OR	WHEELER	HAY	4,622
31	041	NE	CUSTER	HAY	26,923
21	175	KY	MORGAN	HAY	22
32	001	NV	CHURCHILL	HAY	20,995
39	009	OH	ATHENS	HAY	11,447
53	047	WA	OKANOGAN	HAY	22,777
17	067	IL	HANCOCK	HAY	(D)
21	173	KY	MONTGOMERY	HAY	60
48	087	TX	COLLINGSWORTH	HAY	(D)
27	169	MN	WINONA	HAY	(D)
33	001	NH	BELKNAP	HAY	(D)
55	015	WI	CALUMET	HAY	183
13	001	GA	APPLING	HAY	(D)
33	001	NH	BELKNAP	HAY	2,693
48	011	TX	ARMSTRONG	HAY	(D)
19	085	IA	HARRISON	HAY	1,643
19	189	IA	WINNEBAGO	HAY	1,238
31	051	NE	DIXON	GRASSES & LEGUMES TOTALS	(D)
29	047	MO	CLAY	HAY	335
48	085	TX	COLLIN	HAY	15
48	283	TX	LA SALLE	HAY	2,757
08	039	CO	ELBERT	HAY	14,206
56	011	WY	CROOK	GRASSES & LEGUMES TOTALS	(D)
45	083	SC	SPARTANBURG	HAY	13,946
31	079	NE	HALL	HAY	11,398
51	145	VA	POWHATAN	HAY	(D)
53	071	WA	WALLA WALLA	HAY	2,881
31	077	NE	GREELEY	HAY	4,352
16	071	ID	ONEIDA	HAY	8,148
29	141	MO	MORGAN	GRASSES & LEGUMES TOTALS	444
21	221	KY	TRIGG	HAY	8,659
06	021	CA	GLENN	HAY	6,982
54	051	WV	MARSHALL	HAY	(D)
33	009	NH	GRAFTON	HAY	6
48	233	TX	HUTCHINSON	HAY	(D)
08	077	CO	MESA	HAY	5,975
19	093	IA	IDA	HAY	3,727
08	071	CO	LAS ANIMAS	HAY	9,314
39	073	OH	HOCKING	HAY	4,077
46	025	SD	CLARK	HAY	7,564
18	071	IN	JACKSON	HAY	4,026
31	115	NE	LOUP	HAY	1,981
41	061	OR	UNION	HAY	34,609
36	011	NY	CAYUGA	GRASSES & LEGUMES TOTALS	(D)
41	053	OR	POLK	HAY	452
39	169	OH	WAYNE	HAY	242
48	409	TX	SAN PATRICIO	HAY	3,409
01	117	AL	SHELBY	HAY	4,521
08	035	CO	DOUGLAS	HAY	413
22	037	LA	EAST FELICIANA	HAY	14,963
06	103	CA	TEHAMA	HAY	1,085
47	071	TN	HARDIN	HAY	11,358
20	031	KS	COFFEY	HAY	29,110
16	087	ID	WASHINGTON	HAY	5,296
27	121	MN	POPE	HAY	904
27	163	MN	WASHINGTON	HAY	(D)
48	027	TX	BELL	GRASSES & LEGUMES TOTALS	(D)
42	015	PA	BRADFORD	HAY	48,338
19	149	IA	PLYMOUTH	HAY	2,873
51	079	VA	GREENE	HAY	8,571
48	497	TX	WISE	HAY	45,733
54	043	WV	LINCOLN	HAY	(D)
16	049	ID	IDAHO	HAY	32,409
40	049	OK	GARVIN	HAY	8,769
29	186	MO	STE GENEVIEVE	HAY	29
31	137	NE	PHELPS	HAY	488
50	011	VT	FRANKLIN	HAY	13,604
36	015	NY	CHEMUNG	HAY	(D)
42	125	PA	WASHINGTON	HAY	157
19	085	IA	HARRISON	HAY	4,978
13	295	GA	WALKER	HAY	917
12	011	FL	BROWARD	HAY	12
20	101	KS	LANE	HAY	(D)
27	007	MN	BELTRAMI	HAY	21,430
20	201	KS	WASHINGTON	HAY	9,581
41	071	OR	YAMHILL	HAY	656
37	121	NC	MITCHELL	HAY	(D)
38	073	ND	RANSOM	HAY	17,677
05	045	AR	FAULKNER	HAY	195
13	165	GA	JENKINS	HAY	42
47	003	TN	BEDFORD	HAY	156
39	121	OH	NOBLE	HAY	354
48	257	TX	KAUFMAN	HAY	727
18	129	IN	POSEY	HAY	989
18	013	IN	BROWN	HAY	1,237
30	043	MT	JEFFERSON	HAY	17,304
48	469	TX	VICTORIA	HAY	864
16	011	ID	BINGHAM	HAY	76,370
20	171	KS	SCOTT	HAY	3,556
40	055	OK	GREER	HAY	1,340
40	039	OK	CUSTER	SOD	(D)
01	119	AL	SUMTER	HAY	601
08	019	CO	CLEAR CREEK	HAY	(D)
47	027	TN	CLAY	HAY	63
29	023	MO	BUTLER	HAY	(D)
23	015	ME	LINCOLN	HAY	638
17	025	IL	CLAY	HAY	2,704
54	039	WV	KANAWHA	HAY	1,996
51	165	VA	ROCKINGHAM	HAY	33,161
29	001	MO	ADAIR	HAY	54
31	049	NE	DEUEL	HAY	434
08	059	CO	JEFFERSON	HAY	450
20	079	KS	HARVEY	HAY	247
12	093	FL	OKEECHOBEE	SOD	4,165
20	079	KS	HARVEY	HAY	9,668
53	001	WA	ADAMS	GRASSES & LEGUMES TOTALS	7,772
20	145	KS	PAWNEE	HAY	353
37	079	NC	GREENE	HAY	(D)
31	081	NE	HAMILTON	HAY	1,846
31	159	NE	SEWARD	GRASSES & LEGUMES TOTALS	(D)
46	071	SD	JACKSON	HAY	76,274
37	063	NC	DURHAM	HAY	(D)
53	073	WA	WHATCOM	GRASSES & LEGUMES TOTALS	(D)
35	043	NM	SANDOVAL	GRASSES & LEGUMES TOTALS	6
51	015	VA	AUGUSTA	GRASSES & LEGUMES TOTALS	(D)
27	051	MN	GRANT	HAY	2,420
54	067	WV	NICHOLAS	HAY	264
32	009	NV	ESMERALDA	HAY	9,286
48	241	TX	JASPER	HAY	5,354
22	081	LA	RED RIVER	HAY	(D)
47	091	TN	JOHNSON	HAY	(D)
20	165	KS	RUSH	HAY	213
48	085	TX	COLLIN	SOD	(D)
29	023	MO	BUTLER	HAY	270
46	077	SD	KINGSBURY	HAY	9,413
31	019	NE	BUFFALO	HAY	6,934
12	011	FL	BROWARD	HAY	(D)
48	089	TX	COLORADO	HAY	1,124
13	283	GA	TREUTLEN	HAY	1,410
49	023	UT	JUAB	HAY	11,264
13	045	GA	CARROLL	SOD	(D)
48	451	TX	TOM GREEN	HAY	4,078
29	009	MO	BARRY	HAY	50,079
47	129	TN	MORGAN	HAY	180
27	165	MN	WATONWAN	HAY	(D)
38	101	ND	WARD	HAY	7,785
16	067	ID	MINIDOKA	SOD	(D)
48	125	TX	DICKENS	HAY	(D)
27	073	MN	LAC QUI PARLE	HAY	3,708
20	101	KS	LANE	HAY	585
54	033	WV	HARRISON	HAY	86
28	155	MS	WEBSTER	HAY	2,866
17	181	IL	UNION	HAY	105
27	095	MN	MILLE LACS	HAY	8,115
13	073	GA	COLUMBIA	HAY	2,221
21	155	KY	MARION	HAY	(D)
46	045	SD	EDMUNDS	HAY	19,108
24	005	MD	BALTIMORE	HAY	6,092
26	073	MI	ISABELLA	HAY	3,341
17	033	IL	CRAWFORD	HAY	(D)
19	115	IA	LOUISA	HAY	2,097
39	147	OH	SENECA	HAY	781
18	113	IN	NOBLE	HAY	(D)
22	095	LA	ST. JOHN THE BAPTIST	HAY	(D)
27	059	MN	ISANTI	HAY	(D)
21	199	KY	PULASKI	HAY	126
30	079	MT	PRAIRIE	HAY	10,198
46	123	SD	TRIPP	HAY	45,004
25	005	MA	BRISTOL	HAY	3,870
18	011	IN	BOONE	HAY	(D)
08	123	CO	WELD	HAY	66,233
13	075	GA	COOK	HAY	(D)
05	125	AR	SALINE	HAY	(D)
19	147	IA	PALO ALTO	HAY	906
36	095	NY	SCHOHARIE	HAY	8,651
40	131	OK	ROGERS	HAY	37,283
41	053	OR	POLK	HAY	6,566
48	029	TX	BEXAR	HAY	280
51	157	VA	RAPPAHANNOCK	HAY	235
05	119	AR	PULASKI	HAY	7,693
19	037	IA	CHICKASAW	HAY	(D)
42	031	PA	CLARION	HAY	14,527
06	003	CA	ALPINE	HAY	(D)
41	029	OR	JACKSON	HAY	10,721
21	117	KY	KENTON	HAY	6,351
46	043	SD	DOUGLAS	HAY	11,792
23	023	ME	SAGADAHOC	HAY	(D)
21	143	KY	LYON	HAY	(D)
51	149	VA	PRINCE GEORGE	HAY	635
08	073	CO	LINCOLN	HAY	1,680
25	023	MA	PLYMOUTH	HAY	372
20	187	KS	STANTON	HAY	(D)
40	133	OK	SEMINOLE	HAY	89
12	101	FL	PASCO	SOD	(D)
01	021	AL	CHILTON	HAY	9,496
19	179	IA	WAPELLO	HAY	8,527
45	049	SC	HAMPTON	SOD	129
31	159	NE	SEWARD	HAY	1,495
27	067	MN	KANDIYOHI	HAY	429
30	065	MT	MUSSELSHELL	HAY	6,952
40	057	OK	HARMON	HAY	925
08	071	CO	LAS ANIMAS	HAY	9,253
27	091	MN	MARTIN	HAY	1,085
48	271	TX	KINNEY	HAY	1,591
06	007	CA	BUTTE	GRASSES & LEGUMES TOTALS	(D)
48	227	TX	HOWARD	HAY	1,489
08	011	CO	BENT	HAY	22,832
19	179	IA	WAPELLO	HAY	4,622
46	123	SD	TRIPP	HAY	113,548
38	039	ND	GRIGGS	HAY	6,488
20	041	KS	DICKINSON	HAY	12,735
08	069	CO	LARIMER	HAY	13,817
36	117	NY	WAYNE	HAY	9,556
34	023	NJ	MIDDLESEX	SOD	(D)
32	033	NV	WHITE PINE	HAY	21,082
41	071	OR	YAMHILL	HAY	1,817
27	037	MN	DAKOTA	HAY	277
17	139	IL	MOULTRIE	HAY	1,300
53	021	WA	FRANKLIN	SOD	(D)
26	025	MI	CALHOUN	HAY	7,628
46	015	SD	BRULE	HAY	(D)
06	109	CA	TUOLUMNE	HAY	219
08	125	CO	YUMA	HAY	8,754
29	003	MO	ANDREW	HAY	2,495
51	141	VA	PATRICK	HAY	723
27	173	MN	YELLOW MEDICINE	HAY	4,786
46	083	SD	LINCOLN	HAY	5,801
01	061	AL	GENEVA	HAY	7,482
13	005	GA	BACON	HAY	124
38	029	ND	EMMONS	HAY	(D)
48	189	TX	HALE	GRASSES & LEGUMES TOTALS	4,554
39	117	OH	MORROW	HAY	12
22	015	LA	BOSSIER	HAY	10,149
55	001	WI	ADAMS	SOD	(D)
20	119	KS	MEADE	HAY	2,995
51	079	VA	GREENE	HAY	7,965
42	039	PA	CRAWFORD	HAY	7,948
49	053	UT	WASHINGTON	HAY	1,367
51	163	VA	ROCKBRIDGE	SOD	(D)
47	107	TN	MCMINN	HAY	461
51	183	VA	SUSSEX	HAY	(D)
16	073	ID	OWYHEE	HAY	32,135
38	029	ND	EMMONS	HAY	24,966
06	057	CA	NEVADA	HAY	(D)
13	083	GA	DADE	HAY	3,542
48	483	TX	WHEELER	HAY	30,641
56	011	WY	CROOK	HAY	1,763
42	035	PA	CLINTON	HAY	170
28	007	MS	ATTALA	HAY	(D)
46	103	SD	PENNINGTON	HAY	42,180
12	011	FL	BROWARD	HAY	(D)
06	039	CA	MADERA	GRASSES & LEGUMES TOTALS	(D)
19	155	IA	POTTAWATTAMIE	HAY	2,295
01	053	AL	ESCAMBIA	HAY	171
22	109	LA	TERREBONNE	HAY	815
06	105	CA	TRINITY	SOD	(D)
55	091	WI	PEPIN	HAY	6,301
54	073	WV	PLEASANTS	HAY	(D)
23	005	ME	CUMBERLAND	HAY	453
42	053	PA	FOREST	HAY	310
17	081	IL	JEFFERSON	HAY	(D)
28	019	MS	CHOCTAW	HAY	4,037
27	067	MN	KANDIYOHI	HAY	429
16	017	ID	BONNER	HAY	11,897
19	113	IA	LINN	SOD	496
34	005	NJ	BURLINGTON	HAY	(D)
55	021	WI	COLUMBIA	HAY	680
34	001	NJ	ATLANTIC	HAY	156
21	127	KY	LAWRENCE	HAY	2,928
40	051	OK	GRADY	HAY	19,026
49	021	UT	IRON	GRASSES & LEGUMES TOTALS	120
31	181	NE	WEBSTER	HAY	1,274
08	119	CO	TELLER	HAY	(D)
26	147	MI	ST CLAIR	HAY	176
01	043	AL	CULLMAN	HAY	311
37	025	NC	CABARRUS	HAY	321
21	187	KY	OWEN	HAY	(D)
13	221	GA	OGLETHORPE	HAY	326
27	075	MN	LAKE	HAY	85
37	079	NC	GREENE	HAY	255
05	101	AR	NEWTON	HAY	9
51	147	VA	PRINCE EDWARD	HAY	1,044
40	035	OK	CRAIG	HAY	736
46	115	SD	SPINK	HAY	2,021
46	017	SD	BUFFALO	HAY	(D)
28	103	MS	NOXUBEE	HAY	(D)
19	161	IA	SAC	HAY	809
28	143	MS	TUNICA	SOD	(D)
39	121	OH	NOBLE	HAY	354
19	167	IA	SIOUX	HAY	(D)
13	275	GA	THOMAS	HAY	(D)
13	293	GA	UPSON	HAY	(D)
27	117	MN	PIPESTONE	HAY	5,217
49	009	UT	DAGGETT	HAY	3,798
37	027	NC	CALDWELL	HAY	22
29	159	MO	PETTIS	GRASSES & LEGUMES TOTALS	1,834
01	129	AL	WASHINGTON	HAY	388
47	097	TN	LAUDERDALE	HAY	(D)
28	101	MS	NEWTON	HAY	10,454
40	037	OK	CREEK	HAY	478
26	103	MI	MARQUETTE	HAY	1,712
37	159	NC	ROWAN	HAY	249
13	303	GA	WASHINGTON	HAY	345
19	023	IA	BUTLER	HAY	4,524
39	135	OH	PREBLE	HAY	3,750
48	161	TX	FREESTONE	HAY	223
55	087	WI	OUTAGAMIE	HAY	17,248
55	045	WI	GREEN	HAY	28,894
13	049	GA	CHARLTON	HAY	1,048
29	217	MO	VERNON	HAY	3,296
27	115	MN	PINE	HAY	40,366
29	011	MO	BARTON	HAY	37,011
01	133	AL	WINSTON	HAY	551
13	159	GA	JASPER	HAY	6,020
21	009	KY	BARREN	HAY	(D)
18	101	IN	MARTIN	HAY	2,978
46	063	SD	HARDING	HAY	31,143
21	177	KY	MUHLENBERG	HAY	78
16	081	ID	TETON	HAY	1,773
46	065	SD	HUGHES	HAY	199
29	083	MO	HENRY	HAY	51,865
04	027	AZ	YUMA	GRASSES & LEGUMES TOTALS	8,069
53	021	WA	FRANKLIN	HAY	56,696
06	009	CA	CALAVERAS	HAY	(D)
21	209	KY	SCOTT	HAY	2,323
19	193	IA	WOODBURY	HAY	3,021
28	081	MS	LEE	HAY	8,411
16	001	ID	ADA	HAY	11,323
27	009	MN	BENTON	HAY	12,270
54	085	WV	RITCHIE	HAY	772
30	057	MT	MADISON	HAY	60,514
28	113	MS	PIKE	HAY	106
29	111	MO	LEWIS	HAY	9,759
06	107	CA	TULARE	HAY	40,786
29	121	MO	MACON	HAY	2,292
42	021	PA	CAMBRIA	HAY	12,244
55	085	WI	ONEIDA	HAY	2,407
13	229	GA	PIERCE	HAY	1,808
30	033	MT	GARFIELD	HAY	69,597
29	169	MO	PULASKI	HAY	14,935
32	017	NV	LINCOLN	HAY	4,591
37	161	NC	RUTHERFORD	GRASSES & LEGUMES TOTALS	(D)
44	005	RI	NEWPORT	HAY	(D)
31	011	NE	BOONE	HAY	5,892
21	189	KY	OWSLEY	HAY	1,502
01	095	AL	MARSHALL	HAY	21,515
20	063	KS	GOVE	HAY	1,186
20	045	KS	DOUGLAS	HAY	(D)
18	005	IN	BARTHOLOMEW	HAY	1,997
53	001	WA	ADAMS	HAY	2,849
01	065	AL	HALE	HAY	14,294
48	027	TX	BELL	HAY	28
39	003	OH	ALLEN	HAY	258
29	047	MO	CLAY	GRASSES & LEGUMES TOTALS	(D)
31	185	NE	YORK	HAY	1,641
39	011	OH	AUGLAIZE	HAY	(D)
23	027	ME	WALDO	HAY	320
31	077	NE	GREELEY	HAY	1,736
46	005	SD	BEADLE	HAY	20,435
36	015	NY	CHEMUNG	HAY	13,554
31	157	NE	SCOTTS BLUFF	HAY	25,612
17	015	IL	CARROLL	HAY	(D)
06	063	CA	PLUMAS	HAY	12,318
31	037	NE	COLFAX	HAY	1,527
48	379	TX	RAINS	HAY	575
29	207	MO	STODDARD	HAY	(D)
51	111	VA	LUNENBURG	HAY	8,939
26	073	MI	ISABELLA	HAY	904
20	195	KS	TREGO	HAY	908
36	083	NY	RENSSELAER	HAY	9,259
38	071	ND	RAMSEY	HAY	3,281
27	111	MN	OTTER TAIL	GRASSES & LEGUMES TOTALS	(D)
40	093	OK	MAJOR	HAY	6,307
24	033	MD	PRINCE GEORGES	HAY	3,319
35	047	NM	SAN MIGUEL	GRASSES & LEGUMES TOTALS	20
46	063	SD	HARDING	HAY	1,784
30	093	MT	SILVER BOW	HAY	1,322
20	061	KS	GEARY	HAY	(D)
27	003	MN	ANOKA	HAY	1,671
55	007	WI	BAYFIELD	HAY	22,014
53	051	WA	PEND OREILLE	HAY	10,950
42	003	PA	ALLEGHENY	HAY	3,746
48	451	TX	TOM GREEN	HAY	3,346
51	139	VA	PAGE	HAY	13,016
48	211	TX	HEMPHILL	HAY	1,063
26	151	MI	SANILAC	HAY	(D)
31	025	NE	CASS	HAY	1,597
31	159	NE	SEWARD	HAY	1,637
49	003	UT	BOX ELDER	HAY	46,481
54	007	WV	BRAXTON	HAY	10,563
16	017	ID	BONNER	HAY	3,202
48	121	TX	DENTON	HAY	609
48	205	TX	HARTLEY	HAY	(D)
53	049	WA	PACIFIC	HAY	1,814
37	085	NC	HARNETT	HAY	78
55	047	WI	GREEN LAKE	HAY	(D)
17	147	IL	PIATT	HAY	654
55	071	WI	MANITOWOC	HAY	22,339
21	201	KY	ROBERTSON	HAY	5,151
46	023	SD	CHARLES MIX	HAY	41,115
27	157	MN	WABASHA	HAY	1,272
08	069	CO	LARIMER	HAY	29,797
19	103	IA	JOHNSON	HAY	11
18	017	IN	CASS	HAY	2,870
01	057	AL	FAYETTE	HAY	254
31	113	NE	LOGAN	HAY	2,652
56	025	WY	NATRONA	HAY	21,093
29	229	MO	WRIGHT	HAY	21
05	071	AR	JOHNSON	HAY	(D)
48	063	TX	CAMP	HAY	(D)
06	047	CA	MERCED	GRASSES & LEGUMES TOTALS	218
29	045	MO	CLARK	HAY	(D)
13	309	GA	WHEELER	HAY	895
37	157	NC	ROCKINGHAM	HAY	803
39	173	OH	WOOD	HAY	4,645
21	057	KY	CUMBERLAND	HAY	14,776
56	007	WY	CARBON	HAY	(D)
28	079	MS	LEAKE	HAY	61
41	057	OR	TILLAMOOK	HAY	(D)
21	223	KY	TRIMBLE	HAY	890
36	049	NY	LEWIS	HAY	22,470
16	041	ID	FRANKLIN	HAY	5,132
12	007	FL	BRADFORD	HAY	(D)
50	007	VT	CHITTENDEN	HAY	1,106
38	065	ND	OLIVER	HAY	16,359
32	031	NV	WASHOE	GRASSES & LEGUMES TOTALS	(D)
19	017	IA	BREMER	HAY	739
19	003	IA	ADAMS	HAY	(D)
31	097	NE	JOHNSON	GRASSES & LEGUMES TOTALS	(D)
08	099	CO	PROWERS	HAY	60,529
36	049	NY	LEWIS	HAY	13,377
28	037	MS	FRANKLIN	HAY	2,958
41	069	OR	WHEELER	HAY	9,353
39	087	OH	LAWRENCE	HAY	38
50	023	VT	WASHINGTON	HAY	2,537
13	107	GA	EMANUEL	HAY	2,577
27	131	MN	RICE	HAY	9,427
12	041	FL	GILCHRIST	HAY	1,927
30	067	MT	PARK	HAY	49,855
37	125	NC	MOORE	SOD	30
45	021	SC	CHEROKEE	HAY	(D)
34	005	NJ	BURLINGTON	GRASSES & LEGUMES TOTALS	(D)
34	033	NJ	SALEM	HAY	41
01	061	AL	GENEVA	HAY	600
17	115	IL	MACON	HAY	(D)
18	157	IN	TIPPECANOE	HAY	2,581
20	013	KS	BROWN	GRASSES & LEGUMES TOTALS	(D)
05	093	AR	MISSISSIPPI	HAY	1,022
48	387	TX	RED RIVER	HAY	361
19	143	IA	OSCEOLA	HAY	746
39	173	OH	WOOD	HAY	3,990
17	101	IL	LAWRENCE	HAY	118
17	099	IL	LA SALLE	HAY	4,858
48	081	TX	COKE	HAY	(D)
50	023	VT	WASHINGTON	HAY	3,310
29	127	MO	MARION	HAY	10,243
27	171	MN	WRIGHT	HAY	3,377
15	009	HI	MAUI & KALAWAO	SOD	(D)
19	097	IA	JACKSON	HAY	(D)
21	141	KY	LOGAN	HAY	20
20	203	KS	WICHITA	HAY	(D)
53	073	WA	WHATCOM	HAY	2,746
48	093	TX	COMANCHE	HAY	(D)
29	093	MO	IRON	HAY	7,997
05	115	AR	POPE	HAY	328
47	171	TN	UNICOI	HAY	(D)
37	157	NC	ROCKINGHAM	HAY	13,852
21	215	KY	SPENCER	HAY	(D)
01	035	AL	CONECUH	HAY	8,199
13	179	GA	LIBERTY	HAY	(D)
56	007	WY	CARBON	HAY	(D)
17	029	IL	COLES	HAY	(D)
48	245	TX	JEFFERSON	SOD	(D)
42	127	PA	WAYNE	HAY	22,268
48	209	TX	HAYS	HAY	3,813
55	011	WI	BUFFALO	HAY	177
19	171	IA	TAMA	HAY	(D)
37	183	NC	WAKE	HAY	149
15	009	HI	MAUI & KALAWAO	HAY	(D)
01	109	AL	PIKE	HAY	10,983
55	103	WI	RICHLAND	HAY	25,633
51	041	VA	CHESTERFIELD	HAY	(D)
47	147	TN	ROBERTSON	HAY	695
13	291	GA	UNION	HAY	6,056
30	093	MT	SILVER BOW	HAY	910
12	009	FL	BREVARD	HAY	1,546
17	181	IL	UNION	HAY	497
13	267	GA	TATTNALL	HAY	4,007
46	111	SD	SANBORN	HAY	6,728
47	003	TN	BEDFORD	HAY	42,433
08	121	CO	WASHINGTON	HAY	5,269
54	081	WV	RALEIGH	HAY	(D)
36	083	NY	RENSSELAER	HAY	(D)
18	145	IN	SHELBY	HAY	(D)
01	067	AL	HENRY	HAY	3,228
17	013	IL	CALHOUN	HAY	(D)
40	035	OK	CRAIG	HAY	63,790
18	011	IN	BOONE	HAY	2,875
30	083	MT	RICHLAND	HAY	55,970
06	111	CA	VENTURA	HAY	1,500
08	039	CO	ELBERT	HAY	2,937
26	065	MI	INGHAM	HAY	204
55	013	WI	BURNETT	HAY	8,546
34	005	NJ	BURLINGTON	HAY	1,442
17	125	IL	MASON	HAY	1,170
20	197	KS	WABAUNSEE	HAY	(D)
48	241	TX	JASPER	HAY	4,972
26	037	MI	CLINTON	HAY	(D)
48	367	TX	PARKER	HAY	(D)
50	025	VT	WINDHAM	HAY	(D)
38	051	ND	MCINTOSH	HAY	(D)
36	011	NY	CAYUGA	HAY	(D)
13	297	GA	WALTON	HAY	41
12	121	FL	SUWANNEE	GRASSES & LEGUMES TOTALS	220
05	023	AR	CLEBURNE	HAY	435
48	481	TX	WHARTON	HAY	28,479
28	049	MS	HINDS	SOD	(D)
13	207	GA	MONROE	HAY	4,158
51	137	VA	ORANGE	HAY	12,219
19	037	IA	CHICKASAW	HAY	5,494
36	021	NY	COLUMBIA	HAY	12,328
45	081	SC	SALUDA	HAY	13,014
30	063	MT	MISSOULA	HAY	5,579
20	023	KS	CHEYENNE	HAY	1,752
48	311	TX	MCMULLEN	HAY	4,275
39	109	OH	MIAMI	HAY	(D)
27	169	MN	WINONA	HAY	(D)
05	125	AR	SALINE	HAY	(D)
08	003	CO	ALAMOSA	HAY	(D)
20	157	KS	REPUBLIC	HAY	7,292
38	099	ND	WALSH	HAY	11,315
22	003	LA	ALLEN	HAY	1,770
21	115	KY	JOHNSON	HAY	(D)
48	099	TX	CORYELL	HAY	1,441
47	067	TN	HANCOCK	HAY	(D)
13	273	GA	TERRELL	HAY	1,013
37	019	NC	BRUNSWICK	HAY	2,272
29	037	MO	CASS	HAY	98
17	073	IL	HENRY	GRASSES & LEGUMES TOTALS	(D)
34	009	NJ	CAPE MAY	HAY	106
48	389	TX	REEVES	HAY	(D)
12	125	FL	UNION	HAY	5,960
17	141	IL	OGLE	HAY	142
06	065	CA	RIVERSIDE	GRASSES & LEGUMES TOTALS	(D)
16	035	ID	CLEARWATER	HAY	1,246
46	037	SD	DAY	GRASSES & LEGUMES TOTALS	(D)
37	069	NC	FRANKLIN	HAY	232
21	085	KY	GRAYSON	HAY	(D)
19	197	IA	WRIGHT	HAY	1,467
45	069	SC	MARLBORO	HAY	(D)
17	011	IL	BUREAU	HAY	1,408
08	061	CO	KIOWA	HAY	704
12	001	FL	ALACHUA	GRASSES & LEGUMES TOTALS	(D)
05	145	AR	WHITE	SOD	(D)
17	195	IL	WHITESIDE	HAY	91
48	489	TX	WILLACY	HAY	1,893
53	057	WA	SKAGIT	SOD	240
08	043	CO	FREMONT	HAY	5,890
55	009	WI	BROWN	HAY	(D)
42	011	PA	BERKS	SOD	(D)
05	079	AR	LINCOLN	HAY	5,771
13	241	GA	RABUN	HAY	(D)
45	057	SC	LANCASTER	HAY	(D)
21	053	KY	CLINTON	HAY	11,818
17	171	IL	SCOTT	HAY	(D)
21	161	KY	MASON	HAY	(D)
39	093	OH	LORAIN	HAY	30
40	061	OK	HASKELL	HAY	1,044
29	029	MO	CAMDEN	HAY	(D)
48	267	TX	KIMBLE	HAY	365
20	199	KS	WALLACE	HAY	6,802
21	207	KY	RUSSELL	HAY	18,002
20	199	KS	WALLACE	HAY	1,782
23	011	ME	KENNEBEC	HAY	10,247
21	165	KY	MENIFEE	HAY	4,027
40	121	OK	PITTSBURG	HAY	52,202
05	081	AR	LITTLE RIVER	HAY	130
06	093	CA	SISKIYOU	GRASSES & LEGUMES TOTALS	(D)
48	127	TX	DIMMIT	HAY	(D)
39	133	OH	PORTAGE	HAY	48
29	089	MO	HOWARD	HAY	1,372
50	011	VT	FRANKLIN	HAY	94
20	191	KS	SUMNER	HAY	17,901
17	159	IL	RICHLAND	HAY	2,025
22	085	LA	SABINE	HAY	14,162
28	047	MS	HARRISON	HAY	(D)
37	077	NC	GRANVILLE	HAY	9,369
46	025	SD	CLARK	HAY	(D)
05	141	AR	VAN BUREN	HAY	20,760
19	129	IA	MILLS	HAY	(D)
40	113	OK	OSAGE	HAY	2,835
30	045	MT	JUDITH BASIN	GRASSES & LEGUMES TOTALS	(D)
54	029	WV	HANCOCK	HAY	369
45	025	SC	CHESTERFIELD	HAY	7,380
08	033	CO	DOLORES	HAY	3,097
38	079	ND	ROLETTE	HAY	30,163
53	071	WA	WALLA WALLA	HAY	10,947
21	031	KY	BUTLER	HAY	12,748
36	011	NY	CAYUGA	HAY	7,379
13	123	GA	GILMER	HAY	(D)
53	063	WA	SPOKANE	HAY	3,695
19	077	IA	GUTHRIE	HAY	13,104
16	025	ID	CAMAS	HAY	54,965
17	115	IL	MACON	HAY	1,480
55	071	WI	MANITOWOC	HAY	(D)
16	001	ID	ADA	HAY	2,679
53	041	WA	LEWIS	GRASSES & LEGUMES TOTALS	4,074
05	121	AR	RANDOLPH	HAY	248
48	469	TX	VICTORIA	HAY	12,070
06	023	CA	HUMBOLDT	HAY	1,104
35	033	NM	MORA	GRASSES & LEGUMES TOTALS	(D)
40	115	OK	OTTAWA	HAY	268
06	007	CA	BUTTE	HAY	3,801
35	013	NM	DONA ANA	HAY	2,548
19	055	IA	DELAWARE	HAY	12,565
16	037	ID	CUSTER	HAY	24,951
28	015	MS	CARROLL	HAY	7,736
49	043	UT	SUMMIT	HAY	8,780
48	275	TX	KNOX	HAY	915
30	097	MT	SWEET GRASS	HAY	14,592
20	097	KS	KIOWA	HAY	3,635
41	047	OR	MARION	GRASSES & LEGUMES TOTALS	19,520
36	009	NY	CATTARAUGUS	HAY	342
06	091	CA	SIERRA	HAY	1,127
31	115	NE	LOUP	HAY	1,021
34	035	NJ	SOMERSET	HAY	6,983
48	149	TX	FAYETTE	HAY	(D)
46	073	SD	JERAULD	HAY	408
19	111	IA	LEE	HAY	3,821
53	061	WA	SNOHOMISH	HAY	4,316
29	043	MO	CHRISTIAN	HAY	3,108
31	125	NE	NANCE	HAY	(D)
30	059	MT	MEAGHER	HAY	36,763
40	043	OK	DEWEY	HAY	1,055
51	139	VA	PAGE	HAY	11,891
42	057	PA	FULTON	HAY	335
35	033	NM	MORA	HAY	3,950
18	121	IN	PARKE	HAY	8
54	009	WV	BROOKE	HAY	1,966
21	037	KY	CAMPBELL	HAY	7,329
19	025	IA	CALHOUN	HAY	(D)
48	373	TX	POLK	HAY	(D)
09	011	CT	NEW LONDON	HAY	735
08	107	CO	ROUTT	HAY	50,824
27	099	MN	MOWER	HAY	4,496
30	043	MT	JEFFERSON	HAY	20,000
26	017	MI	BAY	HAY	4,406
36	017	NY	CHENANGO	HAY	(D)
17	147	IL	PIATT	HAY	269
46	105	SD	PERKINS	HAY	1,300
48	057	TX	CALHOUN	HAY	1,450
20	085	KS	JACKSON	HAY	30,449
13	073	GA	COLUMBIA	HAY	(D)
05	123	AR	SAINT FRANCIS	HAY	1,672
54	089	WV	SUMMERS	HAY	10
01	081	AL	LEE	HAY	6,316
46	067	SD	HUTCHINSON	HAY	13,197
01	081	AL	LEE	SOD	655
08	051	CO	GUNNISON	HAY	2,082
13	205	GA	MITCHELL	HAY	1,701
37	123	NC	MONTGOMERY	SOD	(D)
20	169	KS	SALINE	HAY	57
18	083	IN	KNOX	HAY	3,729
55	053	WI	JACKSON	HAY	365
30	105	MT	VALLEY	HAY	4,510
26	049	MI	GENESEE	HAY	(D)
48	113	TX	DALLAS	SOD	(D)
04	027	AZ	YUMA	GRASSES & LEGUMES TOTALS	8,069
46	073	SD	JERAULD	HAY	407
05	009	AR	BOONE	HAY	30,244
37	061	NC	DUPLIN	HAY	4,899
55	005	WI	BARRON	HAY	(D)
31	003	NE	ANTELOPE	HAY	17,431
18	181	IN	WHITE	HAY	2,448
06	069	CA	SAN BENITO	HAY	932
26	089	MI	LEELANAU	HAY	(D)
39	099	OH	MAHONING	HAY	(D)
31	121	NE	MERRICK	HAY	3,058
31	127	NE	NEMAHA	HAY	1,170
40	033	OK	COTTON	GRASSES & LEGUMES TOTALS	(D)
46	007	SD	BENNETT	HAY	1,772
20	115	KS	MARION	HAY	12,251
12	119	FL	SUMTER	GRASSES & LEGUMES TOTALS	165
35	049	NM	SANTA FE	GRASSES & LEGUMES TOTALS	3
26	047	MI	EMMET	HAY	6,654
24	015	MD	CECIL	HAY	(D)
48	201	TX	HARRIS	HAY	(D)
29	031	MO	CAPE GIRARDEAU	HAY	(D)
47	005	TN	BENTON	HAY	(D)
12	027	FL	DE SOTO	HAY	5,403
46	029	SD	CODINGTON	HAY	(D)
09	013	CT	TOLLAND	HAY	4,352
48	259	TX	KENDALL	HAY	2,333
24	029	MD	KENT	HAY	(D)
39	161	OH	VAN WERT	HAY	2,208
55	065	WI	LAFAYETTE	HAY	26,906
13	145	GA	HARRIS	HAY	3,248
27	095	MN	MILLE LACS	HAY	115
42	119	PA	UNION	HAY	6,582
12	071	FL	LEE	HAY	(D)
08	119	CO	TELLER	HAY	(D)
47	079	TN	HENRY	HAY	12,970
16	085	ID	VALLEY	HAY	2,071
36	063	NY	NIAGARA	GRASSES & LEGUMES TOTALS	(D)
48	113	TX	DALLAS	HAY	(D)
12	069	FL	LAKE	HAY	12,791
51	073	VA	GLOUCESTER	HAY	(D)
18	095	IN	MADISON	HAY	(D)
40	039	OK	CUSTER	HAY	5,895
48	281	TX	LAMPASAS	HAY	9,488
19	043	IA	CLAYTON	HAY	(D)
40	039	OK	CUSTER	HAY	5,105
08	025	CO	CROWLEY	HAY	(D)
17	191	IL	WAYNE	HAY	578
22	099	LA	SAINT MARTIN	HAY	2,159
22	063	LA	LIVINGSTON	HAY	2,286
48	071	TX	CHAMBERS	HAY	40
12	105	FL	POLK	HAY	423
30	103	MT	TREASURE	HAY	7,062
12	119	FL	SUMTER	HAY	(D)
39	097	OH	MADISON	HAY	2,477
29	135	MO	MONITEAU	GRASSES & LEGUMES TOTALS	490
06	021	CA	GLENN	HAY	15,154
13	019	GA	BERRIEN	HAY	167
06	071	CA	SAN BERNARDINO	HAY	5,112
08	077	CO	MESA	HAY	29,182
05	043	AR	DREW	HAY	6,610
21	061	KY	EDMONSON	HAY	280
40	123	OK	PONTOTOC	HAY	547
20	115	KS	MARION	HAY	(D)
47	033	TN	CROCKETT	HAY	(D)
39	011	OH	AUGLAIZE	HAY	(D)
48	289	TX	LEON	HAY	455
40	103	OK	NOBLE	HAY	36,384
48	337	TX	MONTAGUE	HAY	7,783
42	127	PA	WAYNE	HAY	(D)
48	287	TX	LEE	HAY	371
21	029	KY	BULLITT	HAY	(D)
18	025	IN	CRAWFORD	HAY	5,496
55	115	WI	SHAWANO	HAY	22,330
20	155	KS	RENO	HAY	42,107
20	077	KS	HARPER	HAY	360
01	043	AL	CULLMAN	HAY	748
29	059	MO	DALLAS	HAY	1,128
48	329	TX	MIDLAND	HAY	5,979
48	251	TX	JOHNSON	HAY	40,651
48	467	TX	VAN ZANDT	HAY	966
34	037	NJ	SUSSEX	HAY	11,657
49	031	UT	PIUTE	HAY	6,070
29	095	MO	JACKSON	HAY	9,491
19	129	IA	MILLS	HAY	(D)
35	041	NM	ROOSEVELT	HAY	9,344
30	075	MT	POWDER RIVER	HAY	122,354
36	089	NY	ST LAWRENCE	HAY	17,072
21	121	KY	KNOX	HAY	147
48	339	TX	MONTGOMERY	HAY	8,945
21	093	KY	HARDIN	SOD	(D)
31	151	NE	SALINE	HAY	3,439
31	083	NE	HARLAN	HAY	1,312
48	169	TX	GARZA	HAY	(D)
05	133	AR	SEVIER	HAY	26,291
55	123	WI	VERNON	GRASSES & LEGUMES TOTALS	(D)
31	069	NE	GARDEN	HAY	2,413
05	055	AR	GREENE	HAY	220
50	005	VT	CALEDONIA	HAY	10,618
51	017	VA	BATH	HAY	3,846
36	097	NY	SCHUYLER	HAY	(D)
01	109	AL	PIKE	HAY	(D)
08	083	CO	MONTEZUMA	HAY	32,722
20	137	KS	NORTON	HAY	8,048
37	069	NC	FRANKLIN	HAY	178
53	057	WA	SKAGIT	HAY	1,664
48	499	TX	WOOD	HAY	809
27	033	MN	COTTONWOOD	HAY	2,902
28	043	MS	GRENADA	HAY	(D)
05	003	AR	ASHLEY	SOD	(D)
20	151	KS	PRATT	HAY	6,884
01	119	AL	SUMTER	HAY	601
30	043	MT	JEFFERSON	HAY	5,676
39	141	OH	ROSS	HAY	76
09	007	CT	MIDDLESEX	HAY	578
29	049	MO	CLINTON	HAY	1,033
08	091	CO	OURAY	HAY	6,624
12	043	FL	GLADES	HAY	(D)
04	025	AZ	YAVAPAI	HAY	851
18	005	IN	BARTHOLOMEW	HAY	(D)
47	049	TN	FENTRESS	HAY	384
31	019	NE	BUFFALO	HAY	24,880
18	173	IN	WARRICK	HAY	2,982
41	013	OR	CROOK	HAY	12,865
20	099	KS	LABETTE	HAY	(D)
29	183	MO	ST CHARLES	HAY	5,781
29	227	MO	WORTH	HAY	(D)
39	081	OH	JEFFERSON	HAY	8,726
42	097	PA	NORTHUMBERLAND	HAY	(D)
32	021	NV	MINERAL	HAY	2,441
53	039	WA	KLICKITAT	HAY	1,769
40	017	OK	CANADIAN	HAY	8,633
08	107	CO	ROUTT	HAY	4,114
29	007	MO	AUDRAIN	HAY	12,744
21	105	KY	HICKMAN	HAY	186
48	135	TX	ECTOR	HAY	315
38	081	ND	SARGENT	HAY	(D)
35	015	NM	EDDY	HAY	(D)
18	003	IN	ALLEN	HAY	(D)
22	113	LA	VERMILION	HAY	1,185
22	065	LA	MADISON	HAY	2,366
26	085	MI	LAKE	HAY	(D)
16	053	ID	JEROME	GRASSES & LEGUMES TOTALS	418
53	053	WA	PIERCE	HAY	5,934
38	093	ND	STUTSMAN	HAY	714
20	043	KS	DONIPHAN	HAY	(D)
21	051	KY	CLAY	HAY	4,098
51	125	VA	NELSON	HAY	12,277
31	177	NE	WASHINGTON	HAY	854
29	027	MO	CALLAWAY	HAY	2,846
40	005	OK	ATOKA	HAY	38,731
47	045	TN	DYER	HAY	96
53	025	WA	GRANT	HAY	34,658
48	255	TX	KARNES	HAY	24,841
54	047	WV	MCDOWELL	HAY	(D)
26	101	MI	MANISTEE	HAY	(D)
26	017	MI	BAY	HAY	869
18	011	IN	BOONE	HAY	1,938
05	019	AR	CLARK	HAY	(D)
41	025	OR	HARNEY	HAY	75,153
20	069	KS	GRAY	GRASSES & LEGUMES TOTALS	(D)
37	023	NC	BURKE	HAY	5,462
06	031	CA	KINGS	HAY	38,798
20	175	KS	SEWARD	HAY	(D)
29	051	MO	COLE	HAY	1,295
41	019	OR	DOUGLAS	HAY	888
41	039	OR	LANE	GRASSES & LEGUMES TOTALS	3,122
08	103	CO	RIO BLANCO	HAY	8,216
06	065	CA	RIVERSIDE	HAY	62,906
26	127	MI	OCEANA	HAY	186
55	033	WI	DUNN	HAY	19,395
46	033	SD	CUSTER	HAY	28,636
33	003	NH	CARROLL	HAY	253
26	051	MI	GLADWIN	HAY	7,165
45	071	SC	NEWBERRY	HAY	(D)
13	047	GA	CATOOSA	HAY	(D)
51	187	VA	WARREN	HAY	9,131
48	481	TX	WHARTON	GRASSES & LEGUMES TOTALS	(D)
42	075	PA	LEBANON	HAY	7
48	203	TX	HARRISON	HAY	(D)
48	189	TX	HALE	GRASSES & LEGUMES TOTALS	4,554
16	013	ID	BLAINE	HAY	33,151
53	045	WA	MASON	HAY	(D)
41	063	OR	WALLOWA	HAY	16,349
46	117	SD	STANLEY	HAY	13,546
38	057	ND	MERCER	HAY	27,882
13	069	GA	COFFEE	HAY	644
22	127	LA	WINN	HAY	1,410
55	029	WI	DOOR	HAY	938
20	091	KS	JOHNSON	HAY	120
51	087	VA	HENRICO	HAY	425
55	027	WI	DODGE	HAY	24,908
18	039	IN	ELKHART	HAY	14,308
01	069	AL	HOUSTON	HAY	(D)
33	009	NH	GRAFTON	HAY	1,895
35	005	NM	CHAVES	HAY	16,618
18	047	IN	FRANKLIN	HAY	5,498
36	075	NY	OSWEGO	HAY	(D)
12	069	FL	LAKE	HAY	906
39	047	OH	FAYETTE	HAY	2,141
42	097	PA	NORTHUMBERLAND	GRASSES & LEGUMES TOTALS	(D)
27	067	MN	KANDIYOHI	HAY	2,428
16	049	ID	IDAHO	GRASSES & LEGUMES TOTALS	3,111
24	013	MD	CARROLL	HAY	217
29	205	MO	SHELBY	HAY	11,776
38	075	ND	RENVILLE	HAY	2,885
47	039	TN	DECATUR	HAY	124
45	023	SC	CHESTER	HAY	116
48	309	TX	MCLENNAN	HAY	630
20	001	KS	ALLEN	HAY	(D)
32	011	NV	EUREKA	HAY	36,318
29	067	MO	DOUGLAS	HAY	40,504
48	257	TX	KAUFMAN	HAY	196
30	097	MT	SWEET GRASS	HAY	30,454
42	097	PA	NORTHUMBERLAND	HAY	4,054
16	019	ID	BONNEVILLE	HAY	5,346
17	167	IL	SANGAMON	HAY	2,562
21	061	KY	EDMONSON	HAY	9,026
31	019	NE	BUFFALO	HAY	2,135
06	063	CA	PLUMAS	HAY	2,028
18	133	IN	PUTNAM	HAY	(D)
48	139	TX	ELLIS	HAY	264
08	109	CO	SAGUACHE	HAY	34,701
48	311	TX	MCMULLEN	HAY	(D)
27	095	MN	MILLE LACS	HAY	(D)
21	225	KY	UNION	HAY	481
51	175	VA	SOUTHAMPTON	HAY	1,259
48	393	TX	ROBERTS	HAY	(D)
46	015	SD	BRULE	HAY	(D)
48	061	TX	CAMERON	HAY	129
06	019	CA	FRESNO	HAY	41,645
26	123	MI	NEWAYGO	HAY	(D)
19	019	IA	BUCHANAN	HAY	988
21	121	KY	KNOX	HAY	5,772
13	069	GA	COFFEE	HAY	2,995
25	027	MA	WORCESTER	HAY	1,993
46	061	SD	HANSON	HAY	(D)
45	029	SC	COLLETON	HAY	2,749
40	127	OK	PUSHMATAHA	HAY	410
55	085	WI	ONEIDA	HAY	4,769
48	421	TX	SHERMAN	HAY	8,966
01	009	AL	BLOUNT	HAY	17,709
48	115	TX	DAWSON	HAY	(D)
48	357	TX	OCHILTREE	HAY	4,160
55	069	WI	LINCOLN	HAY	3,934
28	003	MS	ALCORN	HAY	8,297
05	055	AR	GREENE	HAY	6,557
41	017	OR	DESCHUTES	HAY	17,637
39	019	OH	CARROLL	HAY	11,258
21	073	KY	FRANKLIN	HAY	1,036
31	007	NE	BANNER	HAY	10,144
26	109	MI	MENOMINEE	HAY	11,860
37	065	NC	EDGECOMBE	HAY	34
53	039	WA	KLICKITAT	HAY	10,691
18	141	IN	ST. JOSEPH	HAY	259
39	031	OH	COSHOCTON	HAY	(D)
47	039	TN	DECATUR	HAY	24
28	089	MS	MADISON	HAY	7,343
13	097	GA	DOUGLAS	HAY	1,435
27	157	MN	WABASHA	HAY	(D)
04	013	AZ	MARICOPA	HAY	114,410
47	041	TN	DE KALB	HAY	13,292
13	313	GA	WHITFIELD	HAY	4,486
55	091	WI	PEPIN	GRASSES & LEGUMES TOTALS	(D)
19	013	IA	BLACK HAWK	HAY	2,803
31	047	NE	DAWSON	HAY	14,225
46	123	SD	TRIPP	HAY	68,544
13	017	GA	BEN HILL	HAY	112
48	315	TX	MARION	HAY	130
27	131	MN	RICE	HAY	(D)
28	007	MS	ATTALA	SOD	4
20	161	KS	RILEY	GRASSES & LEGUMES TOTALS	(D)
06	113	CA	YOLO	HAY	21,546
45	009	SC	BAMBERG	HAY	3,464
18	149	IN	STARKE	HAY	(D)
37	041	NC	CHOWAN	HAY	(D)
13	133	GA	GREENE	HAY	(D)
18	007	IN	BENTON	HAY	1,510
46	037	SD	DAY	HAY	16,447
16	067	ID	MINIDOKA	GRASSES & LEGUMES TOTALS	(D)
40	141	OK	TILLMAN	HAY	2,804
29	013	MO	BATES	HAY	41,229
36	091	NY	SARATOGA	HAY	9,475
08	065	CO	LAKE	HAY	(D)
21	093	KY	HARDIN	HAY	26,545
18	151	IN	STEUBEN	HAY	4,631
18	167	IN	VIGO	HAY	1,116
28	107	MS	PANOLA	HAY	11,073
20	085	KS	JACKSON	HAY	429
40	105	OK	NOWATA	HAY	30,668
48	253	TX	JONES	HAY	1,707
47	165	TN	SUMNER	HAY	28,466
28	031	MS	COVINGTON	HAY	9,355
18	051	IN	GIBSON	SOD	(D)
02		AK	ALEUTIAN ISLANDS	HAY	(D)
54	105	WV	WIRT	HAY	5,136
47	183	TN	WEAKLEY	HAY	(D)
42	007	PA	BEAVER	HAY	3,848
12	133	FL	WASHINGTON	SOD	(D)
05	083	AR	LOGAN	HAY	51,030
46	037	SD	DAY	HAY	(D)
22	109	LA	TERREBONNE	HAY	815
27	033	MN	COTTONWOOD	HAY	1,734
19	025	IA	CALHOUN	HAY	(D)
26	119	MI	MONTMORENCY	HAY	3,178
22	027	LA	CLAIBORNE	HAY	6,384
01	039	AL	COVINGTON	HAY	310
46	007	SD	BENNETT	HAY	645
39	083	OH	KNOX	HAY	6,839
13	057	GA	CHEROKEE	GRASSES & LEGUMES TOTALS	(D)
13	153	GA	HOUSTON	HAY	1,279
46	037	SD	DAY	HAY	(D)
04	003	AZ	COCHISE	HAY	13,401
39	113	OH	MONTGOMERY	HAY	2,173
55	077	WI	MARQUETTE	SOD	(D)
28	075	MS	LAUDERDALE	HAY	4,784
20	001	KS	ALLEN	HAY	(D)
54	001	WV	BARBOUR	HAY	628
53	005	WA	BENTON	HAY	8,399
37	061	NC	DUPLIN	SOD	(D)
18	145	IN	SHELBY	HAY	(D)
12	001	FL	ALACHUA	HAY	4,807
25	017	MA	MIDDLESEX	HAY	(D)
29	145	MO	NEWTON	HAY	122
27	027	MN	CLAY	HAY	(D)
08	007	CO	ARCHULETA	HAY	2,779
13	271	GA	TELFAIR	HAY	361
45	041	SC	FLORENCE	SOD	1,086
12	086	FL	MIAMI-DADE	SOD	9
40	055	OK	GREER	HAY	342
51	041	VA	CHESTERFIELD	HAY	(D)
27	013	MN	BLUE EARTH	HAY	(D)
06	077	CA	SAN JOAQUIN	HAY	51,192
26	075	MI	JACKSON	HAY	85
35	061	NM	VALENCIA	HAY	8,439
27	071	MN	KOOCHICHING	GRASSES & LEGUMES TOTALS	1,324
49	025	UT	KANE	HAY	323
42	009	PA	BEDFORD	HAY	9,707
31	103	NE	KEYA PAHA	HAY	30,439
24	037	MD	ST MARYS	HAY	(D)
42	127	PA	WAYNE	HAY	(D)
13	277	GA	TIFT	HAY	(D)
46	033	SD	CUSTER	HAY	4,964
31	171	NE	THOMAS	HAY	2,898
06	113	CA	YOLO	HAY	15,288
46	015	SD	BRULE	HAY	35,836
20	205	KS	WILSON	HAY	22,763
19	033	IA	CERRO GORDO	HAY	681
42	045	PA	DELAWARE	HAY	(D)
20	057	KS	FORD	HAY	5,969
48	223	TX	HOPKINS	HAY	4,004
49	039	UT	SANPETE	GRASSES & LEGUMES TOTALS	(D)
28	061	MS	JASPER	HAY	(D)
06	045	CA	MENDOCINO	HAY	1,707
13	185	GA	LOWNDES	HAY	(D)
06	095	CA	SOLANO	HAY	53,044
05	077	AR	LEE	HAY	(D)
30	021	MT	DAWSON	GRASSES & LEGUMES TOTALS	(D)
20	039	KS	DECATUR	HAY	8,686
38	073	ND	RANSOM	HAY	371
12	131	FL	WALTON	HAY	442
17	049	IL	EFFINGHAM	HAY	5,971
31	113	NE	LOGAN	HAY	9,645
39	063	OH	HANCOCK	HAY	940
40	009	OK	BECKHAM	HAY	5,472
37	001	NC	ALAMANCE	HAY	11,515
13	001	GA	APPLING	HAY	11,755
48	185	TX	GRIMES	HAY	411
08	105	CO	RIO GRANDE	HAY	16,374
49	045	UT	TOOELE	HAY	8,764
46	129	SD	WALWORTH	HAY	247
36	093	NY	SCHENECTADY	HAY	4,775
18	081	IN	JOHNSON	HAY	1,154
06	029	CA	KERN	HAY	61,068
40	151	OK	WOODS	HAY	3,971
53	045	WA	MASON	HAY	(D)
22	089	LA	SAINT CHARLES	HAY	505
31	109	NE	LANCASTER	HAY	8,418
24	029	MD	KENT	HAY	3,136
32	023	NV	NYE	HAY	1,810
42	053	PA	FOREST	HAY	1,152
37	081	NC	GUILFORD	HAY	(D)
37	155	NC	ROBESON	HAY	12,547
47	071	TN	HARDIN	HAY	157
35	045	NM	SAN JUAN	HAY	30,145
47	137	TN	PICKETT	HAY	138
32	013	NV	HUMBOLDT	HAY	24,790
19	053	IA	DECATUR	HAY	15,077
17	107	IL	LOGAN	HAY	30
48	087	TX	COLLINGSWORTH	HAY	10,239
39	083	OH	KNOX	HAY	112
13	177	GA	LEE	HAY	530
25	005	MA	BRISTOL	HAY	3,430
39	045	OH	FAIRFIELD	HAY	4,727
51	075	VA	GOOCHLAND	HAY	4,496
17	059	IL	GALLATIN	HAY	1,168
13	177	GA	LEE	HAY	880
48	197	TX	HARDEMAN	HAY	10,108
21	103	KY	HENRY	HAY	(D)
48	235	TX	IRION	HAY	381
06	033	CA	LAKE	HAY	73
41	021	OR	GILLIAM	HAY	1,346
51	053	VA	DINWIDDIE	HAY	144
24	029	MD	KENT	HAY	1,922
21	231	KY	WAYNE	HAY	14,628
36	023	NY	CORTLAND	HAY	(D)
06	007	CA	BUTTE	HAY	(D)
48	265	TX	KERR	HAY	1,034
48	199	TX	HARDIN	HAY	169
39	107	OH	MERCER	HAY	(D)
08	041	CO	EL PASO	HAY	6,911
18	049	IN	FULTON	HAY	3,507
16	025	ID	CAMAS	HAY	16,319
40	141	OK	TILLMAN	HAY	1,039
48	415	TX	SCURRY	HAY	4,995
08	103	CO	RIO BLANCO	HAY	14,665
21	183	KY	OHIO	HAY	393
30	009	MT	CARBON	HAY	20,684
54	021	WV	GILMER	HAY	6,189
51	085	VA	HANOVER	HAY	11,362
36	111	NY	ULSTER	HAY	77
18	103	IN	MIAMI	HAY	(D)
53	057	WA	SKAGIT	GRASSES & LEGUMES TOTALS	851
48	425	TX	SOMERVELL	HAY	1,277
26	025	MI	CALHOUN	HAY	43
42	033	PA	CLEARFIELD	HAY	13,305
39	157	OH	TUSCARAWAS	HAY	7,953
27	003	MN	ANOKA	SOD	3,189
34	005	NJ	BURLINGTON	HAY	196
39	079	OH	JACKSON	HAY	(D)
12	001	FL	ALACHUA	GRASSES & LEGUMES TOTALS	2,817
18	177	IN	WAYNE	HAY	(D)
37	075	NC	GRAHAM	HAY	339
05	087	AR	MADISON	HAY	47,744
51	135	VA	NOTTOWAY	HAY	9,610
47	015	TN	CANNON	HAY	(D)
01	105	AL	PERRY	HAY	(D)
19	183	IA	WASHINGTON	HAY	(D)
32	009	NV	ESMERALDA	HAY	695
37	157	NC	ROCKINGHAM	HAY	171
30	011	MT	CARTER	HAY	112,310
48	243	TX	JEFF DAVIS	HAY	(D)
51	021	VA	BLAND	HAY	9,058
48	475	TX	WARD	HAY	79
55	051	WI	IRON	HAY	1,370
06	083	CA	SANTA BARBARA	SOD	(D)
46	102	SD	OGLALA LAKOTA	HAY	(D)
20	121	KS	MIAMI	SOD	1,625
06	027	CA	INYO	HAY	6,139
38	091	ND	STEELE	HAY	4,994
47	169	TN	TROUSDALE	HAY	7,226
55	017	WI	CHIPPEWA	HAY	60
01	113	AL	RUSSELL	HAY	8,298
46	015	SD	BRULE	HAY	(D)
42	029	PA	CHESTER	HAY	14
30	015	MT	CHOUTEAU	HAY	47,481
29	103	MO	KNOX	HAY	3,369
45	057	SC	LANCASTER	SOD	3
05	097	AR	MONTGOMERY	HAY	50
48	033	TX	BORDEN	HAY	(D)
28	047	MS	HARRISON	HAY	(D)
40	015	OK	CADDO	HAY	508
48	377	TX	PRESIDIO	HAY	50
24	009	MD	CALVERT	HAY	73
48	299	TX	LLANO	HAY	317
47	139	TN	POLK	HAY	(D)
34	009	NJ	CAPE MAY	HAY	469
55	129	WI	WASHBURN	HAY	2,815
31	051	NE	DIXON	HAY	6,000
48	205	TX	HARTLEY	HAY	33,774
21	005	KY	ANDERSON	HAY	(D)
39	111	OH	MONROE	HAY	18,440
40	131	OK	ROGERS	HAY	38,178
18	117	IN	ORANGE	HAY	6,378
29	175	MO	RANDOLPH	HAY	(D)
38	055	ND	MCLEAN	HAY	47,098
48	207	TX	HASKELL	HAY	(D)
26	087	MI	LAPEER	HAY	12,640
48	493	TX	WILSON	HAY	42
20	067	KS	GRANT	HAY	6,347
37	097	NC	IREDELL	HAY	122
39	097	OH	MADISON	HAY	(D)
29	017	MO	BOLLINGER	GRASSES & LEGUMES TOTALS	100
06	099	CA	STANISLAUS	GRASSES & LEGUMES TOTALS	400
48	423	TX	SMITH	HAY	(D)
48	465	TX	VAL VERDE	HAY	(D)
15	009	HI	MAUI & KALAWAO	HAY	(D)
55	073	WI	MARATHON	HAY	42,650
01	017	AL	CHAMBERS	HAY	13,569
45	011	SC	BARNWELL	SOD	210
51	195	VA	WISE	HAY	(D)
28	137	MS	TATE	HAY	20,220
42	107	PA	SCHUYLKILL	HAY	11,261
31	055	NE	DOUGLAS	HAY	(D)
19	001	IA	ADAIR	HAY	16,234
56	043	WY	WASHAKIE	HAY	4,018
51	153	VA	PRINCE WILLIAM	HAY	(D)
47	003	TN	BEDFORD	HAY	41,768
48	321	TX	MATAGORDA	HAY	6,482
48	463	TX	UVALDE	HAY	5,034
20	167	KS	RUSSELL	HAY	4,136
35	045	NM	SAN JUAN	SOD	(D)
26	163	MI	WAYNE	HAY	617
35	023	NM	HIDALGO	HAY	(D)
46	033	SD	CUSTER	HAY	4,636
35	045	NM	SAN JUAN	HAY	27,134
04	012	AZ	LAPAZ	HAY	67,560
46	115	SD	SPINK	HAY	(D)
18	039	IN	ELKHART	HAY	(D)
26	161	MI	WASHTENAW	HAY	854
06	049	CA	MODOC	HAY	68,123
56	039	WY	TETON	HAY	8,915
40	149	OK	WASHITA	GRASSES & LEGUMES TOTALS	(D)
35	011	NM	DE BACA	HAY	3,395
37	071	NC	GASTON	HAY	86
05	067	AR	JACKSON	HAY	(D)
19	153	IA	POLK	HAY	2,520
35	061	NM	VALENCIA	HAY	8,273
18	065	IN	HENRY	HAY	3,631
31	141	NE	PLATTE	HAY	2,405
48	079	TX	COCHRAN	HAY	(D)
16	031	ID	CASSIA	GRASSES & LEGUMES TOTALS	1,784
19	103	IA	JOHNSON	HAY	12,925
21	125	KY	LAUREL	HAY	20,540
17	005	IL	BOND	HAY	(D)
53	063	WA	SPOKANE	GRASSES & LEGUMES TOTALS	948
13	219	GA	OCONEE	HAY	79
20	083	KS	HODGEMAN	HAY	1,173
35	039	NM	RIO ARRIBA	HAY	8,849
46	137	SD	ZIEBACH	HAY	53,442
29	069	MO	DUNKLIN	HAY	1,151
36	033	NY	FRANKLIN	HAY	15,094
17	119	IL	MADISON	HAY	4,730
26	125	MI	OAKLAND	HAY	1,446
12	107	FL	PUTNAM	HAY	3,051
51	065	VA	FLUVANNA	HAY	7,394
37	185	NC	WARREN	HAY	(D)
26	133	MI	OSCEOLA	HAY	(D)
56	025	WY	NATRONA	HAY	5,187
21	177	KY	MUHLENBERG	HAY	12,779
17	001	IL	ADAMS	HAY	11,808
16	019	ID	BONNEVILLE	HAY	2,160
13	093	GA	DOOLY	HAY	2,319
05	101	AR	NEWTON	HAY	9,270
48	479	TX	WEBB	HAY	2,687
31	135	NE	PERKINS	HAY	2,576
36	095	NY	SCHOHARIE	HAY	17
37	127	NC	NASH	HAY	8,864
31	053	NE	DODGE	HAY	596
18	023	IN	CLINTON	HAY	495
40	141	OK	TILLMAN	HAY	18,764
31	045	NE	DAWES	HAY	11,165
23	015	ME	LINCOLN	HAY	1,672
41	037	OR	LAKE	HAY	75,586
18	035	IN	DELAWARE	SOD	(D)
48	131	TX	DUVAL	HAY	54
53	071	WA	WALLA WALLA	GRASSES & LEGUMES TOTALS	13,467
48	015	TX	AUSTIN	HAY	(D)
46	003	SD	AURORA	HAY	15,397
05	135	AR	SHARP	HAY	(D)
41	061	OR	UNION	HAY	13,538
42	043	PA	DAUPHIN	HAY	9,172
29	113	MO	LINCOLN	SOD	(D)
29	017	MO	BOLLINGER	HAY	(D)
48	231	TX	HUNT	HAY	54,168
31	071	NE	GARFIELD	HAY	1,382
13	179	GA	LIBERTY	HAY	(D)
19	011	IA	BENTON	HAY	(D)
13	199	GA	MERIWETHER	SOD	(D)
48	187	TX	GUADALUPE	HAY	420
17	127	IL	MASSAC	HAY	3,983
35	001	NM	BERNALILLO	HAY	296
30	021	MT	DAWSON	HAY	43,943
35	059	NM	UNION	HAY	(D)
16	029	ID	CARIBOU	HAY	4,666
16	055	ID	KOOTENAI	HAY	21,118
35	037	NM	QUAY	HAY	2,747
27	059	MN	ISANTI	HAY	8,109
30	111	MT	YELLOWSTONE	HAY	43,385
10	005	DE	SUSSEX	HAY	983
48	145	TX	FALLS	HAY	1,320
21	085	KY	GRAYSON	HAY	34,130
19	035	IA	CHEROKEE	HAY	958
17	141	IL	OGLE	HAY	(D)
21	023	KY	BRACKEN	HAY	17,145
39	017	OH	BUTLER	HAY	96
53	003	WA	ASOTIN	HAY	1,160
13	015	GA	BARTOW	HAY	9,684
48	247	TX	JIM HOGG	HAY	1,294
27	065	MN	KANABEC	HAY	(D)
31	069	NE	GARDEN	HAY	22,238
40	143	OK	TULSA	HAY	15,190
08	039	CO	ELBERT	SOD	21
48	229	TX	HUDSPETH	HAY	19,174
30	023	MT	DEER LODGE	HAY	1,418
51	043	VA	CLARKE	HAY	902
20	177	KS	SHAWNEE	HAY	18,071
01	027	AL	CLAY	HAY	12,366
13	219	GA	OCONEE	HAY	4,088
36	063	NY	NIAGARA	HAY	24
19	067	IA	FLOYD	HAY	742
49	029	UT	MORGAN	GRASSES & LEGUMES TOTALS	(D)
06	067	CA	SACRAMENTO	HAY	11,450
06	115	CA	YUBA	HAY	(D)
20	117	KS	MARSHALL	HAY	642
47	089	TN	JEFFERSON	HAY	460
12	063	FL	JACKSON	HAY	1,763
13	009	GA	BALDWIN	HAY	110
30	057	MT	MADISON	HAY	43,645
39	065	OH	HARDIN	HAY	1,447
38	057	ND	MERCER	HAY	59,010
29	217	MO	VERNON	HAY	50,241
06	035	CA	LASSEN	HAY	15,538
12	039	FL	GADSDEN	HAY	4,009
38	065	ND	OLIVER	HAY	38,543
12	073	FL	LEON	HAY	4,654
29	069	MO	DUNKLIN	HAY	(D)
36	067	NY	ONONDAGA	HAY	14,402
31	087	NE	HITCHCOCK	HAY	2,278
21	093	KY	HARDIN	HAY	24,728
26	069	MI	IOSCO	HAY	2,153
08	105	CO	RIO GRANDE	HAY	36,328
17	007	IL	BOONE	HAY	750
46	085	SD	LYMAN	HAY	45
28	039	MS	GEORGE	GRASSES & LEGUMES TOTALS	(D)
46	021	SD	CAMPBELL	HAY	29,972
34	037	NJ	SUSSEX	HAY	240
29	099	MO	JEFFERSON	HAY	16,600
18	073	IN	JASPER	HAY	51
08	117	CO	SUMMIT	HAY	(D)
35	017	NM	GRANT	HAY	778
49	001	UT	BEAVER	GRASSES & LEGUMES TOTALS	(D)
18	093	IN	LAWRENCE	HAY	2,694
13	039	GA	CAMDEN	HAY	(D)
06	045	CA	MENDOCINO	HAY	689
06	027	CA	INYO	HAY	6,541
18	043	IN	FLOYD	HAY	1,838
20	135	KS	NESS	HAY	67
42	019	PA	BUTLER	HAY	16
40	083	OK	LOGAN	HAY	(D)
08	089	CO	OTERO	HAY	23,009
47	125	TN	MONTGOMERY	HAY	153
48	011	TX	ARMSTRONG	HAY	15,112
37	173	NC	SWAIN	HAY	(D)
29	201	MO	SCOTT	HAY	137
06	083	CA	SANTA BARBARA	HAY	3,887
16	001	ID	ADA	HAY	2,899
18	107	IN	MONTGOMERY	HAY	2,791
01	103	AL	MORGAN	SOD	480
20	123	KS	MITCHELL	HAY	17,126
51	093	VA	ISLE OF WIGHT	HAY	1,697
08	041	CO	EL PASO	HAY	3,548
37	185	NC	WARREN	HAY	(D)
44	009	RI	WASHINGTON	HAY	361
48	105	TX	CROCKETT	HAY	(D)
46	023	SD	CHARLES MIX	HAY	15,932
16	083	ID	TWIN FALLS	GRASSES & LEGUMES TOTALS	116
55	033	WI	DUNN	HAY	1,499
01	047	AL	DALLAS	HAY	704
16	041	ID	FRANKLIN	HAY	33,534
35	057	NM	TORRANCE	SOD	(D)
29	211	MO	SULLIVAN	HAY	51,499
31	127	NE	NEMAHA	HAY	35
04	001	AZ	APACHE	HAY	1,313
18	087	IN	LAGRANGE	HAY	379
28	009	MS	BENTON	HAY	(D)
40	013	OK	BRYAN	HAY	3,566
27	161	MN	WASECA	HAY	1,423
53	005	WA	BENTON	SOD	(D)
27	039	MN	DODGE	HAY	3,690
18	153	IN	SULLIVAN	HAY	1,840
20	049	KS	ELK	HAY	757
37	133	NC	ONSLOW	HAY	1,900
17	007	IL	BOONE	HAY	1,630
12	039	FL	GADSDEN	SOD	454
08	027	CO	CUSTER	HAY	6,701
45	091	SC	YORK	HAY	(D)
39	119	OH	MUSKINGUM	HAY	59
49	039	UT	SANPETE	HAY	25,301
48	451	TX	TOM GREEN	HAY	3,346
34	019	NJ	HUNTERDON	HAY	72
13	003	GA	ATKINSON	HAY	378
31	021	NE	BURT	HAY	2,325
55	039	WI	FOND DU LAC	HAY	(D)
21	171	KY	MONROE	HAY	720
13	049	GA	CHARLTON	HAY	(D)
31	135	NE	PERKINS	HAY	(D)
12	117	FL	SEMINOLE	HAY	(D)
35	013	NM	DONA ANA	HAY	8,926
19	107	IA	KEOKUK	HAY	1,892
31	137	NE	PHELPS	HAY	755
54	011	WV	CABELL	HAY	3,978
48	055	TX	CALDWELL	HAY	14,028
17	095	IL	KNOX	HAY	9,675
21	231	KY	WAYNE	HAY	15,206
48	219	TX	HOCKLEY	HAY	5,698
47	115	TN	MARION	HAY	6,842
20	057	KS	FORD	HAY	3,005
48	387	TX	RED RIVER	HAY	48,272
48	279	TX	LAMB	HAY	20,566
23	027	ME	WALDO	HAY	5,954
21	191	KY	PENDLETON	HAY	(D)
45	053	SC	JASPER	HAY	166
13	223	GA	PAULDING	HAY	2,621
08	103	CO	RIO BLANCO	HAY	18,365
27	133	MN	ROCK	GRASSES & LEGUMES TOTALS	(D)
17	161	IL	ROCK ISLAND	HAY	1,083
47	015	TN	CANNON	HAY	11,228
48	453	TX	TRAVIS	HAY	15,597
01	089	AL	MADISON	SOD	720
22	073	LA	OUACHITA	HAY	346
31	079	NE	HALL	HAY	607
01	117	AL	SHELBY	HAY	185
38	001	ND	ADAMS	HAY	57,123
29	039	MO	CEDAR	HAY	21
01	031	AL	COFFEE	HAY	(D)
31	081	NE	HAMILTON	HAY	4,593
48	269	TX	KING	HAY	(D)
37	017	NC	BLADEN	SOD	587
40	117	OK	PAWNEE	HAY	662
40	121	OK	PITTSBURG	HAY	50,982
21	093	KY	HARDIN	HAY	30
29	111	MO	LEWIS	HAY	(D)
22	029	LA	CONCORDIA	HAY	1,504
51	131	VA	NORTHAMPTON	HAY	(D)
48	187	TX	GUADALUPE	HAY	1,043
36	007	NY	BROOME	HAY	(D)
29	121	MO	MACON	HAY	45,194
40	085	OK	LOVE	HAY	345
38	103	ND	WELLS	HAY	26,597
42	129	PA	WESTMORELAND	HAY	26,232
29	207	MO	STODDARD	HAY	166
53	071	WA	WALLA WALLA	HAY	14,585
36	087	NY	ROCKLAND	HAY	(D)
23	027	ME	WALDO	HAY	5,634
29	019	MO	BOONE	HAY	(D)
35	045	NM	SAN JUAN	HAY	30,082
04	021	AZ	PINAL	HAY	65,110
15	001	HI	HAWAII	HAY	(D)
29	037	MO	CASS	HAY	32,399
26	117	MI	MONTCALM	HAY	1,213
46	085	SD	LYMAN	HAY	34,416
45	033	SC	DILLON	HAY	2,795
39	031	OH	COSHOCTON	HAY	(D)
18	001	IN	ADAMS	HAY	1,379
27	131	MN	RICE	HAY	7
12	033	FL	ESCAMBIA	SOD	(D)
31	071	NE	GARFIELD	HAY	28,679
41	023	OR	GRANT	HAY	38,095
39	087	OH	LAWRENCE	HAY	5,920
29	137	MO	MONROE	HAY	17,220
31	165	NE	SIOUX	HAY	9,828
17	093	IL	KENDALL	HAY	2,181
13	243	GA	RANDOLPH	HAY	295
18	167	IN	VIGO	HAY	247
40	099	OK	MURRAY	HAY	589
55	131	WI	WASHINGTON	HAY	910
20	185	KS	STAFFORD	HAY	18,015
13	099	GA	EARLY	HAY	(D)
28	049	MS	HINDS	HAY	10,830
05	125	AR	SALINE	HAY	(D)
30	029	MT	FLATHEAD	HAY	19,183
18	049	IN	FULTON	HAY	(D)
05	073	AR	LAFAYETTE	HAY	1,280
12	105	FL	POLK	HAY	495
13	101	GA	ECHOLS	HAY	1,131
29	037	MO	CASS	HAY	(D)
38	047	ND	LOGAN	HAY	(D)
36	051	NY	LIVINGSTON	HAY	(D)
13	151	GA	HENRY	HAY	1,852
21	195	KY	PIKE	HAY	1,963
19	137	IA	MONTGOMERY	HAY	2,799
42	109	PA	SNYDER	HAY	4,822
48	307	TX	MCCULLOCH	HAY	680
18	075	IN	JAY	HAY	869
39	089	OH	LICKING	HAY	18,178
48	117	TX	DEAF SMITH	HAY	(D)
42	097	PA	NORTHUMBERLAND	HAY	51
31	145	NE	RED WILLOW	HAY	5,733
26	125	MI	OAKLAND	HAY	34
26	003	MI	ALGER	HAY	5,426
46	017	SD	BUFFALO	HAY	(D)
01	057	AL	FAYETTE	HAY	(D)
13	015	GA	BARTOW	HAY	9,931
08	063	CO	KIT CARSON	HAY	3,533
16	003	ID	ADAMS	HAY	13,452
48	303	TX	LUBBOCK	HAY	96
13	301	GA	WARREN	HAY	1,996
40	061	OK	HASKELL	HAY	(D)
42	133	PA	YORK	HAY	87
19	189	IA	WINNEBAGO	HAY	(D)
54	073	WV	PLEASANTS	HAY	2,077
48	379	TX	RAINS	HAY	575
20	091	KS	JOHNSON	HAY	120
12	043	FL	GLADES	SOD	3,640
30	073	MT	PONDERA	HAY	10,798
34	031	NJ	PASSAIC	HAY	(D)
19	043	IA	CLAYTON	HAY	23,009
30	007	MT	BROADWATER	GRASSES & LEGUMES TOTALS	(D)
16	055	ID	KOOTENAI	HAY	6,608
31	185	NE	YORK	HAY	2,870
39	125	OH	PAULDING	HAY	54
46	051	SD	GRANT	HAY	14,197
27	125	MN	RED LAKE	HAY	689
56	035	WY	SUBLETTE	HAY	(D)
21	127	KY	LAWRENCE	HAY	2,985
46	059	SD	HAND	HAY	248
26	023	MI	BRANCH	HAY	454
20	015	KS	BUTLER	HAY	777
35	061	NM	VALENCIA	HAY	6,539
47	059	TN	GREENE	HAY	268
20	149	KS	POTTAWATOMIE	HAY	1,157
37	197	NC	YADKIN	HAY	10,755
08	047	CO	GILPIN	HAY	280
17	175	IL	STARK	HAY	1,653
48	191	TX	HALL	HAY	1,869
47	149	TN	RUTHERFORD	HAY	944
45	063	SC	LEXINGTON	HAY	(D)
53	023	WA	GARFIELD	HAY	907
35	009	NM	CURRY	HAY	9,477
26	059	MI	HILLSDALE	HAY	2,422
38	029	ND	EMMONS	HAY	56,230
49	055	UT	WAYNE	HAY	(D)
48	255	TX	KARNES	HAY	(D)
13	221	GA	OGLETHORPE	HAY	326
27	127	MN	REDWOOD	HAY	(D)
01	093	AL	MARION	HAY	160
29	229	MO	WRIGHT	HAY	21
39	161	OH	VAN WERT	HAY	739
12	115	FL	SARASOTA	HAY	(D)
17	025	IL	CLAY	HAY	2,172
18	181	IN	WHITE	HAY	1,655
12	059	FL	HOLMES	SOD	46
21	169	KY	METCALFE	HAY	20
46	127	SD	UNION	HAY	3,973
17	123	IL	MARSHALL	HAY	(D)
01	127	AL	WALKER	HAY	276
28	003	MS	ALCORN	HAY	(D)
28	161	MS	YALOBUSHA	HAY	(D)
30	109	MT	WIBAUX	HAY	2,916
16	061	ID	LEWIS	HAY	7,643
31	183	NE	WHEELER	HAY	3,366
42	103	PA	PIKE	HAY	88
24	013	MD	CARROLL	HAY	252
20	071	KS	GREELEY	HAY	(D)
47	087	TN	JACKSON	HAY	11,515
41	043	OR	LINN	HAY	2,401
19	091	IA	HUMBOLDT	HAY	354
48	019	TX	BANDERA	HAY	(D)
05	063	AR	INDEPENDENCE	HAY	(D)
22	021	LA	CALDWELL	HAY	82
26	161	MI	WASHTENAW	HAY	17,212
27	117	MN	PIPESTONE	HAY	(D)
13	279	GA	TOOMBS	HAY	356
48	427	TX	STARR	HAY	(D)
20	103	KS	LEAVENWORTH	HAY	20,593
28	087	MS	LOWNDES	HAY	8,864
47	071	TN	HARDIN	HAY	30
08	061	CO	KIOWA	HAY	474
21	065	KY	ESTILL	HAY	6,382
48	111	TX	DALLAM	GRASSES & LEGUMES TOTALS	(D)
21	065	KY	ESTILL	HAY	281
42	129	PA	WESTMORELAND	HAY	7,793
37	167	NC	STANLY	HAY	(D)
05	143	AR	WASHINGTON	HAY	332
01	129	AL	WASHINGTON	HAY	4,434
54	011	WV	CABELL	HAY	106
46	047	SD	FALL RIVER	HAY	7,267
36	035	NY	FULTON	HAY	1,233
47	009	TN	BLOUNT	HAY	287
51	095	VA	JAMES CITY	HAY	906
16	037	ID	CUSTER	HAY	29,055
17	137	IL	MORGAN	HAY	3,980
27	157	MN	WABASHA	HAY	17,579
08	097	CO	PITKIN	HAY	593
35	011	NM	DE BACA	HAY	1,076
47	073	TN	HAWKINS	HAY	28,450
42	123	PA	WARREN	HAY	9,329
51	007	VA	AMELIA	HAY	6,200
26	123	MI	NEWAYGO	HAY	13,300
29	053	MO	COOPER	HAY	26,384
19	173	IA	TAYLOR	HAY	11,431
47	117	TN	MARSHALL	HAY	(D)
48	437	TX	SWISHER	HAY	15,269
01	097	AL	MOBILE	HAY	104
17	115	IL	MACON	HAY	866
41	015	OR	CURRY	HAY	(D)
17	107	IL	LOGAN	HAY	1,213
19	171	IA	TAMA	HAY	10,627
37	145	NC	PERSON	HAY	(D)
21	189	KY	OWSLEY	HAY	17
21	171	KY	MONROE	HAY	26,112
40	135	OK	SEQUOYAH	HAY	29,048
40	025	OK	CIMARRON	HAY	14,964
25	013	MA	HAMPDEN	HAY	(D)
46	055	SD	HAAKON	HAY	32,030
48	505	TX	ZAPATA	HAY	(D)
19	125	IA	MARION	HAY	(D)
47	159	TN	SMITH	HAY	286
26	059	MI	HILLSDALE	HAY	(D)
26	017	MI	BAY	HAY	84
20	131	KS	NEMAHA	HAY	(D)
06	061	CA	PLACER	HAY	2,038
37	031	NC	CARTERET	SOD	1,430
31	013	NE	BOX BUTTE	HAY	6,106
31	119	NE	MADISON	HAY	13,023
48	459	TX	UPSHUR	HAY	(D)
46	103	SD	PENNINGTON	HAY	6,067
55	061	WI	KEWAUNEE	HAY	(D)
55	089	WI	OZAUKEE	HAY	(D)
40	115	OK	OTTAWA	HAY	850
29	151	MO	OSAGE	HAY	46,245
28	009	MS	BENTON	HAY	3,433
29	197	MO	SCHUYLER	GRASSES & LEGUMES TOTALS	(D)
39	157	OH	TUSCARAWAS	HAY	22,642
45	005	SC	ALLENDALE	HAY	1,475
13	069	GA	COFFEE	HAY	3,158
21	215	KY	SPENCER	SOD	(D)
24	045	MD	WICOMICO	HAY	1,403
38	071	ND	RAMSEY	HAY	5,677
36	011	NY	CAYUGA	HAY	(D)
04	021	AZ	PINAL	HAY	65,110
39	105	OH	MEIGS	HAY	8,516
05	089	AR	MARION	HAY	15,941
05	085	AR	LONOKE	HAY	1,095
22	107	LA	TENSAS	HAY	150
06	021	CA	GLENN	HAY	8,172
50	015	VT	LAMOILLE	HAY	2,029
47	009	TN	BLOUNT	HAY	25,375
21	069	KY	FLEMING	HAY	(D)
31	039	NE	CUMING	HAY	13,809
48	269	TX	KING	HAY	(D)
32	001	NV	CHURCHILL	HAY	3,214
20	109	KS	LOGAN	HAY	4,559
31	063	NE	FRONTIER	HAY	4,006
35	007	NM	COLFAX	HAY	3,550
17	113	IL	MCLEAN	HAY	2,863
21	151	KY	MADISON	HAY	34,316
20	025	KS	CLARK	HAY	(D)
45	039	SC	FAIRFIELD	HAY	24
55	005	WI	BARRON	HAY	28,683
53	025	WA	GRANT	HAY	144,781
56	033	WY	SHERIDAN	HAY	42,009
23	031	ME	YORK	SOD	(D)
30	085	MT	ROOSEVELT	HAY	26,939
29	103	MO	KNOX	HAY	(D)
23	023	ME	SAGADAHOC	HAY	1,552
55	097	WI	PORTAGE	HAY	2,231
39	055	OH	GEAUGA	HAY	8,266
35	035	NM	OTERO	HAY	(D)
40	071	OK	KAY	HAY	752
21	043	KY	CARTER	HAY	9,827
51	173	VA	SMYTH	HAY	16,183
35	047	NM	SAN MIGUEL	HAY	2,082
33	005	NH	CHESHIRE	HAY	4,076
06	067	CA	SACRAMENTO	HAY	4,859
29	127	MO	MARION	HAY	8,876
01	087	AL	MACON	HAY	120
54	025	WV	GREENBRIER	HAY	1,794
20	095	KS	KINGMAN	HAY	8,871
46	101	SD	MOODY	HAY	178
27	161	MN	WASECA	SOD	480
08	007	CO	ARCHULETA	HAY	(D)
48	433	TX	STONEWALL	HAY	2,252
21	235	KY	WHITLEY	HAY	10,108
49	039	UT	SANPETE	GRASSES & LEGUMES TOTALS	(D)
20	051	KS	ELLIS	HAY	564
49	027	UT	MILLARD	HAY	42,773
46	079	SD	LAKE	HAY	2,168
39	165	OH	WARREN	HAY	1,597
34	023	NJ	MIDDLESEX	HAY	(D)
23	003	ME	AROOSTOOK	HAY	15,321
01	043	AL	CULLMAN	HAY	311
49	013	UT	DUCHESNE	HAY	(D)
55	097	WI	PORTAGE	HAY	26,417
45	011	SC	BARNWELL	HAY	6
48	079	TX	COCHRAN	HAY	(D)
26	015	MI	BARRY	HAY	1,075
48	179	TX	GRAY	HAY	(D)
27	145	MN	STEARNS	HAY	58,717
56	043	WY	WASHAKIE	HAY	19,745
21	113	KY	JESSAMINE	SOD	(D)
21	173	KY	MONTGOMERY	HAY	1,496
41	033	OR	JOSEPHINE	HAY	348
40	043	OK	DEWEY	HAY	3,544
53	023	WA	GARFIELD	HAY	476
41	051	OR	MULTNOMAH	HAY	374
20	193	KS	THOMAS	HAY	4,245
47	081	TN	HICKMAN	SOD	(D)
48	483	TX	WHEELER	HAY	(D)
16	063	ID	LINCOLN	HAY	23,443
47	047	TN	FAYETTE	HAY	639
49	043	UT	SUMMIT	GRASSES & LEGUMES TOTALS	(D)
05	021	AR	CLAY	HAY	(D)
28	163	MS	YAZOO	HAY	8,029
36	121	NY	WYOMING	HAY	10
27	077	MN	LAKE OF THE WOODS	HAY	4,271
54	015	WV	CLAY	HAY	2,126
40	059	OK	HARPER	HAY	35,993
42	077	PA	LEHIGH	HAY	6,832
40	079	OK	LEFLORE	HAY	2,149
01	097	AL	MOBILE	HAY	5,794
18	127	IN	PORTER	HAY	3,048
20	127	KS	MORRIS	HAY	5,264
04	011	AZ	GREENLEE	HAY	2,152
44	005	RI	NEWPORT	HAY	(D)
01	023	AL	CHOCTAW	HAY	(D)
27	019	MN	CARVER	HAY	9,948
19	107	IA	KEOKUK	HAY	7,433
48	401	TX	RUSK	HAY	256
44	009	RI	WASHINGTON	HAY	(D)
45	061	SC	LEE	HAY	2,639
29	177	MO	RAY	HAY	26,731
46	045	SD	EDMUNDS	HAY	29,875
06	007	CA	BUTTE	GRASSES & LEGUMES TOTALS	(D)
34	001	NJ	ATLANTIC	HAY	62
17	045	IL	EDGAR	HAY	591
06	109	CA	TUOLUMNE	HAY	(D)
13	297	GA	WALTON	HAY	9,778
46	087	SD	MCCOOK	HAY	7,103
51	133	VA	NORTHUMBERLAND	HAY	19
06	051	CA	MONO	HAY	16,726
21	045	KY	CASEY	HAY	6
21	151	KY	MADISON	HAY	20
27	037	MN	DAKOTA	HAY	6,335
31	053	NE	DODGE	HAY	1,169
01	075	AL	LAMAR	HAY	(D)
06	009	CA	CALAVERAS	HAY	(D)
42	103	PA	PIKE	HAY	(D)
21	105	KY	HICKMAN	HAY	945
19	145	IA	PAGE	HAY	11,594
05	037	AR	CROSS	HAY	(D)
13	289	GA	TWIGGS	HAY	838
32	021	NV	MINERAL	HAY	2,441
37	009	NC	ASHE	HAY	7,842
29	055	MO	CRAWFORD	HAY	(D)
26	137	MI	OTSEGO	HAY	8,641
18	073	IN	JASPER	HAY	28
46	091	SD	MARSHALL	HAY	14,641
31	083	NE	HARLAN	HAY	1,303
05	027	AR	COLUMBIA	HAY	161
29	217	MO	VERNON	HAY	53,537
36	067	NY	ONONDAGA	HAY	149
39	107	OH	MERCER	HAY	5,629
47	161	TN	STEWART	HAY	7,957
46	041	SD	DEWEY	HAY	(D)
48	415	TX	SCURRY	HAY	(D)
29	159	MO	PETTIS	HAY	42,448
31	089	NE	HOLT	HAY	9,674
48	079	TX	COCHRAN	HAY	(D)
39	175	OH	WYANDOT	HAY	(D)
36	103	NY	SUFFOLK	HAY	335
31	075	NE	GRANT	HAY	41,912
16	039	ID	ELMORE	HAY	(D)
45	041	SC	FLORENCE	HAY	1,268
55	071	WI	MANITOWOC	HAY	2,068
42	095	PA	NORTHAMPTON	HAY	6,317
06	041	CA	MARIN	HAY	1,126
41	055	OR	SHERMAN	HAY	896
01	119	AL	SUMTER	HAY	10,584
29	181	MO	RIPLEY	HAY	11,900
20	141	KS	OSBORNE	HAY	12,792
01	095	AL	MARSHALL	HAY	76
51	099	VA	KING GEORGE	HAY	3,584
08	003	CO	ALAMOSA	HAY	16,936
45	029	SC	COLLETON	HAY	(D)
13	117	GA	FORSYTH	HAY	(D)
48	375	TX	POTTER	HAY	(D)
29	155	MO	PEMISCOT	HAY	(D)
19	135	IA	MONROE	HAY	12,766
16	035	ID	CLEARWATER	GRASSES & LEGUMES TOTALS	140
56	023	WY	LINCOLN	HAY	30,232
16	027	ID	CANYON	SOD	(D)
48	429	TX	STEPHENS	HAY	(D)
28	159	MS	WINSTON	HAY	(D)
20	125	KS	MONTGOMERY	HAY	27,369
47	131	TN	OBION	HAY	5,457
27	041	MN	DOUGLAS	HAY	137
28	069	MS	KEMPER	HAY	10,386
20	185	KS	STAFFORD	HAY	21,007
41	053	OR	POLK	HAY	650
15	009	HI	MAUI & KALAWAO	HAY	(D)
40	083	OK	LOGAN	HAY	(D)
30	081	MT	RAVALLI	HAY	14,382
51	071	VA	GILES	HAY	8,871
29	107	MO	LAFAYETTE	HAY	843
36	091	NY	SARATOGA	HAY	5,814
06	043	CA	MARIPOSA	HAY	816
54	107	WV	WOOD	HAY	13,260
28	097	MS	MONTGOMERY	HAY	7,646
20	209	KS	WYANDOTTE	HAY	(D)
20	087	KS	JEFFERSON	HAY	(D)
17	135	IL	MONTGOMERY	HAY	2,123
31	145	NE	RED WILLOW	HAY	5,855
41	003	OR	BENTON	HAY	126
27	133	MN	ROCK	HAY	2,957
48	195	TX	HANSFORD	HAY	7,786
27	085	MN	MCLEOD	HAY	28
41	047	OR	MARION	HAY	3,507
26	149	MI	ST JOSEPH	HAY	889
21	221	KY	TRIGG	HAY	32
06	043	CA	MARIPOSA	HAY	(D)
19	197	IA	WRIGHT	HAY	1,774
29	071	MO	FRANKLIN	HAY	336
55	035	WI	EAU CLAIRE	HAY	(D)
39	155	OH	TRUMBULL	HAY	9,019
30	103	MT	TREASURE	HAY	7,816
56	039	WY	TETON	HAY	5,194
39	007	OH	ASHTABULA	HAY	2,705
13	103	GA	EFFINGHAM	HAY	1,391
29	095	MO	JACKSON	HAY	4
45	073	SC	OCONEE	HAY	86
48	043	TX	BREWSTER	HAY	(D)
13	295	GA	WALKER	HAY	14,045
18	087	IN	LAGRANGE	HAY	23,340
37	007	NC	ANSON	SOD	(D)
01	113	AL	RUSSELL	HAY	667
04	011	AZ	GREENLEE	HAY	833
20	123	KS	MITCHELL	HAY	316
01	073	AL	JEFFERSON	HAY	(D)
48	213	TX	HENDERSON	HAY	175
22	073	LA	OUACHITA	HAY	346
19	025	IA	CALHOUN	HAY	1,682
45	015	SC	BERKELEY	HAY	(D)
21	141	KY	LOGAN	HAY	(D)
45	077	SC	PICKENS	HAY	3
47	069	TN	HARDEMAN	HAY	(D)
22	039	LA	EVANGELINE	HAY	188
26	007	MI	ALPENA	HAY	10,549
55	123	WI	VERNON	SOD	(D)
39	023	OH	CLARK	HAY	1,864
39	101	OH	MARION	HAY	446
06	069	CA	SAN BENITO	HAY	(D)
31	041	NE	CUSTER	HAY	47,717
48	401	TX	RUSK	HAY	30
13	227	GA	PICKENS	HAY	4,835
47	099	TN	LAWRENCE	HAY	131
42	039	PA	CRAWFORD	HAY	580
31	137	NE	PHELPS	HAY	111
26	159	MI	VAN BUREN	HAY	1,454
12	059	FL	HOLMES	HAY	6,915
56	021	WY	LARAMIE	HAY	14,419
29	161	MO	PHELPS	HAY	19,785
31	171	NE	THOMAS	HAY	1,113
39	121	OH	NOBLE	HAY	3,828
42	123	PA	WARREN	HAY	90
48	203	TX	HARRISON	HAY	(D)
54	103	WV	WETZEL	HAY	3,071
55	045	WI	GREEN	HAY	(D)
12	099	FL	PALM BEACH	HAY	36
29	159	MO	PETTIS	HAY	(D)
13	207	GA	MONROE	HAY	(D)
47	069	TN	HARDEMAN	HAY	36
28	099	MS	NESHOBA	HAY	25
16	065	ID	MADISON	HAY	1,605
46	021	SD	CAMPBELL	HAY	5,616
48	259	TX	KENDALL	HAY	236
21	003	KY	ALLEN	HAY	52
42	043	PA	DAUPHIN	HAY	66
17	065	IL	HAMILTON	HAY	2,084
35	035	NM	OTERO	GRASSES & LEGUMES TOTALS	(D)
20	009	KS	BARTON	HAY	2,908
48	379	TX	RAINS	HAY	13,995
06	061	CA	PLACER	HAY	172
48	181	TX	GRAYSON	HAY	368
12	115	FL	SARASOTA	HAY	228
34	023	NJ	MIDDLESEX	HAY	(D)
31	059	NE	FILLMORE	HAY	2,300
32	033	NV	WHITE PINE	HAY	3,547
55	029	WI	DOOR	HAY	8,936
48	329	TX	MIDLAND	HAY	5,979
08	063	CO	KIT CARSON	HAY	24,892
19	003	IA	ADAMS	HAY	(D)
42	085	PA	MERCER	HAY	6,829
21	177	KY	MUHLENBERG	HAY	78
12	027	FL	DE SOTO	HAY	5,403
48	501	TX	YOAKUM	HAY	(D)
26	075	MI	JACKSON	HAY	(D)
31	041	NE	CUSTER	HAY	5,464
13	177	GA	LEE	HAY	880
45	083	SC	SPARTANBURG	HAY	122
01	071	AL	JACKSON	HAY	30,661
20	113	KS	MCPHERSON	HAY	19,936
13	299	GA	WARE	HAY	772
08	057	CO	JACKSON	HAY	(D)
13	043	GA	CANDLER	HAY	6,348
49	053	UT	WASHINGTON	HAY	(D)
46	063	SD	HARDING	HAY	79,603
06	013	CA	CONTRA COSTA	HAY	1,813
25	017	MA	MIDDLESEX	HAY	(D)
51	550	VA	CHESAPEAKE CITY	HAY	29
48	503	TX	YOUNG	HAY	(D)
15	001	HI	HAWAII	SOD	(D)
04	027	AZ	YUMA	HAY	28,593
27	103	MN	NICOLLET	HAY	3,305
31	009	NE	BLAINE	HAY	1,064
26	165	MI	WEXFORD	HAY	5,252
46	065	SD	HUGHES	HAY	22,980
20	019	KS	CHAUTAUQUA	GRASSES & LEGUMES TOTALS	(D)
06	053	CA	MONTEREY	GRASSES & LEGUMES TOTALS	(D)
26	085	MI	LAKE	HAY	2,247
16	069	ID	NEZ PERCE	HAY	4,473
17	097	IL	LAKE	HAY	1,557
21	209	KY	SCOTT	HAY	(D)
39	055	OH	GEAUGA	HAY	11,881
47	147	TN	ROBERTSON	SOD	(D)
16	037	ID	CUSTER	HAY	4,104
13	307	GA	WEBSTER	HAY	(D)
21	139	KY	LIVINGSTON	HAY	10,441
37	051	NC	CUMBERLAND	HAY	2,277
29	059	MO	DALLAS	HAY	30,457
56	005	WY	CAMPBELL	HAY	48,956
42	049	PA	ERIE	SOD	(D)
28	011	MS	BOLIVAR	HAY	1,080
32	027	NV	PERSHING	HAY	(D)
47	053	TN	GIBSON	HAY	9,017
42	041	PA	CUMBERLAND	HAY	(D)
37	163	NC	SAMPSON	HAY	2,544
28	121	MS	RANKIN	HAY	10,869
13	201	GA	MILLER	HAY	532
13	147	GA	HART	HAY	492
19	157	IA	POWESHIEK	HAY	9,223
55	141	WI	WOOD	HAY	12,537
05	005	AR	BAXTER	HAY	(D)
27	049	MN	GOODHUE	HAY	16,385
41	021	OR	GILLIAM	HAY	3,282
20	173	KS	SEDGWICK	HAY	18,831
26	061	MI	HOUGHTON	HAY	59
17	091	IL	KANKAKEE	HAY	2,096
19	023	IA	BUTLER	HAY	(D)
36	053	NY	MADISON	HAY	(D)
54	033	WV	HARRISON	HAY	589
17	173	IL	SHELBY	GRASSES & LEGUMES TOTALS	(D)
46	137	SD	ZIEBACH	HAY	38,391
42	033	PA	CLEARFIELD	HAY	8,537
06	093	CA	SISKIYOU	SOD	(D)
22	119	LA	WEBSTER	HAY	(D)
40	067	OK	JEFFERSON	SOD	(D)
35	035	NM	OTERO	HAY	817
28	075	MS	LAUDERDALE	HAY	(D)
18	021	IN	CLAY	HAY	2,790
54	073	WV	PLEASANTS	HAY	2,453
01	129	AL	WASHINGTON	HAY	72
31	121	NE	MERRICK	HAY	4,770
46	111	SD	SANBORN	HAY	20,420
16	001	ID	ADA	HAY	11,103
27	025	MN	CHISAGO	SOD	(D)
34	029	NJ	OCEAN	HAY	(D)
20	177	KS	SHAWNEE	HAY	2,977
24	021	MD	FREDERICK	HAY	26,631
05	057	AR	HEMPSTEAD	HAY	300
39	167	OH	WASHINGTON	HAY	(D)
06	099	CA	STANISLAUS	HAY	18,286
30	041	MT	HILL	HAY	3,237
05	073	AR	LAFAYETTE	HAY	13,986
08	023	CO	COSTILLA	HAY	5,980
31	069	NE	GARDEN	HAY	35,384
22	045	LA	IBERIA	HAY	88
55	069	WI	LINCOLN	HAY	14,428
48	219	TX	HOCKLEY	SOD	(D)
33	007	NH	COOS	HAY	4,357
12	021	FL	COLLIER	HAY	1,350
31	005	NE	ARTHUR	HAY	990
31	069	NE	GARDEN	HAY	8,932
04	023	AZ	SANTA CRUZ	HAY	(D)
30	107	MT	WHEATLAND	HAY	6,518
54	031	WV	HARDY	HAY	15,360
29	011	MO	BARTON	HAY	(D)
55	001	WI	ADAMS	HAY	6,031
48	369	TX	PARMER	HAY	34,606
05	069	AR	JEFFERSON	HAY	(D)
27	151	MN	SWIFT	HAY	189
24	015	MD	CECIL	HAY	(D)
06	025	CA	IMPERIAL	GRASSES & LEGUMES TOTALS	35,949
16	055	ID	KOOTENAI	HAY	14,510
53	033	WA	KING	HAY	3,558
39	069	OH	HENRY	HAY	2,323
42	039	PA	CRAWFORD	GRASSES & LEGUMES TOTALS	(D)
46	081	SD	LAWRENCE	HAY	21,293
56	009	WY	CONVERSE	HAY	10,871
17	029	IL	COLES	HAY	(D)
49	015	UT	EMERY	HAY	18,628
27	137	MN	ST. LOUIS	HAY	37,018
54	091	WV	TAYLOR	HAY	406
05	033	AR	CRAWFORD	HAY	160
08	115	CO	SEDGWICK	HAY	(D)
55	053	WI	JACKSON	HAY	(D)
51	135	VA	NOTTOWAY	HAY	8,722
06	033	CA	LAKE	HAY	40
21	053	KY	CLINTON	HAY	(D)
41	005	OR	CLACKAMAS	HAY	1,231
40	087	OK	MCCLAIN	HAY	10,835
16	059	ID	LEMHI	HAY	20,336
19	145	IA	PAGE	HAY	4,596
21	229	KY	WASHINGTON	HAY	(D)
37	045	NC	CLEVELAND	HAY	33
21	027	KY	BRECKINRIDGE	HAY	27,271
31	157	NE	SCOTTS BLUFF	HAY	30,262
40	003	OK	ALFALFA	HAY	832
41	051	OR	MULTNOMAH	HAY	149
16	009	ID	BENEWAH	HAY	1,138
18	083	IN	KNOX	HAY	9
17	171	IL	SCOTT	HAY	674
29	075	MO	GENTRY	HAY	(D)
12	071	FL	LEE	HAY	(D)
45	009	SC	BAMBERG	HAY	(D)
48	507	TX	ZAVALA	HAY	6,147
30	093	MT	SILVER BOW	HAY	1,884
49	005	UT	CACHE	HAY	44,045
16	029	ID	CARIBOU	HAY	26,786
42	081	PA	LYCOMING	HAY	12,452
31	137	NE	PHELPS	HAY	2,778
27	127	MN	REDWOOD	HAY	(D)
27	141	MN	SHERBURNE	HAY	152
31	063	NE	FRONTIER	HAY	9,836
12	113	FL	SANTA ROSA	HAY	(D)
36	115	NY	WASHINGTON	HAY	(D)
01	085	AL	LOWNDES	SOD	1,675
24	021	MD	FREDERICK	HAY	4,153
24	047	MD	WORCESTER	HAY	102
18	019	IN	CLARK	HAY	(D)
13	023	GA	BLECKLEY	HAY	(D)
28	033	MS	DE SOTO	SOD	(D)
08	015	CO	CHAFFEE	HAY	(D)
19	045	IA	CLINTON	HAY	2,139
41	021	OR	GILLIAM	HAY	1,346
13	059	GA	CLARKE	HAY	483
13	119	GA	FRANKLIN	HAY	9,770
39	041	OH	DELAWARE	HAY	(D)
42	075	PA	LEBANON	HAY	117
47	157	TN	SHELBY	SOD	(D)
39	085	OH	LAKE	HAY	(D)
27	045	MN	FILLMORE	HAY	26,845
49	025	UT	KANE	HAY	1,679
06	047	CA	MERCED	HAY	28,661
06	111	CA	VENTURA	HAY	(D)
26	055	MI	GRAND TRAVERSE	HAY	6,454
08	023	CO	COSTILLA	HAY	10,926
19	017	IA	BREMER	HAY	3,095
42	107	PA	SCHUYLKILL	HAY	4
20	191	KS	SUMNER	HAY	252
55	105	WI	ROCK	HAY	9,019
16	015	ID	BOISE	HAY	687
56	031	WY	PLATTE	HAY	9,666
05	021	AR	CLAY	HAY	3,981
01	105	AL	PERRY	HAY	10,729
35	053	NM	SOCORRO	HAY	1,386
19	183	IA	WASHINGTON	HAY	5,690
42	125	PA	WASHINGTON	HAY	655
45	077	SC	PICKENS	HAY	6,791
08	033	CO	DOLORES	HAY	4,279
17	021	IL	CHRISTIAN	HAY	961
37	087	NC	HAYWOOD	HAY	168
45	033	SC	DILLON	HAY	2,833
56	023	WY	LINCOLN	HAY	26,763
06	115	CA	YUBA	HAY	(D)
20	029	KS	CLOUD	HAY	5,456
31	073	NE	GOSPER	HAY	3,230
48	139	TX	ELLIS	HAY	46,337
48	043	TX	BREWSTER	HAY	(D)
20	153	KS	RAWLINS	HAY	4,697
20	001	KS	ALLEN	HAY	23,163
29	161	MO	PHELPS	HAY	(D)
36	013	NY	CHAUTAUQUA	HAY	4,130
48	411	TX	SAN SABA	HAY	11,585
48	139	TX	ELLIS	SOD	(D)
48	397	TX	ROCKWALL	HAY	(D)
54	031	WV	HARDY	HAY	802
09	003	CT	HARTFORD	HAY	4,760
13	047	GA	CATOOSA	HAY	3,464
37	019	NC	BRUNSWICK	SOD	2,973
47	121	TN	MEIGS	HAY	6,724
04	019	AZ	PIMA	HAY	5,416
41	037	OR	LAKE	HAY	123,817
46	005	SD	BEADLE	HAY	75
17	061	IL	GREENE	HAY	1,070
06	031	CA	KINGS	HAY	14,456
51	155	VA	PULASKI	HAY	2,061
47	147	TN	ROBERTSON	HAY	18,975
21	029	KY	BULLITT	HAY	4,946
21	227	KY	WARREN	HAY	4
50	009	VT	ESSEX	HAY	719
30	085	MT	ROOSEVELT	HAY	15,627
40	077	OK	LATIMER	HAY	139
29	153	MO	OZARK	GRASSES & LEGUMES TOTALS	(D)
37	153	NC	RICHMOND	HAY	(D)
40	117	OK	PAWNEE	HAY	1,169
16	011	ID	BINGHAM	GRASSES & LEGUMES TOTALS	(D)
48	115	TX	DAWSON	HAY	11,688
28	067	MS	JONES	HAY	(D)
13	169	GA	JONES	HAY	3,256
19	039	IA	CLARKE	HAY	7,394
28	163	MS	YAZOO	HAY	8,029
56	041	WY	UINTA	HAY	(D)
13	037	GA	CALHOUN	HAY	162
30	085	MT	ROOSEVELT	HAY	3,636
42	037	PA	COLUMBIA	HAY	3,188
01	005	AL	BARBOUR	HAY	623
31	165	NE	SIOUX	HAY	19,437
22	097	LA	SAINT LANDRY	HAY	14,132
48	449	TX	TITUS	HAY	19,068
31	071	NE	GARFIELD	HAY	33,102
37	113	NC	MACON	HAY	2,808
41	065	OR	WASCO	HAY	7,478
49	033	UT	RICH	HAY	(D)
25	007	MA	DUKES	HAY	(D)
36	075	NY	OSWEGO	HAY	2,318
08	051	CO	GUNNISON	HAY	34,335
13	129	GA	GORDON	HAY	14,897
56	015	WY	GOSHEN	HAY	13,708
17	119	IL	MADISON	HAY	(D)
46	125	SD	TURNER	SOD	(D)
13	225	GA	PEACH	SOD	(D)
54	017	WV	DODDRIDGE	HAY	(D)
37	107	NC	LENOIR	HAY	618
26	145	MI	SAGINAW	HAY	3,562
40	107	OK	OKFUSKEE	HAY	466
36	007	NY	BROOME	HAY	(D)
12	081	FL	MANATEE	HAY	6,144
47	187	TN	WILLIAMSON	HAY	421
04	027	AZ	YUMA	HAY	52,089
05	019	AR	CLARK	HAY	12,981
26	147	MI	ST CLAIR	HAY	4,119
20	075	KS	HAMILTON	HAY	6,212
29	037	MO	CASS	HAY	2,863
13	087	GA	DECATUR	HAY	2,373
47	069	TN	HARDEMAN	HAY	(D)
55	109	WI	ST CROIX	HAY	323
20	003	KS	ANDERSON	HAY	23,352
45	059	SC	LAURENS	HAY	24
24	031	MD	MONTGOMERY	HAY	6,739
12	083	FL	MARION	HAY	1,535
27	011	MN	BIG STONE	GRASSES & LEGUMES TOTALS	(D)
49	055	UT	WAYNE	HAY	(D)
01	021	AL	CHILTON	SOD	(D)
13	277	GA	TIFT	HAY	(D)
39	085	OH	LAKE	HAY	1,277
13	145	GA	HARRIS	HAY	3,248
47	073	TN	HAWKINS	HAY	139
37	101	NC	JOHNSTON	HAY	8,557
38	043	ND	KIDDER	GRASSES & LEGUMES TOTALS	(D)
37	059	NC	DAVIE	HAY	8,881
18	165	IN	VERMILLION	HAY	657
06	113	CA	YOLO	SOD	285
26	153	MI	SCHOOLCRAFT	HAY	415
01	057	AL	FAYETTE	HAY	5,485
40	013	OK	BRYAN	HAY	1,362
20	041	KS	DICKINSON	HAY	378
26	021	MI	BERRIEN	HAY	98
51	036	VA	CHARLES CITY	HAY	31
19	027	IA	CARROLL	HAY	1,363
01	065	AL	HALE	HAY	14,334
49	043	UT	SUMMIT	HAY	5,603
41	045	OR	MALHEUR	HAY	72,868
29	195	MO	SALINE	HAY	(D)
29	131	MO	MILLER	HAY	(D)
48	179	TX	GRAY	HAY	(D)
01	039	AL	COVINGTON	HAY	11,353
01	101	AL	MONTGOMERY	HAY	(D)
28	081	MS	LEE	HAY	8,411
24	027	MD	HOWARD	HAY	12
42	017	PA	BUCKS	HAY	78
55	079	WI	MILWAUKEE	HAY	70
42	113	PA	SULLIVAN	HAY	853
20	105	KS	LINCOLN	HAY	(D)
21	171	KY	MONROE	HAY	25,392
05	095	AR	MONROE	HAY	(D)
13	067	GA	COBB	HAY	(D)
21	117	KY	KENTON	HAY	7,177
48	015	TX	AUSTIN	HAY	414
35	029	NM	LUNA	HAY	(D)
13	121	GA	FULTON	HAY	815
30	069	MT	PETROLEUM	HAY	24,575
48	123	TX	DE WITT	HAY	18,698
19	191	IA	WINNESHIEK	HAY	24,055
41	003	OR	BENTON	HAY	5,755
48	051	TX	BURLESON	HAY	(D)
21	075	KY	FULTON	HAY	192
21	069	KY	FLEMING	HAY	26,410
21	005	KY	ANDERSON	HAY	(D)
47	125	TN	MONTGOMERY	HAY	19,089
13	031	GA	BULLOCH	SOD	(D)
16	051	ID	JEFFERSON	HAY	5,511
48	283	TX	LA SALLE	HAY	740
36	039	NY	GREENE	HAY	889
27	061	MN	ITASCA	HAY	180
37	109	NC	LINCOLN	HAY	112
21	053	KY	CLINTON	HAY	(D)
20	199	KS	WALLACE	HAY	5,189
05	053	AR	GRANT	HAY	12,958
26	087	MI	LAPEER	SOD	751
37	193	NC	WILKES	HAY	661
51	017	VA	BATH	HAY	893
16	015	ID	BOISE	HAY	626
13	291	GA	UNION	HAY	6,192
27	047	MN	FREEBORN	HAY	1,139
49	047	UT	UINTAH	HAY	4,448
39	001	OH	ADAMS	HAY	24,482
31	097	NE	JOHNSON	HAY	(D)
51	077	VA	GRAYSON	HAY	15,255
18	145	IN	SHELBY	HAY	1,195
48	097	TX	COOKE	HAY	1,089
26	155	MI	SHIAWASSEE	HAY	2,515
20	065	KS	GRAHAM	HAY	836
37	005	NC	ALLEGHANY	HAY	238
35	025	NM	LEA	HAY	(D)
08	045	CO	GARFIELD	HAY	29,542
37	003	NC	ALEXANDER	HAY	8,426
51	165	VA	ROCKINGHAM	GRASSES & LEGUMES TOTALS	(D)
48	133	TX	EASTLAND	HAY	2,415
48	035	TX	BOSQUE	HAY	(D)
46	073	SD	JERAULD	HAY	10,025
48	073	TX	CHEROKEE	HAY	(D)
27	041	MN	DOUGLAS	HAY	11,628
47	181	TN	WAYNE	HAY	132
48	193	TX	HAMILTON	HAY	(D)
19	177	IA	VAN BUREN	HAY	5,561
12	041	FL	GILCHRIST	HAY	158
06	063	CA	PLUMAS	HAY	(D)
06	099	CA	STANISLAUS	HAY	35,689
48	303	TX	LUBBOCK	HAY	7,923
21	165	KY	MENIFEE	HAY	(D)
39	161	OH	VAN WERT	HAY	(D)
06	013	CA	CONTRA COSTA	HAY	865
41	053	OR	POLK	HAY	1,340
26	143	MI	ROSCOMMON	HAY	552
19	085	IA	HARRISON	HAY	3,335
49	027	UT	MILLARD	HAY	55,493
51	161	VA	ROANOKE	HAY	4,638
46	049	SD	FAULK	HAY	(D)
20	003	KS	ANDERSON	HAY	(D)
13	293	GA	UPSON	HAY	4,148
42	033	PA	CLEARFIELD	HAY	(D)
45	063	SC	LEXINGTON	HAY	8,252
55	027	WI	DODGE	HAY	24
26	159	MI	VAN BUREN	HAY	309
21	199	KY	PULASKI	HAY	35,680
04	019	AZ	PIMA	HAY	1,512
48	177	TX	GONZALES	HAY	284
26	151	MI	SANILAC	HAY	15,436
46	105	SD	PERKINS	HAY	132,097
13	311	GA	WHITE	HAY	3,351
42	117	PA	TIOGA	HAY	11,680
20	165	KS	RUSH	HAY	4,731
35	051	NM	SIERRA	HAY	507
38	007	ND	BILLINGS	HAY	46,571
48	219	TX	HOCKLEY	HAY	5,340
51	173	VA	SMYTH	HAY	11,996
48	263	TX	KENT	HAY	(D)
39	143	OH	SANDUSKY	HAY	(D)
31	057	NE	DUNDY	HAY	12,631
49	029	UT	MORGAN	HAY	6,263
35	013	NM	DONA ANA	GRASSES & LEGUMES TOTALS	30
49	027	UT	MILLARD	HAY	10,295
12	005	FL	BAY	HAY	2,415
47	059	TN	GREENE	HAY	18
48	413	TX	SCHLEICHER	HAY	1,618
46	065	SD	HUGHES	HAY	7,993
31	015	NE	BOYD	GRASSES & LEGUMES TOTALS	(D)
40	125	OK	POTTAWATOMIE	HAY	37,719
01	121	AL	TALLADEGA	HAY	9,585
01	051	AL	ELMORE	HAY	(D)
08	019	CO	CLEAR CREEK	HAY	(D)
50	003	VT	BENNINGTON	HAY	1,270
18	045	IN	FOUNTAIN	HAY	(D)
48	233	TX	HUTCHINSON	HAY	(D)
29	043	MO	CHRISTIAN	HAY	39,534
54	075	WV	POCAHONTAS	HAY	(D)
16	043	ID	FREMONT	HAY	11,761
26	105	MI	MASON	HAY	6,556
18	111	IN	NEWTON	HAY	716
05	133	AR	SEVIER	HAY	73
31	055	NE	DOUGLAS	HAY	(D)
09	015	CT	WINDHAM	HAY	6,515
39	019	OH	CARROLL	HAY	11,853
17	095	IL	KNOX	HAY	6,212
21	239	KY	WOODFORD	HAY	2,313
01	087	AL	MACON	SOD	(D)
28	123	MS	SCOTT	HAY	191
39	051	OH	FULTON	HAY	276
26	015	MI	BARRY	HAY	6
21	003	KY	ALLEN	HAY	(D)
12	081	FL	MANATEE	SOD	1,616
51	197	VA	WYTHE	HAY	3,009
55	013	WI	BURNETT	HAY	2,597
29	175	MO	RANDOLPH	HAY	(D)
29	059	MO	DALLAS	HAY	397
17	071	IL	HENDERSON	HAY	(D)
17	123	IL	MARSHALL	HAY	2,200
35	059	NM	UNION	HAY	5,050
37	159	NC	ROWAN	GRASSES & LEGUMES TOTALS	318
21	067	KY	FAYETTE	HAY	13,594
18	115	IN	OHIO	HAY	165
06	029	CA	KERN	HAY	45,999
51	191	VA	WASHINGTON	HAY	2,328
13	079	GA	CRAWFORD	HAY	(D)
48	491	TX	WILLIAMSON	HAY	1,568
08	113	CO	SAN MIGUEL	HAY	3,807
48	121	TX	DENTON	SOD	(D)
08	061	CO	KIOWA	HAY	1,178
30	083	MT	RICHLAND	HAY	6,912
18	031	IN	DECATUR	HAY	1,211
08	061	CO	KIOWA	HAY	5,159
37	097	NC	IREDELL	HAY	17,222
21	023	KY	BRACKEN	SOD	(D)
40	081	OK	LINCOLN	HAY	(D)
27	169	MN	WINONA	HAY	(D)
38	053	ND	MCKENZIE	HAY	1,806
53	033	WA	KING	HAY	137
46	077	SD	KINGSBURY	HAY	(D)
30	077	MT	POWELL	HAY	48,805
48	183	TX	GREGG	HAY	(D)
37	103	NC	JONES	HAY	452
27	049	MN	GOODHUE	HAY	254
30	065	MT	MUSSELSHELL	HAY	38,660
48	207	TX	HASKELL	HAY	891
27	111	MN	OTTER TAIL	HAY	62,598
38	015	ND	BURLEIGH	HAY	(D)
49	025	UT	KANE	HAY	323
30	103	MT	TREASURE	HAY	4,388
28	007	MS	ATTALA	HAY	7,962
39	067	OH	HARRISON	HAY	(D)
29	177	MO	RAY	HAY	157
39	035	OH	CUYAHOGA	HAY	87
23	031	ME	YORK	HAY	5,715
54	003	WV	BERKELEY	HAY	13,960
40	123	OK	PONTOTOC	HAY	547
16	031	ID	CASSIA	HAY	58,735
37	121	NC	MITCHELL	HAY	(D)
54	095	WV	TYLER	HAY	30
39	153	OH	SUMMIT	HAY	596
47	073	TN	HAWKINS	HAY	139
38	003	ND	BARNES	HAY	8,813
16	021	ID	BOUNDARY	GRASSES & LEGUMES TOTALS	1,028
27	055	MN	HOUSTON	HAY	(D)
01	047	AL	DALLAS	SOD	(D)
31	183	NE	WHEELER	HAY	5,869
36	117	NY	WAYNE	HAY	5,374
36	065	NY	ONEIDA	HAY	(D)
48	289	TX	LEON	HAY	30,968
29	005	MO	ATCHISON	HAY	453
01	027	AL	CLAY	HAY	(D)
27	015	MN	BROWN	HAY	40
46	089	SD	MCPHERSON	HAY	25,953
13	031	GA	BULLOCH	HAY	(D)
48	143	TX	ERATH	HAY	8,452
22	005	LA	ASCENSION	HAY	2,194
51	085	VA	HANOVER	SOD	(D)
21	219	KY	TODD	HAY	30
39	005	OH	ASHLAND	HAY	4,521
20	119	KS	MEADE	HAY	2,890
48	149	TX	FAYETTE	HAY	1,020
20	151	KS	PRATT	HAY	14,589
08	065	CO	LAKE	HAY	(D)
42	061	PA	HUNTINGDON	HAY	12,308
39	027	OH	CLINTON	HAY	(D)
32	510	NV	CARSON CITY	HAY	(D)
21	125	KY	LAUREL	HAY	18,280
22	061	LA	LINCOLN	HAY	8,772
29	141	MO	MORGAN	HAY	2,407
49	047	UT	UINTAH	GRASSES & LEGUMES TOTALS	60
30	041	MT	HILL	HAY	22,551
18	085	IN	KOSCIUSKO	HAY	8,603
18	139	IN	RUSH	HAY	1,626
27	081	MN	LINCOLN	HAY	4,266
39	119	OH	MUSKINGUM	HAY	10,121
41	043	OR	LINN	SOD	(D)
48	279	TX	LAMB	HAY	(D)
27	007	MN	BELTRAMI	HAY	(D)
29	111	MO	LEWIS	HAY	2,227
31	061	NE	FRANKLIN	HAY	2,256
04	011	AZ	GREENLEE	HAY	2,985
48	347	TX	NACOGDOCHES	HAY	249
56	031	WY	PLATTE	HAY	14,439
41	005	OR	CLACKAMAS	HAY	1,611
37	011	NC	AVERY	HAY	1,023
41	067	OR	WASHINGTON	GRASSES & LEGUMES TOTALS	3,301
47	089	TN	JEFFERSON	HAY	289
54	041	WV	LEWIS	HAY	68
27	011	MN	BIG STONE	HAY	5,547
27	057	MN	HUBBARD	HAY	614
12	047	FL	HAMILTON	HAY	66
39	143	OH	SANDUSKY	HAY	3,094
46	057	SD	HAMLIN	HAY	4,606
26	165	MI	WEXFORD	HAY	1,491
12	065	FL	JEFFERSON	HAY	6,423
51	069	VA	FREDERICK	HAY	12,897
13	315	GA	WILCOX	HAY	1,270
13	055	GA	CHATTOOGA	HAY	152
35	047	NM	SAN MIGUEL	HAY	2,730
48	419	TX	SHELBY	HAY	15,438
31	155	NE	SAUNDERS	HAY	6,005
18	147	IN	SPENCER	HAY	427
53	077	WA	YAKIMA	HAY	5,661
36	037	NY	GENESEE	SOD	(D)
26	001	MI	ALCONA	HAY	2,685
06	079	CA	SAN LUIS OBISPO	HAY	15,299
19	113	IA	LINN	HAY	(D)
40	045	OK	ELLIS	HAY	4,884
39	083	OH	KNOX	HAY	8,721
40	093	OK	MAJOR	HAY	38,114
08	045	CO	GARFIELD	HAY	26,490
47	079	TN	HENRY	HAY	(D)
38	039	ND	GRIGGS	HAY	11,457
13	305	GA	WAYNE	HAY	(D)
49	037	UT	SAN JUAN	HAY	1,552
48	203	TX	HARRISON	HAY	186
51	111	VA	LUNENBURG	HAY	232
12	093	FL	OKEECHOBEE	HAY	18,191
48	045	TX	BRISCOE	HAY	(D)
39	037	OH	DARKE	HAY	(D)
17	195	IL	WHITESIDE	GRASSES & LEGUMES TOTALS	(D)
06	103	CA	TEHAMA	HAY	2,989
53	047	WA	OKANOGAN	HAY	18,245
48	183	TX	GREGG	HAY	2,346
53	073	WA	WHATCOM	HAY	2,887
20	105	KS	LINCOLN	HAY	4,779
39	057	OH	GREENE	HAY	(D)
31	045	NE	DAWES	HAY	3,101
30	037	MT	GOLDEN VALLEY	HAY	17,083
44	003	RI	KENT	HAY	(D)
48	023	TX	BAYLOR	HAY	6,918
48	339	TX	MONTGOMERY	HAY	529
53	031	WA	JEFFERSON	HAY	104
01	077	AL	LAUDERDALE	HAY	27
21	021	KY	BOYLE	HAY	15,320
20	051	KS	ELLIS	HAY	14,105
37	025	NC	CABARRUS	HAY	10,788
08	063	CO	KIT CARSON	HAY	4,774
13	093	GA	DOOLY	HAY	2,319
13	119	GA	FRANKLIN	SOD	(D)
20	173	KS	SEDGWICK	HAY	132
48	447	TX	THROCKMORTON	HAY	(D)
33	015	NH	ROCKINGHAM	HAY	(D)
30	031	MT	GALLATIN	HAY	36,882
55	023	WI	CRAWFORD	HAY	1,851
42	111	PA	SOMERSET	HAY	(D)
38	025	ND	DUNN	HAY	117,788
37	097	NC	IREDELL	SOD	69
05	109	AR	PIKE	HAY	15,969
27	131	MN	RICE	HAY	(D)
17	013	IL	CALHOUN	HAY	2,727
16	077	ID	POWER	HAY	(D)
06	071	CA	SAN BERNARDINO	GRASSES & LEGUMES TOTALS	(D)
47	187	TN	WILLIAMSON	HAY	29,557
13	057	GA	CHEROKEE	HAY	(D)
17	121	IL	MARION	HAY	(D)
29	125	MO	MARIES	HAY	190
48	507	TX	ZAVALA	HAY	390
21	047	KY	CHRISTIAN	HAY	(D)
46	009	SD	BON HOMME	HAY	901
55	061	WI	KEWAUNEE	HAY	12,619
21	161	KY	MASON	HAY	(D)
36	043	NY	HERKIMER	HAY	9,606
32	015	NV	LANDER	HAY	34,167
55	019	WI	CLARK	HAY	401
30	025	MT	FALLON	HAY	(D)
49	035	UT	SALT LAKE	HAY	612
13	103	GA	EFFINGHAM	GRASSES & LEGUMES TOTALS	(D)
31	093	NE	HOWARD	HAY	913
53	003	WA	ASOTIN	HAY	4,583
36	033	NY	FRANKLIN	HAY	23,190
13	281	GA	TOWNS	HAY	1,444
19	023	IA	BUTLER	HAY	(D)
48	121	TX	DENTON	HAY	35,558
28	135	MS	TALLAHATCHIE	HAY	4,797
48	001	TX	ANDERSON	HAY	1,071
47	009	TN	BLOUNT	HAY	91
30	045	MT	JUDITH BASIN	HAY	10,525
05	039	AR	DALLAS	HAY	2,171
06	047	CA	MERCED	HAY	34,036
39	147	OH	SENECA	HAY	2,343
30	083	MT	RICHLAND	HAY	6,730
48	487	TX	WILBARGER	HAY	(D)
06	039	CA	MADERA	HAY	13,533
42	043	PA	DAUPHIN	HAY	13,170
17	201	IL	WINNEBAGO	HAY	(D)
53	009	WA	CLALLAM	HAY	2,580
12	085	FL	MARTIN	HAY	(D)
56	043	WY	WASHAKIE	HAY	(D)
48	463	TX	UVALDE	HAY	2,595
05	065	AR	IZARD	HAY	23,595
25	017	MA	MIDDLESEX	HAY	607
25	023	MA	PLYMOUTH	HAY	(D)
48	407	TX	SAN JACINTO	HAY	226
44	003	RI	KENT	HAY	(D)
51	063	VA	FLOYD	HAY	1,927
24	021	MD	FREDERICK	HAY	(D)
39	007	OH	ASHTABULA	HAY	9,628
16	083	ID	TWIN FALLS	HAY	59,958
33	015	NH	ROCKINGHAM	HAY	(D)
27	169	MN	WINONA	SOD	(D)
28	085	MS	LINCOLN	HAY	8,386
22	023	LA	CAMERON	HAY	2,271
16	009	ID	BENEWAH	GRASSES & LEGUMES TOTALS	6,900
26	137	MI	OTSEGO	HAY	5
27	125	MN	RED LAKE	HAY	5,777
48	229	TX	HUDSPETH	HAY	9,733
48	193	TX	HAMILTON	HAY	856
55	047	WI	GREEN LAKE	HAY	4,209
39	175	OH	WYANDOT	HAY	631
54	071	WV	PENDLETON	HAY	37
47	167	TN	TIPTON	SOD	135
35	049	NM	SANTA FE	HAY	2,711
13	167	GA	JOHNSON	HAY	(D)
47	151	TN	SCOTT	HAY	81
19	187	IA	WEBSTER	HAY	2,707
26	151	MI	SANILAC	HAY	17,854
47	105	TN	LOUDON	HAY	44
17	189	IL	WASHINGTON	HAY	5,421
48	383	TX	REAGAN	HAY	324
48	075	TX	CHILDRESS	HAY	3,759
48	387	TX	RED RIVER	HAY	47,911
40	151	OK	WOODS	SOD	(D)
40	059	OK	HARPER	GRASSES & LEGUMES TOTALS	(D)
48	439	TX	TARRANT	HAY	5,540
31	165	NE	SIOUX	HAY	31,398
04	021	AZ	PINAL	SOD	(D)
54	041	WV	LEWIS	HAY	505
19	013	IA	BLACK HAWK	HAY	(D)
38	097	ND	TRAILL	HAY	4,692
42	055	PA	FRANKLIN	HAY	(D)
29	125	MO	MARIES	HAY	1,393
21	183	KY	OHIO	HAY	545
55	099	WI	PRICE	HAY	14,062
21	213	KY	SIMPSON	HAY	6,407
31	087	NE	HITCHCOCK	HAY	2,149
12	127	FL	VOLUSIA	HAY	4,649
30	049	MT	LEWIS AND CLARK	HAY	41,074
19	177	IA	VAN BUREN	HAY	(D)
46	075	SD	JONES	HAY	56,116
47	135	TN	PERRY	HAY	3,717
48	085	TX	COLLIN	HAY	27,347
05	051	AR	GARLAND	HAY	5,298
23	007	ME	FRANKLIN	HAY	4
48	085	TX	COLLIN	HAY	283
35	013	NM	DONA ANA	GRASSES & LEGUMES TOTALS	30
46	053	SD	GREGORY	HAY	(D)
51	015	VA	AUGUSTA	HAY	35,259
17	025	IL	CLAY	GRASSES & LEGUMES TOTALS	(D)
20	151	KS	PRATT	HAY	2,105
27	039	MN	DODGE	HAY	67
46	019	SD	BUTTE	HAY	21,917
34	035	NJ	SOMERSET	HAY	7,517
16	033	ID	CLARK	HAY	38,627
05	061	AR	HOWARD	HAY	120
53	049	WA	PACIFIC	HAY	111
45	027	SC	CLARENDON	HAY	5,673
27	029	MN	CLEARWATER	HAY	(D)
30	079	MT	PRAIRIE	HAY	25,327
22	053	LA	JEFFERSON DAVIS	HAY	838
17	191	IL	WAYNE	HAY	(D)
40	153	OK	WOODWARD	HAY	21,984
40	043	OK	DEWEY	HAY	20,150
21	163	KY	MEADE	HAY	(D)
53	013	WA	COLUMBIA	HAY	4,329
18	039	IN	ELKHART	HAY	897
04	003	AZ	COCHISE	HAY	11,107
32	019	NV	LYON	HAY	4,416
39	081	OH	JEFFERSON	HAY	6,740
46	033	SD	CUSTER	HAY	328
08	089	CO	OTERO	HAY	26,189
48	429	TX	STEPHENS	HAY	(D)
48	485	TX	WICHITA	HAY	2,810
48	035	TX	BOSQUE	HAY	181
13	217	GA	NEWTON	HAY	3,951
48	117	TX	DEAF SMITH	HAY	(D)
19	049	IA	DALLAS	HAY	8
04	001	AZ	APACHE	GRASSES & LEGUMES TOTALS	92
05	031	AR	CRAIGHEAD	HAY	516
27	165	MN	WATONWAN	HAY	995
40	079	OK	LEFLORE	HAY	699
53	013	WA	COLUMBIA	HAY	2,014
19	127	IA	MARSHALL	HAY	1,574
39	067	OH	HARRISON	HAY	(D)
48	255	TX	KARNES	HAY	(D)
29	087	MO	HOLT	HAY	1,442
54	023	WV	GRANT	HAY	12,992
48	185	TX	GRIMES	HAY	5,346
51	003	VA	ALBEMARLE	HAY	(D)
47	161	TN	STEWART	HAY	46
08	055	CO	HUERFANO	HAY	2,509
28	157	MS	WILKINSON	HAY	1,905
31	041	NE	CUSTER	HAY	51,580
29	151	MO	OSAGE	HAY	44,181
46	079	SD	LAKE	HAY	6,116
37	107	NC	LENOIR	HAY	2,522
39	013	OH	BELMONT	HAY	8,400
29	023	MO	BUTLER	HAY	(D)
05	109	AR	PIKE	HAY	20
41	023	OR	GRANT	HAY	28,264
27	147	MN	STEELE	HAY	38
48	505	TX	ZAPATA	HAY	347
22	031	LA	DE SOTO	HAY	27,469
46	109	SD	ROBERTS	HAY	21,583
06	067	CA	SACRAMENTO	HAY	5,452
40	101	OK	MUSKOGEE	HAY	89,563
40	113	OK	OSAGE	HAY	(D)
37	043	NC	CLAY	HAY	(D)
40	073	OK	KINGFISHER	HAY	2,023
53	039	WA	KLICKITAT	HAY	25,391
40	051	OK	GRADY	HAY	7,445
12	071	FL	LEE	HAY	2,831
51	179	VA	STAFFORD	HAY	1,745
08	115	CO	SEDGWICK	HAY	(D)
13	235	GA	PULASKI	HAY	2,542
51	101	VA	KING WILLIAM	SOD	(D)
45	005	SC	ALLENDALE	HAY	(D)
48	137	TX	EDWARDS	HAY	(D)
25	023	MA	PLYMOUTH	HAY	1,710
54	035	WV	JACKSON	HAY	55
27	021	MN	CASS	HAY	31,831
05	095	AR	MONROE	HAY	297
13	005	GA	BACON	HAY	6,857
48	049	TX	BROWN	HAY	(D)
48	027	TX	BELL	HAY	851
17	193	IL	WHITE	HAY	(D)
01	117	AL	SHELBY	HAY	211
35	013	NM	DONA ANA	HAY	11,474
08	089	CO	OTERO	HAY	3,180
39	057	OH	GREENE	HAY	1,873
29	005	MO	ATCHISON	HAY	3,916
19	145	IA	PAGE	HAY	6,998
48	485	TX	WICHITA	HAY	11,299
20	171	KS	SCOTT	HAY	(D)
04	025	AZ	YAVAPAI	HAY	1,447
53	009	WA	CLALLAM	HAY	607
34	019	NJ	HUNTERDON	HAY	22,316
01	023	AL	CHOCTAW	HAY	(D)
56	041	WY	UINTA	HAY	40,542
01	079	AL	LAWRENCE	HAY	18,147
13	007	GA	BAKER	HAY	201
39	055	OH	GEAUGA	HAY	3,615
53	073	WA	WHATCOM	HAY	468
20	095	KS	KINGMAN	HAY	18,561
21	061	KY	EDMONSON	HAY	(D)
27	027	MN	CLAY	HAY	(D)
20	099	KS	LABETTE	HAY	(D)
16	073	ID	OWYHEE	HAY	15,197
40	035	OK	CRAIG	HAY	64,839
18	171	IN	WARREN	HAY	1,594
01	079	AL	LAWRENCE	SOD	(D)
19	123	IA	MAHASKA	HAY	7,349
23	025	ME	SOMERSET	HAY	(D)
06	057	CA	NEVADA	HAY	258
39	039	OH	DEFIANCE	HAY	1,753
48	263	TX	KENT	HAY	(D)
55	129	WI	WASHBURN	HAY	(D)
53	065	WA	STEVENS	HAY	781
39	167	OH	WASHINGTON	HAY	(D)
17	019	IL	CHAMPAIGN	HAY	3,388
40	091	OK	MCINTOSH	HAY	34,059
13	265	GA	TALIAFERRO	HAY	(D)
19	181	IA	WARREN	HAY	23,621
12	131	FL	WALTON	HAY	862
53	051	WA	PEND OREILLE	HAY	13,856
29	017	MO	BOLLINGER	HAY	23,706
42	031	PA	CLARION	HAY	(D)
24	001	MD	ALLEGANY	HAY	88
06	001	CA	ALAMEDA	HAY	1,572
50	011	VT	FRANKLIN	HAY	94
06	107	CA	TULARE	HAY	37,929
29	167	MO	POLK	HAY	60,829
32	015	NV	LANDER	HAY	5,337
26	135	MI	OSCODA	HAY	2,366
42	023	PA	CAMERON	HAY	106
19	155	IA	POTTAWATTAMIE	HAY	7,309
27	165	MN	WATONWAN	HAY	679
01	011	AL	BULLOCK	HAY	(D)
47	179	TN	WASHINGTON	HAY	608
22	091	LA	SAINT HELENA	HAY	5,438
26	155	MI	SHIAWASSEE	HAY	50
44	001	RI	BRISTOL	HAY	294
38	067	ND	PEMBINA	HAY	5,912
47	003	TN	BEDFORD	HAY	665
04	021	AZ	PINAL	HAY	77,426
46	115	SD	SPINK	HAY	(D)
47	155	TN	SEVIER	HAY	(D)
17	171	IL	SCOTT	HAY	1,376
42	027	PA	CENTRE	HAY	9,350
51	053	VA	DINWIDDIE	HAY	(D)
19	015	IA	BOONE	HAY	4,088
53	017	WA	DOUGLAS	HAY	4,197
12	123	FL	TAYLOR	HAY	162
20	085	KS	JACKSON	HAY	33,050
05	013	AR	CALHOUN	HAY	2,255
08	077	CO	MESA	HAY	5,995
30	089	MT	SANDERS	HAY	13,733
41	049	OR	MORROW	HAY	20,335
16	007	ID	BEAR LAKE	HAY	48,356
17	067	IL	HANCOCK	HAY	4,176
13	205	GA	MITCHELL	HAY	1,701
29	107	MO	LAFAYETTE	HAY	(D)
48	089	TX	COLORADO	HAY	18,452
26	019	MI	BENZIE	HAY	(D)
16	057	ID	LATAH	HAY	(D)
55	121	WI	TREMPEALEAU	HAY	23,289
08	087	CO	MORGAN	HAY	15,140
47	131	TN	OBION	HAY	(D)
34	025	NJ	MONMOUTH	GRASSES & LEGUMES TOTALS	(D)
38	093	ND	STUTSMAN	HAY	61,210
12	033	FL	ESCAMBIA	HAY	3,504
23	009	ME	HANCOCK	HAY	(D)
13	201	GA	MILLER	HAY	(D)
08	021	CO	CONEJOS	HAY	51,354
48	377	TX	PRESIDIO	HAY	101
16	013	ID	BLAINE	HAY	28,678
48	395	TX	ROBERTSON	HAY	42,957
48	231	TX	HUNT	SOD	4,200
48	295	TX	LIPSCOMB	HAY	1,941
13	035	GA	BUTTS	HAY	1,886
34	025	NJ	MONMOUTH	HAY	2,247
51	009	VA	AMHERST	HAY	9,888
21	199	KY	PULASKI	HAY	39,027
17	063	IL	GRUNDY	HAY	686
08	121	CO	WASHINGTON	HAY	5,895
48	155	TX	FOARD	HAY	2,099
48	099	TX	CORYELL	HAY	144
30	075	MT	POWDER RIVER	HAY	100,524
48	089	TX	COLORADO	HAY	1,124
38	025	ND	DUNN	HAY	(D)
47	117	TN	MARSHALL	HAY	26,698
18	097	IN	MARION	HAY	(D)
13	063	GA	CLAYTON	HAY	83
17	023	IL	CLARK	HAY	377
05	037	AR	CROSS	HAY	2,081
24	005	MD	BALTIMORE	GRASSES & LEGUMES TOTALS	(D)
45	081	SC	SALUDA	HAY	215
05	141	AR	VAN BUREN	HAY	20,760
12	063	FL	JACKSON	HAY	12,688
29	163	MO	PIKE	HAY	120
20	071	KS	GREELEY	HAY	(D)
37	111	NC	MCDOWELL	HAY	15
41	059	OR	UMATILLA	GRASSES & LEGUMES TOTALS	19,199
25	025	MA	SUFFOLK	HAY	18
36	065	NY	ONEIDA	HAY	26,366
20	075	KS	HAMILTON	HAY	685
26	039	MI	CRAWFORD	HAY	73
01	021	AL	CHILTON	HAY	209
30	047	MT	LAKE	SOD	(D)
21	033	KY	CALDWELL	HAY	10,562
36	119	NY	WESTCHESTER	HAY	284
48	025	TX	BEE	HAY	(D)
48	175	TX	GOLIAD	HAY	10,965
31	085	NE	HAYES	HAY	6,477
47	187	TN	WILLIAMSON	HAY	(D)
13	263	GA	TALBOT	HAY	883
36	075	NY	OSWEGO	HAY	(D)
05	081	AR	LITTLE RIVER	HAY	23,384
54	049	WV	MARION	HAY	6,025
42	081	PA	LYCOMING	HAY	5,228
12	101	FL	PASCO	HAY	358
37	119	NC	MECKLENBURG	HAY	(D)
30	037	MT	GOLDEN VALLEY	HAY	5,245
35	053	NM	SOCORRO	HAY	6,361
40	047	OK	GARFIELD	HAY	40,398
51	021	VA	BLAND	HAY	9,804
48	021	TX	BASTROP	SOD	1,586
06	053	CA	MONTEREY	HAY	547
53	035	WA	KITSAP	HAY	49
31	033	NE	CHEYENNE	HAY	5,024
28	161	MS	YALOBUSHA	HAY	6,588
24	031	MD	MONTGOMERY	HAY	332
09	009	CT	NEW HAVEN	HAY	4,340
39	075	OH	HOLMES	HAY	19,933
53	021	WA	FRANKLIN	HAY	56,696
42	041	PA	CUMBERLAND	HAY	21,773
20	203	KS	WICHITA	HAY	359
46	039	SD	DEUEL	HAY	(D)
38	017	ND	CASS	HAY	(D)
19	143	IA	OSCEOLA	HAY	(D)
29	171	MO	PUTNAM	HAY	37,563
24	011	MD	CAROLINE	HAY	75
40	107	OK	OKFUSKEE	HAY	26,706
38	053	ND	MCKENZIE	HAY	73,502
16	037	ID	CUSTER	HAY	3,534
48	009	TX	ARCHER	HAY	(D)
45	033	SC	DILLON	HAY	38
55	045	WI	GREEN	HAY	2,532
27	137	MN	ST. LOUIS	HAY	191
08	055	CO	HUERFANO	HAY	631
27	089	MN	MARSHALL	HAY	301
36	101	NY	STEUBEN	HAY	(D)
16	059	ID	LEMHI	HAY	(D)
09	005	CT	LITCHFIELD	HAY	(D)
42	097	PA	NORTHUMBERLAND	HAY	7,678
39	145	OH	SCIOTO	HAY	80
39	087	OH	LAWRENCE	HAY	447
45	051	SC	HORRY	GRASSES & LEGUMES TOTALS	426
40	087	OK	MCCLAIN	HAY	36,780
51	059	VA	FAIRFAX	HAY	206
42	085	PA	MERCER	HAY	24
30	003	MT	BIG HORN	HAY	17,443
18	169	IN	WABASH	HAY	(D)
47	157	TN	SHELBY	HAY	(D)
51	049	VA	CUMBERLAND	HAY	7,156
20	203	KS	WICHITA	HAY	(D)
36	121	NY	WYOMING	HAY	20,130
37	049	NC	CRAVEN	HAY	285
24	027	MD	HOWARD	HAY	2,338
09	005	CT	LITCHFIELD	HAY	120
36	051	NY	LIVINGSTON	GRASSES & LEGUMES TOTALS	336
13	113	GA	FAYETTE	HAY	78
38	031	ND	FOSTER	HAY	4,253
30	045	MT	JUDITH BASIN	HAY	51,049
16	085	ID	VALLEY	HAY	1,286
46	135	SD	YANKTON	SOD	(D)
31	107	NE	KNOX	HAY	748
36	099	NY	SENECA	GRASSES & LEGUMES TOTALS	105
37	109	NC	LINCOLN	SOD	(D)
17	055	IL	FRANKLIN	HAY	3,518
31	157	NE	SCOTTS BLUFF	HAY	28,689
29	077	MO	GREENE	GRASSES & LEGUMES TOTALS	15
39	141	OH	ROSS	HAY	9,139
32	031	NV	WASHOE	HAY	1,392
54	039	WV	KANAWHA	HAY	2,192
32	015	NV	LANDER	HAY	28,830
48	137	TX	EDWARDS	HAY	(D)
20	091	KS	JOHNSON	HAY	7,121
06	065	CA	RIVERSIDE	HAY	84,956
40	021	OK	CHEROKEE	HAY	810
26	107	MI	MECOSTA	HAY	2,534
20	069	KS	GRAY	HAY	14,665
22	075	LA	PLAQUEMINES	HAY	190
48	059	TX	CALLAHAN	HAY	(D)
51	127	VA	NEW KENT	HAY	56
30	013	MT	CASCADE	SOD	127
48	153	TX	FLOYD	HAY	2,615
42	121	PA	VENANGO	HAY	(D)
27	021	MN	CASS	HAY	8,529
01	117	AL	SHELBY	SOD	828
29	099	MO	JEFFERSON	HAY	8
17	203	IL	WOODFORD	GRASSES & LEGUMES TOTALS	(D)
47	053	TN	GIBSON	HAY	35
27	097	MN	MORRISON	HAY	320
26	089	MI	LEELANAU	HAY	(D)
31	183	NE	WHEELER	HAY	37,008
48	459	TX	UPSHUR	HAY	(D)
42	077	PA	LEHIGH	HAY	3,682
19	151	IA	POCAHONTAS	HAY	407
20	017	KS	CHASE	HAY	3,495
51	047	VA	CULPEPER	HAY	20,279
13	285	GA	TROUP	HAY	6,051
47	005	TN	BENTON	HAY	(D)
21	139	KY	LIVINGSTON	HAY	10,518
37	197	NC	YADKIN	HAY	373
27	103	MN	NICOLLET	HAY	847
08	087	CO	MORGAN	HAY	6,588
55	089	WI	OZAUKEE	HAY	4,944
32	005	NV	DOUGLAS	HAY	17,695
42	091	PA	MONTGOMERY	HAY	4,629
05	003	AR	ASHLEY	HAY	(D)
28	071	MS	LAFAYETTE	HAY	60
20	159	KS	RICE	HAY	(D)
46	055	SD	HAAKON	HAY	25,094
20	191	KS	SUMNER	HAY	(D)
40	033	OK	COTTON	HAY	19,890
12	099	FL	PALM BEACH	HAY	316
20	051	KS	ELLIS	HAY	3,081
41	017	OR	DESCHUTES	HAY	(D)
01	121	AL	TALLADEGA	HAY	673
30	067	MT	PARK	HAY	1,850
20	047	KS	EDWARDS	HAY	1,363
12	131	FL	WALTON	HAY	862
26	163	MI	WAYNE	HAY	413
48	423	TX	SMITH	HAY	(D)
45	083	SC	SPARTANBURG	HAY	14,068
29	217	MO	VERNON	GRASSES & LEGUMES TOTALS	367
08	005	CO	ARAPAHOE	HAY	2,008
21	007	KY	BALLARD	HAY	2,394
41	067	OR	WASHINGTON	HAY	296
12	097	FL	OSCEOLA	HAY	9,191
53	061	WA	SNOHOMISH	HAY	(D)
37	043	NC	CLAY	HAY	(D)
37	063	NC	DURHAM	HAY	(D)
55	057	WI	JUNEAU	HAY	14,064
23	029	ME	WASHINGTON	HAY	44
42	031	PA	CLARION	HAY	9,640
48	037	TX	BOWIE	HAY	304
41	029	OR	JACKSON	HAY	2,700
39	017	OH	BUTLER	HAY	9,713
46	033	SD	CUSTER	HAY	20,013
06	115	CA	YUBA	HAY	(D)
45	015	SC	BERKELEY	HAY	1,148
26	041	MI	DELTA	HAY	15,366
05	009	AR	BOONE	HAY	84
48	499	TX	WOOD	HAY	33,484
55	139	WI	WINNEBAGO	HAY	1,987
41	071	OR	YAMHILL	HAY	9,778
20	171	KS	SCOTT	HAY	(D)
18	153	IN	SULLIVAN	HAY	494
08	117	CO	SUMMIT	HAY	1,967
06	003	CA	ALPINE	HAY	(D)
13	037	GA	CALHOUN	HAY	2,947
38	061	ND	MOUNTRAIL	HAY	26,765
13	001	GA	APPLING	HAY	(D)
35	005	NM	CHAVES	HAY	7,636
22	003	LA	ALLEN	HAY	444
39	025	OH	CLERMONT	HAY	5,161
30	045	MT	JUDITH BASIN	HAY	960
39	079	OH	JACKSON	HAY	1,168
26	081	MI	KENT	HAY	436
13	267	GA	TATTNALL	HAY	768
36	073	NY	ORLEANS	HAY	9
12	089	FL	NASSAU	HAY	1,055
39	097	OH	MADISON	HAY	2,139
20	143	KS	OTTAWA	HAY	2,236
13	117	GA	FORSYTH	HAY	2,871
35	017	NM	GRANT	HAY	73
48	151	TX	FISHER	HAY	5,330
32	017	NV	LINCOLN	HAY	9,245
30	027	MT	FERGUS	GRASSES & LEGUMES TOTALS	(D)
49	017	UT	GARFIELD	HAY	(D)
46	135	SD	YANKTON	HAY	11,985
34	011	NJ	CUMBERLAND	HAY	63
48	359	TX	OLDHAM	HAY	758
54	097	WV	UPSHUR	HAY	7,301
28	111	MS	PERRY	HAY	2,559
08	125	CO	YUMA	HAY	18,659
20	097	KS	KIOWA	HAY	7,046
39	071	OH	HIGHLAND	HAY	14,344
36	029	NY	ERIE	SOD	(D)
47	185	TN	WHITE	HAY	21,503
19	037	IA	CHICKASAW	HAY	1,066
53	021	WA	FRANKLIN	HAY	45,560
19	139	IA	MUSCATINE	HAY	1,186
18	179	IN	WELLS	HAY	1,201
45	061	SC	LEE	HAY	2,668
29	089	MO	HOWARD	HAY	15,605
13	251	GA	SCREVEN	HAY	2,767
01	117	AL	SHELBY	HAY	4,706
47	075	TN	HAYWOOD	HAY	(D)
31	039	NE	CUMING	HAY	(D)
17	069	IL	HARDIN	HAY	3,380
01	059	AL	FRANKLIN	HAY	320
31	023	NE	BUTLER	HAY	2,960
20	165	KS	RUSH	HAY	9,488
31	147	NE	RICHARDSON	HAY	8,315
21	063	KY	ELLIOTT	HAY	334
16	027	ID	CANYON	GRASSES & LEGUMES TOTALS	8,082
24	037	MD	ST MARYS	GRASSES & LEGUMES TOTALS	(D)
16	027	ID	CANYON	HAY	42,277
28	047	MS	HARRISON	HAY	2,005
19	035	IA	CHEROKEE	HAY	4,145
51	117	VA	MECKLENBURG	HAY	13,313
18	121	IN	PARKE	HAY	8
01	063	AL	GREENE	HAY	(D)
26	149	MI	ST JOSEPH	HAY	1,390
49	039	UT	SANPETE	HAY	27,590
45	003	SC	AIKEN	HAY	1,475
01	121	AL	TALLADEGA	HAY	8,912
13	269	GA	TAYLOR	HAY	5,958
20	035	KS	COWLEY	HAY	269
17	045	IL	EDGAR	HAY	1,955
19	163	IA	SCOTT	HAY	2,598
48	209	TX	HAYS	HAY	3,753
22	105	LA	TANGIPAHOA	HAY	17,942
01	031	AL	COFFEE	HAY	10,739
12	003	FL	BAKER	HAY	1,297
08	021	CO	CONEJOS	HAY	(D)
37	045	NC	CLEVELAND	HAY	327
26	071	MI	IRON	HAY	1,225
18	179	IN	WELLS	HAY	270
48	031	TX	BLANCO	HAY	55
41	003	OR	BENTON	HAY	(D)
26	029	MI	CHARLEVOIX	HAY	2,106
46	095	SD	MELLETTE	HAY	(D)
05	119	AR	PULASKI	HAY	(D)
16	021	ID	BOUNDARY	HAY	212
37	107	NC	LENOIR	HAY	50
27	063	MN	JACKSON	HAY	2,130
48	051	TX	BURLESON	HAY	3,004
30	087	MT	ROSEBUD	HAY	13,505
45	025	SC	CHESTERFIELD	HAY	141
41	051	OR	MULTNOMAH	HAY	553
47	059	TN	GREENE	HAY	57,250
12	023	FL	COLUMBIA	HAY	894
55	025	WI	DANE	HAY	357
33	013	NH	MERRIMACK	HAY	5,699
48	075	TX	CHILDRESS	HAY	1,794
45	031	SC	DARLINGTON	SOD	(D)
29	161	MO	PHELPS	HAY	18,467
48	505	TX	ZAPATA	HAY	351
48	091	TX	COMAL	HAY	2,117
48	379	TX	RAINS	HAY	464
01	007	AL	BIBB	HAY	(D)
17	117	IL	MACOUPIN	HAY	7,483
39	113	OH	MONTGOMERY	HAY	4,125
16	053	ID	JEROME	HAY	28,839
54	029	WV	HANCOCK	HAY	1,882
49	031	UT	PIUTE	HAY	7,817
20	059	KS	FRANKLIN	HAY	1,888
12	059	FL	HOLMES	GRASSES & LEGUMES TOTALS	50
46	021	SD	CAMPBELL	HAY	333
17	059	IL	GALLATIN	HAY	102
33	001	NH	BELKNAP	HAY	(D)
48	187	TX	GUADALUPE	HAY	19,241
47	025	TN	CLAIBORNE	HAY	626
37	051	NC	CUMBERLAND	SOD	1,674
30	063	MT	MISSOULA	HAY	7,981
40	143	OK	TULSA	HAY	110
21	045	KY	CASEY	HAY	6
38	005	ND	BENSON	HAY	15,937
16	007	ID	BEAR LAKE	HAY	21,372
12	001	FL	ALACHUA	SOD	(D)
36	109	NY	TOMPKINS	HAY	17,215
19	139	IA	MUSCATINE	HAY	149
51	005	VA	ALLEGHANY	HAY	5,288
38	093	ND	STUTSMAN	HAY	21,354
28	101	MS	NEWTON	HAY	452
27	153	MN	TODD	HAY	1,622
13	231	GA	PIKE	HAY	4,950
27	017	MN	CARLTON	HAY	202
55	011	WI	BUFFALO	HAY	177
47	103	TN	LINCOLN	SOD	(D)
48	437	TX	SWISHER	HAY	(D)
47	149	TN	RUTHERFORD	SOD	(D)
40	139	OK	TEXAS	HAY	13,520
54	017	WV	DODDRIDGE	HAY	4,705
08	061	CO	KIOWA	HAY	5,923
55	067	WI	LANGLADE	HAY	6,373
48	445	TX	TERRY	HAY	2,262
26	001	MI	ALCONA	HAY	4,484
18	141	IN	ST. JOSEPH	HAY	766
41	001	OR	BAKER	HAY	30,352
36	115	NY	WASHINGTON	HAY	490
48	335	TX	MITCHELL	HAY	2,822
13	115	GA	FLOYD	HAY	6,730
36	091	NY	SARATOGA	HAY	45
27	093	MN	MEEKER	HAY	468
27	163	MN	WASHINGTON	SOD	70
30	101	MT	TOOLE	HAY	102
22	041	LA	FRANKLIN	HAY	940
39	079	OH	JACKSON	HAY	(D)
35	023	NM	HIDALGO	HAY	2,275
25	027	MA	WORCESTER	HAY	(D)
06	027	CA	INYO	HAY	402
13	171	GA	LAMAR	HAY	2,628
21	173	KY	MONTGOMERY	HAY	16,725
06	021	CA	GLENN	HAY	12,461
18	045	IN	FOUNTAIN	HAY	2,587
18	029	IN	DEARBORN	HAY	835
28	139	MS	TIPPAH	HAY	6,467
46	129	SD	WALWORTH	HAY	(D)
47	185	TN	WHITE	HAY	21,975
20	053	KS	ELLSWORTH	HAY	16,676
28	039	MS	GEORGE	HAY	61
39	085	OH	LAKE	HAY	1,066
40	103	OK	NOBLE	HAY	701
40	103	OK	NOBLE	HAY	701
06	077	CA	SAN JOAQUIN	HAY	62,829
46	023	SD	CHARLES MIX	HAY	(D)
20	065	KS	GRAHAM	HAY	7,944
53	047	WA	OKANOGAN	HAY	35,069
06	113	CA	YOLO	HAY	13,448
40	071	OK	KAY	HAY	(D)
18	049	IN	FULTON	HAY	4,242
51	131	VA	NORTHAMPTON	HAY	(D)
26	005	MI	ALLEGAN	HAY	467
40	021	OK	CHEROKEE	HAY	33,560
48	419	TX	SHELBY	HAY	176
42	109	PA	SNYDER	HAY	9,270
51	121	VA	MONTGOMERY	HAY	13,382
37	033	NC	CASWELL	HAY	6,619
42	049	PA	ERIE	HAY	208
37	049	NC	CRAVEN	HAY	265
48	445	TX	TERRY	HAY	7,874
19	091	IA	HUMBOLDT	HAY	684
36	105	NY	SULLIVAN	HAY	13,117
13	181	GA	LINCOLN	HAY	140
19	133	IA	MONONA	HAY	3,672
38	101	ND	WARD	HAY	37,902
30	015	MT	CHOUTEAU	HAY	13,782
45	047	SC	GREENWOOD	HAY	(D)
31	071	NE	GARFIELD	HAY	3,307
46	047	SD	FALL RIVER	HAY	51,687
37	179	NC	UNION	HAY	11,032
48	453	TX	TRAVIS	HAY	152
13	309	GA	WHEELER	HAY	187
49	023	UT	JUAB	HAY	11,925
30	071	MT	PHILLIPS	GRASSES & LEGUMES TOTALS	60
34	037	NJ	SUSSEX	HAY	(D)
17	025	IL	CLAY	HAY	532
18	175	IN	WASHINGTON	HAY	14,806
06	063	CA	PLUMAS	HAY	8,956
40	101	OK	MUSKOGEE	HAY	(D)
48	261	TX	KENEDY	HAY	(D)
30	009	MT	CARBON	HAY	14,821
46	105	SD	PERKINS	HAY	(D)
12	059	FL	HOLMES	HAY	361
08	043	CO	FREMONT	HAY	2,936
39	171	OH	WILLIAMS	HAY	(D)
20	173	KS	SEDGWICK	SOD	(D)
06	105	CA	TRINITY	HAY	(D)
48	163	TX	FRIO	HAY	(D)
12	053	FL	HERNANDO	HAY	23
42	059	PA	GREENE	HAY	18,270
01	021	AL	CHILTON	HAY	9,542
06	071	CA	SAN BERNARDINO	HAY	5,112
19	159	IA	RINGGOLD	HAY	21,047
48	251	TX	JOHNSON	HAY	785
31	095	NE	JEFFERSON	HAY	8,550
01	013	AL	BUTLER	HAY	58
13	155	GA	IRWIN	HAY	1,752
29	199	MO	SCOTLAND	HAY	23,663
30	109	MT	WIBAUX	HAY	9,646
55	101	WI	RACINE	HAY	5,227
49	043	UT	SUMMIT	SOD	(D)
13	057	GA	CHEROKEE	HAY	(D)
21	061	KY	EDMONSON	HAY	(D)
48	391	TX	REFUGIO	HAY	1,817
24	021	MD	FREDERICK	HAY	(D)
20	055	KS	FINNEY	HAY	(D)
41	009	OR	COLUMBIA	HAY	5,944
29	199	MO	SCOTLAND	HAY	20,493
48	471	TX	WALKER	SOD	(D)
37	181	NC	VANCE	HAY	289
08	119	CO	TELLER	HAY	98
19	113	IA	LINN	HAY	8,143
49	037	UT	SAN JUAN	HAY	1,112
55	007	WI	BAYFIELD	HAY	5,620
29	153	MO	OZARK	HAY	(D)
31	089	NE	HOLT	HAY	27,701
47	061	TN	GRUNDY	HAY	4,550
48	039	TX	BRAZORIA	HAY	1,493
33	003	NH	CARROLL	HAY	1,633
31	029	NE	CHASE	HAY	6,944
37	051	NC	CUMBERLAND	GRASSES & LEGUMES TOTALS	88
48	225	TX	HOUSTON	HAY	231
48	221	TX	HOOD	HAY	764
21	041	KY	CARROLL	HAY	6,021
47	103	TN	LINCOLN	HAY	32,498
56	009	WY	CONVERSE	HAY	27,356
42	115	PA	SUSQUEHANNA	HAY	96
48	049	TX	BROWN	HAY	(D)
20	109	KS	LOGAN	HAY	550
37	189	NC	WATAUGA	HAY	3,497
27	121	MN	POPE	HAY	3,036
18	061	IN	HARRISON	HAY	14,268
49	049	UT	UTAH	HAY	7,744
29	163	MO	PIKE	SOD	(D)
23	017	ME	OXFORD	HAY	5,867
46	089	SD	MCPHERSON	HAY	44,168
21	011	KY	BATH	HAY	17,609
18	015	IN	CARROLL	HAY	1,130
01	133	AL	WINSTON	HAY	(D)
21	003	KY	ALLEN	HAY	25,892
31	035	NE	CLAY	HAY	1,311
06	029	CA	KERN	HAY	10,238
21	211	KY	SHELBY	HAY	(D)
29	213	MO	TANEY	HAY	10,115
31	181	NE	WEBSTER	HAY	1,274
37	163	NC	SAMPSON	HAY	2,544
37	119	NC	MECKLENBURG	HAY	(D)
40	039	OK	CUSTER	HAY	790
48	213	TX	HENDERSON	HAY	41,573
18	119	IN	OWEN	HAY	6,989
46	109	SD	ROBERTS	HAY	11,641
31	099	NE	KEARNEY	HAY	2,015
21	107	KY	HOPKINS	HAY	8,321
17	103	IL	LEE	HAY	48
28	027	MS	COAHOMA	HAY	(D)
38	059	ND	MORTON	HAY	84,765
13	151	GA	HENRY	HAY	(D)
27	157	MN	WABASHA	HAY	(D)
20	121	KS	MIAMI	HAY	1,611
39	171	OH	WILLIAMS	HAY	4,464
38	035	ND	GRAND FORKS	HAY	5,761
38	091	ND	STEELE	HAY	1,737
31	053	NE	DODGE	HAY	518
27	025	MN	CHISAGO	HAY	5,549
04	015	AZ	MOHAVE	HAY	15,810
01	071	AL	JACKSON	HAY	30,329
46	127	SD	UNION	HAY	381
48	305	TX	LYNN	HAY	(D)
21	079	KY	GARRARD	HAY	(D)
19	147	IA	PALO ALTO	HAY	2,744
29	019	MO	BOONE	HAY	23,953
21	111	KY	JEFFERSON	GRASSES & LEGUMES TOTALS	(D)
39	037	OH	DARKE	HAY	54
37	065	NC	EDGECOMBE	HAY	34
28	047	MS	HARRISON	HAY	2,005
21	009	KY	BARREN	HAY	54,279
30	067	MT	PARK	HAY	3,195
35	049	NM	SANTA FE	HAY	2,844
36	073	NY	ORLEANS	HAY	5,213
48	467	TX	VAN ZANDT	HAY	60,250
37	015	NC	BERTIE	HAY	(D)
05	149	AR	YELL	HAY	405
45	043	SC	GEORGETOWN	HAY	(D)
20	023	KS	CHEYENNE	HAY	6,390
39	143	OH	SANDUSKY	HAY	747
20	141	KS	OSBORNE	HAY	447
12	075	FL	LEVY	HAY	2,541
06	045	CA	MENDOCINO	HAY	2,005
13	077	GA	COWETA	HAY	70
13	265	GA	TALIAFERRO	HAY	1,141
54	063	WV	MONROE	HAY	1,829
18	091	IN	LA PORTE	HAY	4,196
48	361	TX	ORANGE	HAY	(D)
37	001	NC	ALAMANCE	HAY	11,274
36	103	NY	SUFFOLK	HAY	300
42	131	PA	WYOMING	HAY	14,874
17	131	IL	MERCER	HAY	126
13	273	GA	TERRELL	HAY	(D)
06	097	CA	SONOMA	HAY	(D)
54	081	WV	RALEIGH	HAY	528
08	069	CO	LARIMER	SOD	2,346
37	121	NC	MITCHELL	HAY	1,503
05	021	AR	CLAY	HAY	3,981
26	151	MI	SANILAC	HAY	(D)
08	071	CO	LAS ANIMAS	HAY	18,567
42	007	PA	BEAVER	HAY	52
55	015	WI	CALUMET	HAY	1,537
28	127	MS	SIMPSON	HAY	8,211
54	103	WV	WETZEL	HAY	2,472
29	031	MO	CAPE GIRARDEAU	HAY	1,092
42	095	PA	NORTHAMPTON	HAY	2,686
35	047	NM	SAN MIGUEL	GRASSES & LEGUMES TOTALS	20
38	089	ND	STARK	HAY	82,290
40	027	OK	CLEVELAND	HAY	20,346
51	057	VA	ESSEX	HAY	548
31	025	NE	CASS	GRASSES & LEGUMES TOTALS	(D)
48	437	TX	SWISHER	HAY	(D)
21	051	KY	CLAY	HAY	505
46	109	SD	ROBERTS	HAY	(D)
55	005	WI	BARRON	HAY	21,019
41	017	OR	DESCHUTES	HAY	(D)
49	029	UT	MORGAN	HAY	4,176
13	149	GA	HEARD	HAY	3,609
27	097	MN	MORRISON	HAY	1,007
12	083	FL	MARION	HAY	16,364
25	009	MA	ESSEX	HAY	648
19	097	IA	JACKSON	HAY	(D)
47	099	TN	LAWRENCE	HAY	28,815
20	177	KS	SHAWNEE	HAY	15,094
48	065	TX	CARSON	HAY	13,074
55	081	WI	MONROE	HAY	(D)
47	025	TN	CLAIBORNE	HAY	544
13	143	GA	HARALSON	HAY	225
27	005	MN	BECKER	HAY	23,909
26	073	MI	ISABELLA	HAY	904
29	075	MO	GENTRY	HAY	27,545
17	005	IL	BOND	HAY	(D)
55	137	WI	WAUSHARA	HAY	10,115
27	141	MN	SHERBURNE	HAY	2,330
22	103	LA	SAINT TAMMANY	HAY	5,868
01	049	AL	DE KALB	HAY	34,129
38	063	ND	NELSON	HAY	9,912
21	001	KY	ADAIR	HAY	27,080
16	043	ID	FREMONT	HAY	2,096
48	477	TX	WASHINGTON	HAY	437
53	007	WA	CHELAN	HAY	783
40	017	OK	CANADIAN	HAY	1,238
13	135	GA	GWINNETT	HAY	(D)
27	045	MN	FILLMORE	HAY	23,886
30	041	MT	HILL	HAY	885
27	007	MN	BELTRAMI	HAY	8,375
41	039	OR	LANE	HAY	32,558
22	113	LA	VERMILION	HAY	10,035
29	143	MO	NEW MADRID	HAY	342
31	113	NE	LOGAN	HAY	1,575
19	173	IA	TAYLOR	HAY	5,076
37	117	NC	MARTIN	HAY	(D)
20	157	KS	REPUBLIC	HAY	1,726
12	027	FL	DE SOTO	HAY	(D)
47	103	TN	LINCOLN	HAY	340
01	055	AL	ETOWAH	HAY	13,366
30	021	MT	DAWSON	HAY	7,000
29	217	MO	VERNON	HAY	(D)
30	101	MT	TOOLE	HAY	19,248
28	159	MS	WINSTON	HAY	(D)
27	171	MN	WRIGHT	HAY	165
20	069	KS	GRAY	HAY	2,188
42	085	PA	MERCER	HAY	24
48	491	TX	WILLIAMSON	HAY	25,398
28	093	MS	MARSHALL	HAY	13,209
56	015	WY	GOSHEN	HAY	40,226
42	131	PA	WYOMING	HAY	1,502
05	043	AR	DREW	HAY	6,610
08	065	CO	LAKE	HAY	(D)
47	109	TN	MCNAIRY	HAY	28
38	081	ND	SARGENT	HAY	8,022
40	091	OK	MCINTOSH	HAY	251
27	015	MN	BROWN	HAY	3,289
29	075	MO	GENTRY	HAY	4,000
13	247	GA	ROCKDALE	HAY	1,452
29	023	MO	BUTLER	HAY	270
47	107	TN	MCMINN	HAY	162
27	019	MN	CARVER	HAY	7,996
16	053	ID	JEROME	HAY	29,979
18	047	IN	FRANKLIN	SOD	(D)
48	163	TX	FRIO	HAY	20,738
30	101	MT	TOOLE	HAY	10,571
40	129	OK	ROGER MILLS	HAY	1,589
55	077	WI	MARQUETTE	HAY	8,084
17	121	IL	MARION	HAY	522
17	091	IL	KANKAKEE	HAY	539
55	113	WI	SAWYER	HAY	5,886
48	109	TX	CULBERSON	HAY	2,240
13	011	GA	BANKS	HAY	30
31	101	NE	KEITH	HAY	6,941
29	135	MO	MONITEAU	HAY	32,751
28	151	MS	WASHINGTON	HAY	(D)
08	017	CO	CHEYENNE	HAY	6,629
04	001	AZ	APACHE	HAY	1,313
21	147	KY	MCCREARY	GRASSES & LEGUMES TOTALS	(D)
18	141	IN	ST. JOSEPH	HAY	259
46	119	SD	SULLY	HAY	7,860
22	069	LA	NATCHITOCHES	HAY	20,831
09	007	CT	MIDDLESEX	HAY	50
41	059	OR	UMATILLA	HAY	18,815
40	015	OK	CADDO	HAY	55,489
48	383	TX	REAGAN	HAY	(D)
31	047	NE	DAWSON	HAY	32,886
05	007	AR	BENTON	HAY	56,031
12	085	FL	MARTIN	HAY	8,252
31	007	NE	BANNER	HAY	5,679
17	193	IL	WHITE	HAY	1,391
42	029	PA	CHESTER	HAY	34
21	143	KY	LYON	HAY	63
31	099	NE	KEARNEY	HAY	2,874
13	061	GA	CLAY	HAY	547
42	005	PA	ARMSTRONG	HAY	16,939
12	101	FL	PASCO	HAY	16,338
30	057	MT	MADISON	HAY	14,368
55	025	WI	DANE	HAY	4,337
53	025	WA	GRANT	HAY	150,655
27	135	MN	ROSEAU	HAY	29,365
30	055	MT	MCCONE	HAY	20,626
20	103	KS	LEAVENWORTH	HAY	1,449
20	001	KS	ALLEN	HAY	(D)
19	003	IA	ADAMS	HAY	10,052
31	161	NE	SHERIDAN	HAY	8,738
12	075	FL	LEVY	HAY	177
25	005	MA	BRISTOL	HAY	33
48	373	TX	POLK	HAY	54
41	027	OR	HOOD RIVER	HAY	(D)
40	007	OK	BEAVER	HAY	1,127
19	175	IA	UNION	HAY	7,350
48	121	TX	DENTON	HAY	260
27	013	MN	BLUE EARTH	HAY	1,248
17	015	IL	CARROLL	HAY	(D)
53	049	WA	PACIFIC	HAY	111
13	237	GA	PUTNAM	HAY	(D)
37	105	NC	LEE	HAY	261
04	009	AZ	GRAHAM	HAY	1,765
20	201	KS	WASHINGTON	HAY	21,502
32	023	NV	NYE	HAY	9,540
01	029	AL	CLEBURNE	HAY	5,092
18	089	IN	LAKE	HAY	1,460
12	121	FL	SUWANNEE	HAY	(D)
24	011	MD	CAROLINE	HAY	2,704
12	039	FL	GADSDEN	GRASSES & LEGUMES TOTALS	135
13	175	GA	LAURENS	HAY	6,884
49	001	UT	BEAVER	HAY	17,659
32	003	NV	CLARK	HAY	(D)
27	013	MN	BLUE EARTH	HAY	2,807
39	021	OH	CHAMPAIGN	HAY	(D)
40	131	OK	ROGERS	HAY	(D)
48	083	TX	COLEMAN	HAY	(D)
55	041	WI	FOREST	HAY	4,003
56	015	WY	GOSHEN	HAY	58,726
53	061	WA	SNOHOMISH	HAY	254
55	141	WI	WOOD	HAY	77
48	399	TX	RUNNELS	HAY	8,712
48	023	TX	BAYLOR	HAY	(D)
17	001	IL	ADAMS	HAY	17,765
29	119	MO	MCDONALD	HAY	(D)
51	550	VA	CHESAPEAKE CITY	HAY	884
40	027	OK	CLEVELAND	HAY	1,583
13	281	GA	TOWNS	HAY	1,444
29	183	MO	ST CHARLES	HAY	69
48	213	TX	HENDERSON	HAY	1,011
01	091	AL	MARENGO	HAY	12,960
40	079	OK	LEFLORE	HAY	55,858
08	067	CO	LA PLATA	SOD	129
12	017	FL	CITRUS	HAY	64
21	007	KY	BALLARD	HAY	(D)
19	047	IA	CRAWFORD	HAY	(D)
48	157	TX	FORT BEND	HAY	277
51	003	VA	ALBEMARLE	HAY	(D)
17	203	IL	WOODFORD	HAY	50
48	209	TX	HAYS	HAY	60
12	053	FL	HERNANDO	HAY	(D)
19	073	IA	GREENE	HAY	(D)
48	175	TX	GOLIAD	HAY	170
54	021	WV	GILMER	HAY	(D)
49	045	UT	TOOELE	HAY	2,172
50	005	VT	CALEDONIA	HAY	1,319
12	103	FL	PINELLAS	HAY	81
48	057	TX	CALHOUN	HAY	(D)
01	021	AL	CHILTON	GRASSES & LEGUMES TOTALS	(D)
29	165	MO	PLATTE	HAY	11,461
46	005	SD	BEADLE	HAY	22,848
37	067	NC	FORSYTH	HAY	91
48	175	TX	GOLIAD	HAY	1,944
48	367	TX	PARKER	HAY	33,593
01	063	AL	GREENE	HAY	(D)
20	069	KS	GRAY	HAY	15,556
21	081	KY	GRANT	HAY	18,838
41	027	OR	HOOD RIVER	HAY	(D)
17	089	IL	KANE	HAY	4,913
18	117	IN	ORANGE	HAY	(D)
28	081	MS	LEE	HAY	(D)
38	011	ND	BOWMAN	HAY	95,627
48	407	TX	SAN JACINTO	HAY	8,501
20	081	KS	HASKELL	HAY	2,276
28	041	MS	GREENE	HAY	3,708
20	101	KS	LANE	HAY	2,535
17	131	IL	MERCER	HAY	391
24	047	MD	WORCESTER	HAY	(D)
26	155	MI	SHIAWASSEE	HAY	11,720
48	427	TX	STARR	HAY	(D)
29	083	MO	HENRY	HAY	(D)
30	091	MT	SHERIDAN	HAY	10,930
48	163	TX	FRIO	HAY	(D)
18	039	IN	ELKHART	HAY	12,801
37	059	NC	DAVIE	HAY	166
28	025	MS	CLAY	HAY	60
56	033	WY	SHERIDAN	HAY	33,801
29	065	MO	DENT	HAY	19,628
48	157	TX	FORT BEND	HAY	14,138
27	109	MN	OLMSTED	HAY	11,942
31	085	NE	HAYES	HAY	2,008
48	201	TX	HARRIS	HAY	13,378
37	031	NC	CARTERET	HAY	(D)
34	041	NJ	WARREN	HAY	70
26	037	MI	CLINTON	HAY	1,479
38	011	ND	BOWMAN	HAY	(D)
26	033	MI	CHIPPEWA	HAY	(D)
48	291	TX	LIBERTY	HAY	33,178
05	031	AR	CRAIGHEAD	HAY	6,126
54	099	WV	WAYNE	HAY	181
40	081	OK	LINCOLN	HAY	1,226
42	131	PA	WYOMING	HAY	13,372
48	231	TX	HUNT	HAY	1,587
18	163	IN	VANDERBURGH	HAY	(D)
42	127	PA	WAYNE	HAY	23,996
18	123	IN	PERRY	HAY	7,526
21	229	KY	WASHINGTON	HAY	(D)
53	033	WA	KING	HAY	503
13	025	GA	BRANTLEY	HAY	270
38	057	ND	MERCER	SOD	(D)
35	057	NM	TORRANCE	HAY	4,319
48	297	TX	LIVE OAK	HAY	13,940
48	483	TX	WHEELER	HAY	48,490
40	129	OK	ROGER MILLS	HAY	19,337
30	081	MT	RAVALLI	HAY	16,006
53	005	WA	BENTON	HAY	5,183
35	009	NM	CURRY	HAY	8,334
20	047	KS	EDWARDS	HAY	3,180
39	169	OH	WAYNE	HAY	6,958
05	029	AR	CONWAY	HAY	31,238
48	463	TX	UVALDE	HAY	5,034
39	145	OH	SCIOTO	HAY	1,190
38	043	ND	KIDDER	HAY	61,324
40	009	OK	BECKHAM	HAY	30,303
39	115	OH	MORGAN	HAY	10,280
31	147	NE	RICHARDSON	HAY	3,761
37	045	NC	CLEVELAND	HAY	17,541
17	067	IL	HANCOCK	HAY	(D)
17	085	IL	JO DAVIESS	HAY	(D)
39	109	OH	MIAMI	HAY	(D)
37	133	NC	ONSLOW	HAY	1,900
20	129	KS	MORTON	HAY	1,706
56	045	WY	WESTON	HAY	6,921
31	133	NE	PAWNEE	HAY	9
45	005	SC	ALLENDALE	HAY	1,475
39	157	OH	TUSCARAWAS	HAY	500
51	115	VA	MATHEWS	HAY	86
34	027	NJ	MORRIS	HAY	68
16	067	ID	MINIDOKA	HAY	35,409
51	031	VA	CAMPBELL	HAY	21,810
20	031	KS	COFFEY	HAY	(D)
16	069	ID	NEZ PERCE	HAY	182
53	067	WA	THURSTON	SOD	(D)
25	015	MA	HAMPSHIRE	HAY	5,236
53	001	WA	ADAMS	HAY	2,849
48	217	TX	HILL	HAY	(D)
20	187	KS	STANTON	HAY	3,254
40	095	OK	MARSHALL	HAY	774
19	005	IA	ALLAMAKEE	HAY	2,415
29	205	MO	SHELBY	HAY	12,749
42	087	PA	MIFFLIN	HAY	(D)
13	213	GA	MURRAY	HAY	(D)
12	119	FL	SUMTER	HAY	10,483
20	161	KS	RILEY	HAY	2,668
39	119	OH	MUSKINGUM	HAY	20,989
48	435	TX	SUTTON	HAY	432
37	167	NC	STANLY	HAY	671
34	013	NJ	ESSEX	HAY	(D)
31	135	NE	PERKINS	HAY	8,320
48	259	TX	KENDALL	HAY	236
48	297	TX	LIVE OAK	HAY	1,290
39	023	OH	CLARK	HAY	5,425
40	079	OK	LEFLORE	HAY	699
29	101	MO	JOHNSON	HAY	2,814
29	139	MO	MONTGOMERY	HAY	598
20	077	KS	HARPER	HAY	1,164
13	071	GA	COLQUITT	HAY	3,940
20	209	KS	WYANDOTTE	HAY	664
41	005	OR	CLACKAMAS	HAY	11,823
31	029	NE	CHASE	HAY	4,212
42	115	PA	SUSQUEHANNA	HAY	41,835
48	111	TX	DALLAM	GRASSES & LEGUMES TOTALS	(D)
16	043	ID	FREMONT	HAY	28,409
46	119	SD	SULLY	HAY	3,833
48	177	TX	GONZALES	HAY	1,878
47	177	TN	WARREN	HAY	20,296
29	205	MO	SHELBY	HAY	973
21	035	KY	CALLOWAY	HAY	8,819
56	003	WY	BIG HORN	HAY	25,753
01	019	AL	CHEROKEE	HAY	(D)
49	007	UT	CARBON	HAY	143
27	009	MN	BENTON	HAY	5,912
18	159	IN	TIPTON	HAY	(D)
26	023	MI	BRANCH	HAY	6,237
08	021	CO	CONEJOS	HAY	34,562
54	083	WV	RANDOLPH	GRASSES & LEGUMES TOTALS	(D)
55	141	WI	WOOD	HAY	17,386
01	017	AL	CHAMBERS	HAY	(D)
36	029	NY	ERIE	HAY	10,746
51	137	VA	ORANGE	HAY	901
48	197	TX	HARDEMAN	HAY	10,174
22	059	LA	LA SALLE	HAY	1,948
27	037	MN	DAKOTA	HAY	1,172
48	383	TX	REAGAN	HAY	(D)
53	075	WA	WHITMAN	HAY	21,385
22	087	LA	SAINT BERNARD	HAY	722
51	061	VA	FAUQUIER	HAY	28,272
26	047	MI	EMMET	HAY	5,921
41	031	OR	JEFFERSON	SOD	(D)
21	195	KY	PIKE	HAY	146
31	159	NE	SEWARD	HAY	6,406
37	183	NC	WAKE	GRASSES & LEGUMES TOTALS	(D)
42	069	PA	LACKAWANNA	HAY	3,243
45	069	SC	MARLBORO	HAY	(D)
17	139	IL	MOULTRIE	HAY	1,866
48	327	TX	MENARD	HAY	(D)
31	169	NE	THAYER	HAY	1,065
40	095	OK	MARSHALL	GRASSES & LEGUMES TOTALS	(D)
34	027	NJ	MORRIS	HAY	1,900
29	109	MO	LAWRENCE	SOD	(D)
29	147	MO	NODAWAY	HAY	(D)
20	047	KS	EDWARDS	HAY	2,481
38	077	ND	RICHLAND	HAY	(D)
50	019	VT	ORLEANS	HAY	12,633
06	063	CA	PLUMAS	HAY	10,290
13	165	GA	JENKINS	HAY	110
48	445	TX	TERRY	HAY	17,492
13	321	GA	WORTH	HAY	(D)
32	510	NV	CARSON CITY	HAY	(D)
18	181	IN	WHITE	HAY	793
29	141	MO	MORGAN	HAY	30
27	101	MN	MURRAY	HAY	7,063
37	127	NC	NASH	HAY	555
48	475	TX	WARD	HAY	388
26	107	MI	MECOSTA	HAY	(D)
41	069	OR	WHEELER	HAY	2,428
53	031	WA	JEFFERSON	HAY	719
30	001	MT	BEAVERHEAD	HAY	34,347
30	093	MT	SILVER BOW	HAY	2,794
30	029	MT	FLATHEAD	HAY	9,020
13	185	GA	LOWNDES	HAY	367
29	005	MO	ATCHISON	HAY	78
16	011	ID	BINGHAM	HAY	70,266
48	027	TX	BELL	HAY	879
40	013	OK	BRYAN	HAY	60,452
41	003	OR	BENTON	HAY	5,629
48	353	TX	NOLAN	HAY	188
13	171	GA	LAMAR	HAY	3,795
08	005	CO	ARAPAHOE	HAY	487
34	025	NJ	MONMOUTH	HAY	(D)
37	099	NC	JACKSON	HAY	1,766
13	289	GA	TWIGGS	HAY	(D)
12	086	FL	MIAMI-DADE	HAY	55
48	351	TX	NEWTON	HAY	(D)
18	007	IN	BENTON	HAY	1,848
08	017	CO	CHEYENNE	HAY	(D)
18	089	IN	LAKE	HAY	2,521
29	097	MO	JASPER	HAY	(D)
12	086	FL	MIAMI-DADE	HAY	55
38	053	ND	MCKENZIE	GRASSES & LEGUMES TOTALS	(D)
21	069	KY	FLEMING	HAY	34,189
31	109	NE	LANCASTER	HAY	1,459
48	069	TX	CASTRO	HAY	(D)
13	187	GA	LUMPKIN	HAY	4
23	009	ME	HANCOCK	HAY	1,966
26	149	MI	ST JOSEPH	HAY	8,508
35	005	NM	CHAVES	HAY	24,254
01	003	AL	BALDWIN	HAY	261
29	211	MO	SULLIVAN	HAY	50,145
18	003	IN	ALLEN	HAY	9,046
35	029	NM	LUNA	HAY	(D)
56	003	WY	BIG HORN	HAY	28,951
47	053	TN	GIBSON	HAY	8,982
39	059	OH	GUERNSEY	HAY	32,194
17	009	IL	BROWN	HAY	3,417
21	235	KY	WHITLEY	HAY	57
53	035	WA	KITSAP	HAY	12
27	107	MN	NORMAN	HAY	6,636
29	081	MO	HARRISON	HAY	28,673
20	055	KS	FINNEY	HAY	(D)
53	043	WA	LINCOLN	HAY	7,149
29	131	MO	MILLER	GRASSES & LEGUMES TOTALS	336
01	093	AL	MARION	HAY	11,124
47	047	TN	FAYETTE	HAY	15,583
29	227	MO	WORTH	HAY	10,868
19	097	IA	JACKSON	HAY	27,141
45	059	SC	LAURENS	HAY	308
47	085	TN	HUMPHREYS	HAY	161
41	025	OR	HARNEY	HAY	37,230
40	119	OK	PAYNE	HAY	28,839
45	065	SC	MCCORMICK	HAY	(D)
42	083	PA	MCKEAN	HAY	9,567
06	029	CA	KERN	HAY	42,321
31	161	NE	SHERIDAN	HAY	38,308
55	053	WI	JACKSON	HAY	(D)
31	153	NE	SARPY	HAY	(D)
24	029	MD	KENT	HAY	(D)
24	019	MD	DORCHESTER	SOD	1,500
48	091	TX	COMAL	HAY	131
55	051	WI	IRON	HAY	(D)
18	093	IN	LAWRENCE	HAY	(D)
16	035	ID	CLEARWATER	HAY	5,023
13	243	GA	RANDOLPH	HAY	(D)
20	065	KS	GRAHAM	HAY	303
31	181	NE	WEBSTER	HAY	6,464
26	099	MI	MACOMB	HAY	3,757
56	019	WY	JOHNSON	HAY	24,268
21	137	KY	LINCOLN	SOD	(D)
26	155	MI	SHIAWASSEE	HAY	9,205
06	041	CA	MARIN	HAY	1,126
26	069	MI	IOSCO	HAY	(D)
05	047	AR	FRANKLIN	HAY	44,279
26	139	MI	OTTAWA	HAY	106
39	103	OH	MEDINA	HAY	5,867
39	033	OH	CRAWFORD	HAY	3,674
26	147	MI	ST CLAIR	HAY	(D)
21	013	KY	BELL	HAY	888
31	139	NE	PIERCE	HAY	196
20	171	KS	SCOTT	HAY	(D)
51	043	VA	CLARKE	HAY	10,191
36	023	NY	CORTLAND	HAY	9,638
16	057	ID	LATAH	HAY	(D)
35	061	NM	VALENCIA	GRASSES & LEGUMES TOTALS	78
22	117	LA	WASHINGTON	HAY	345
08	107	CO	ROUTT	GRASSES & LEGUMES TOTALS	122
01	053	AL	ESCAMBIA	HAY	5,329
27	149	MN	STEVENS	HAY	4,215
50	003	VT	BENNINGTON	HAY	1,734
47	119	TN	MAURY	HAY	410
40	141	OK	TILLMAN	HAY	(D)
20	079	KS	HARVEY	HAY	410
40	025	OK	CIMARRON	HAY	18,863
